regime,n,positive_count,negative_count,metric,left_method,right_method,left_estimate,right_estimate,difference,ci_low,ci_high,raw_p_value,valid_bootstrap_replicates,status,holm_p_value
confirmed-only,4057,28,4029,AUROC,S_C3_Q10,Submitted Full ModelRank,0.9785040598517888,0.9896553558132114,-0.011151295961422614,-0.01676241980199364,-0.0056924765696337466,0.00039996000399960006,10000,estimable,0.007199280071992801
confirmed-only,4057,28,4029,AP,S_C3_Q10,Submitted Full ModelRank,0.27380509207953035,0.47883237445478893,-0.20502728237525858,-0.33131685550335166,-0.10804959967405404,0.00019998000199980003,10000,estimable,0.005599440055994401
confirmed-only,4057,28,4029,Top-1% lift,S_C3_Q10,Submitted Full ModelRank,35.3397212543554,67.14547038327527,-31.805749128919864,-47.97634885439764,-13.019897304236203,0.00039996000399960006,10000,estimable,0.009999000099990002
confirmed-only,4057,28,4029,Top-5% lift,S_C3_Q10,Submitted Full ModelRank,16.41643209007741,17.843947923997185,-1.4275158339197738,-4.163587848932677,1.289369140314637,0.44615538446155384,10000,estimable,1.0
confirmed-only,4057,28,4029,Top-10% lift,S_C3_Q10,Submitted Full ModelRank,9.992610837438423,9.992610837438423,0.0,0.0,0.0,1.0,10000,estimable,1.0
confirmed-only,4057,28,4029,AUROC,S_C3_Q10,AllTime DerivCount,0.9785040598517888,0.9064106655320356,0.07209339431975315,0.01445405080326779,0.14170201484894596,0.015198480151984802,10000,estimable,0.16718328167183283
confirmed-only,4057,28,4029,AP,S_C3_Q10,AllTime DerivCount,0.27380509207953035,0.35988524432014435,-0.086080152240614,-0.20543993372464564,0.017647705214618083,0.11758824117588242,10000,estimable,0.7007299270072993
confirmed-only,4057,28,4029,Top-1% lift,S_C3_Q10,AllTime DerivCount,35.3397212543554,45.94163763066202,-10.601916376306619,-23.8847771236333,0.0,0.15978402159784022,10000,estimable,1.0
confirmed-only,4057,28,4029,Top-5% lift,S_C3_Q10,AllTime DerivCount,16.41643209007741,13.56140042223786,2.855031667839551,0.0,6.869919950738916,0.10778922107789221,10000,estimable,1.0
confirmed-only,4057,28,4029,Top-10% lift,S_C3_Q10,AllTime DerivCount,9.992610837438423,8.565095003518648,1.4275158339197755,0.30280638901328594,2.8550316678395493,0.04179582041795821,10000,estimable,0.8693130686931306
confirmed-only,4057,28,4029,AUROC,S_C3_Q10,Current DerivCount,0.9785040598517888,0.6746578378186717,0.30384622203311706,0.2155662342200813,0.38611324930264973,0.00019998000199980003,10000,estimable,0.005599440055994401
confirmed-only,4057,28,4029,AP,S_C3_Q10,Current DerivCount,0.27380509207953035,0.12674403217864255,0.1470610599008878,0.08022173348150076,0.19708372986397563,0.00039996000399960006,10000,estimable,0.007999200079992
confirmed-only,4057,28,4029,Top-1% lift,S_C3_Q10,Current DerivCount,35.3397212543554,28.27177700348432,7.067944250871083,0.0,23.08861788617886,0.7603239676032397,10000,estimable,1.0
confirmed-only,4057,28,4029,Top-5% lift,S_C3_Q10,Current DerivCount,16.41643209007741,7.137579169598874,9.278852920478537,5.710063335679099,13.538375973303669,0.00019998000199980003,10000,estimable,0.005599440055994401
confirmed-only,4057,28,4029,Top-10% lift,S_C3_Q10,Current DerivCount,9.992610837438423,3.925668543279381,6.066942294159043,4.207415089447757,7.872966114345425,0.00019998000199980003,10000,estimable,0.005599440055994401
confirmed-only,4057,28,4029,AUROC,S_C3_Q10,Vanilla PageRank,0.9785040598517888,0.9046333723362763,0.07387068751551251,0.016538443041838838,0.1432370644595879,0.007999200079992,10000,estimable,0.103989601039896
confirmed-only,4057,28,4029,AP,S_C3_Q10,Vanilla PageRank,0.27380509207953035,0.35767204790248264,-0.08386695582295228,-0.18169398050843893,0.014787245963673736,0.10478952104789521,10000,estimable,0.7007299270072993
confirmed-only,4057,28,4029,Top-1% lift,S_C3_Q10,Vanilla PageRank,35.3397212543554,38.87369337979094,-3.5339721254355396,-18.324299909665765,6.184451219512198,0.5491450854914508,10000,estimable,1.0
confirmed-only,4057,28,4029,Top-5% lift,S_C3_Q10,Vanilla PageRank,16.41643209007741,13.56140042223786,2.855031667839551,0.0,6.869919950738916,0.10718928107189281,10000,estimable,1.0
confirmed-only,4057,28,4029,Top-10% lift,S_C3_Q10,Vanilla PageRank,9.992610837438423,8.565095003518648,1.4275158339197755,0.30280638901328594,2.8550316678395493,0.04179582041795821,10000,estimable,0.8693130686931306
confirmed-only,4057,28,4029,AUROC,S_C3_Q10,Temporal Vanilla PageRank,0.9785040598517888,0.893216147218381,0.08528791263340774,0.010254099649572083,0.17863396197672823,0.0081991800819918,10000,estimable,0.103989601039896
confirmed-only,4057,28,4029,AP,S_C3_Q10,Temporal Vanilla PageRank,0.27380509207953035,0.36201880848056806,-0.0882137164010377,-0.1869709799851513,0.011353113863835626,0.08759124087591241,10000,estimable,0.7007299270072993
confirmed-only,4057,28,4029,Top-1% lift,S_C3_Q10,Temporal Vanilla PageRank,35.3397212543554,38.87369337979094,-3.5339721254355396,-18.847851335656213,6.8242220353238,0.591940805919408,10000,estimable,1.0
confirmed-only,4057,28,4029,Top-5% lift,S_C3_Q10,Temporal Vanilla PageRank,16.41643209007741,13.56140042223786,2.855031667839551,0.0,6.837425182414158,0.10738926107389261,10000,estimable,1.0
confirmed-only,4057,28,4029,Top-10% lift,S_C3_Q10,Temporal Vanilla PageRank,9.992610837438423,8.565095003518648,1.4275158339197755,0.30280638901328594,2.8550316678395493,0.0415958404159584,10000,estimable,0.8693130686931306
confirmed-only,4057,28,4029,AUROC,S_C3_Q10,Downloads,0.9785040598517888,0.9870581143849945,-0.00855405453320568,-0.01623672004691551,-0.000547284028313795,0.038196180381961806,10000,estimable,0.3819618038196181
confirmed-only,4057,28,4029,AP,S_C3_Q10,Downloads,0.27380509207953035,0.6864386335401751,-0.41263354146064474,-0.5597690317630909,-0.23360436807365825,0.00039996000399960006,10000,estimable,0.007999200079992
confirmed-only,4057,28,4029,Top-1% lift,S_C3_Q10,Downloads,35.3397212543554,67.14547038327527,-31.805749128919864,-49.47560975609757,-15.22326454033771,0.00039996000399960006,10000,estimable,0.009999000099990002
confirmed-only,4057,28,4029,Top-5% lift,S_C3_Q10,Downloads,16.41643209007741,16.41643209007741,0.0,-3.4457278749787683,3.3308702791461418,1.0,10000,estimable,1.0
confirmed-only,4057,28,4029,Top-10% lift,S_C3_Q10,Downloads,9.992610837438423,9.992610837438423,0.0,0.0,0.0,1.0,10000,estimable,1.0
confirmed-only,4057,28,4029,AUROC,S_C3_Q10,Likes,0.9785040598517888,0.9503022728078573,0.028201787043931503,-0.011767457317555343,0.08679893722297223,0.2753724627537246,10000,estimable,1.0
confirmed-only,4057,28,4029,AP,S_C3_Q10,Likes,0.27380509207953035,0.609370629380257,-0.33556553730072664,-0.48646634880546524,-0.15811063047972723,0.00019998000199980003,10000,estimable,0.005599440055994401
confirmed-only,4057,28,4029,Top-1% lift,S_C3_Q10,Likes,35.3397212543554,63.61149825783972,-28.271777003484317,-49.47560975609757,-13.6484440706476,0.00039996000399960006,10000,estimable,0.009999000099990002
confirmed-only,4057,28,4029,Top-5% lift,S_C3_Q10,Likes,16.41643209007741,17.130190007037296,-0.7137579169598851,-2.2840253342716412,1.7378453630327684,0.9257074292570743,10000,estimable,1.0
confirmed-only,4057,28,4029,Top-10% lift,S_C3_Q10,Likes,9.992610837438423,8.921973961998592,1.0706368754398312,0.0,2.3791930565329578,0.10698930106989302,10000,estimable,1.0
confirmed-only,4057,28,4029,AUROC,Submitted Full ModelRank,AllTime DerivCount,0.9896553558132114,0.9064106655320356,0.08324469028117576,0.022473566633860173,0.1556494880125045,0.00039996000399960006,10000,estimable,0.007199280071992801
confirmed-only,4057,28,4029,AP,Submitted Full ModelRank,AllTime DerivCount,0.47883237445478893,0.35988524432014435,0.11894713013464459,-0.004933834997424875,0.26786083207389255,0.058194180581941805,10000,estimable,0.581941805819418
confirmed-only,4057,28,4029,Top-1% lift,Submitted Full ModelRank,AllTime DerivCount,67.14547038327527,45.94163763066202,21.203832752613245,2.748644986449868,37.533221194280905,0.047995200479952004,10000,estimable,0.6719328067193281
confirmed-only,4057,28,4029,Top-5% lift,Submitted Full ModelRank,AllTime DerivCount,17.843947923997185,13.56140042223786,4.282547501759325,0.9992610837438409,8.17577250335871,0.0235976402359764,10000,estimable,0.42115788421157885
confirmed-only,4057,28,4029,Top-10% lift,Submitted Full ModelRank,AllTime DerivCount,9.992610837438423,8.565095003518648,1.4275158339197755,0.30280638901328594,2.8550316678395493,0.0413958604139586,10000,estimable,0.8693130686931306
confirmed-only,4057,28,4029,AUROC,Submitted Full ModelRank,Current DerivCount,0.9896553558132114,0.6746578378186717,0.3149975179945397,0.22358849985430546,0.400641025535335,0.00019998000199980003,10000,estimable,0.005599440055994401
confirmed-only,4057,28,4029,AP,Submitted Full ModelRank,Current DerivCount,0.47883237445478893,0.12674403217864255,0.3520883422761464,0.23191210071926782,0.4907021276220879,0.00019998000199980003,10000,estimable,0.005599440055994401
confirmed-only,4057,28,4029,Top-1% lift,Submitted Full ModelRank,Current DerivCount,67.14547038327527,28.27177700348432,38.87369337979095,19.029080675422144,54.59377628259042,0.00019998000199980003,10000,estimable,0.005599440055994401
confirmed-only,4057,28,4029,Top-5% lift,Submitted Full ModelRank,Current DerivCount,17.843947923997185,7.137579169598874,10.70636875439831,7.136427947152164,14.695015937409444,0.00019998000199980003,10000,estimable,0.005599440055994401
confirmed-only,4057,28,4029,Top-10% lift,Submitted Full ModelRank,Current DerivCount,9.992610837438423,3.925668543279381,6.066942294159043,4.207415089447757,7.872966114345425,0.00019998000199980003,10000,estimable,0.005599440055994401
confirmed-only,4057,28,4029,AUROC,Submitted Full ModelRank,Vanilla PageRank,0.9896553558132114,0.9046333723362763,0.08502198347693513,0.02436407722613445,0.1567198441008309,0.00019998000199980003,10000,estimable,0.005599440055994401
confirmed-only,4057,28,4029,AP,Submitted Full ModelRank,Vanilla PageRank,0.47883237445478893,0.35767204790248264,0.1211603265523063,-0.001183230360642136,0.2817181423533941,0.05219478052194781,10000,estimable,0.5741425857414258
confirmed-only,4057,28,4029,Top-1% lift,Submitted Full ModelRank,Vanilla PageRank,67.14547038327527,38.87369337979094,28.271777003484324,7.067944250871079,42.87886178861788,0.0103989601039896,10000,estimable,0.1975802419758024
confirmed-only,4057,28,4029,Top-5% lift,Submitted Full ModelRank,Vanilla PageRank,17.843947923997185,13.56140042223786,4.282547501759325,0.9992610837438427,8.17577250335871,0.023397660233976603,10000,estimable,0.42115788421157885
confirmed-only,4057,28,4029,Top-10% lift,Submitted Full ModelRank,Vanilla PageRank,9.992610837438423,8.565095003518648,1.4275158339197755,0.30280638901328594,2.8550316678395493,0.0413958604139586,10000,estimable,0.8693130686931306
confirmed-only,4057,28,4029,AUROC,Submitted Full ModelRank,Temporal Vanilla PageRank,0.9896553558132114,0.893216147218381,0.09643920859483035,0.018945343690373796,0.19184570023203396,0.00019998000199980003,10000,estimable,0.005599440055994401
confirmed-only,4057,28,4029,AP,Submitted Full ModelRank,Temporal Vanilla PageRank,0.47883237445478893,0.36201880848056806,0.11681356597422088,-0.006165612590945404,0.2767657445715284,0.06079392060793921,10000,estimable,0.581941805819418
confirmed-only,4057,28,4029,Top-1% lift,Submitted Full ModelRank,Temporal Vanilla PageRank,67.14547038327527,38.87369337979094,28.271777003484324,6.8242220353238,43.291158536585364,0.0103989601039896,10000,estimable,0.1975802419758024
confirmed-only,4057,28,4029,Top-5% lift,Submitted Full ModelRank,Temporal Vanilla PageRank,17.843947923997185,13.56140042223786,4.282547501759325,0.9980714872155756,8.14296847788226,0.0235976402359764,10000,estimable,0.42115788421157885
confirmed-only,4057,28,4029,Top-10% lift,Submitted Full ModelRank,Temporal Vanilla PageRank,9.992610837438423,8.565095003518648,1.4275158339197755,0.30280638901328594,2.8550316678395493,0.0413958604139586,10000,estimable,0.8693130686931306
confirmed-only,4057,28,4029,AUROC,Submitted Full ModelRank,Downloads,0.9896553558132114,0.9870581143849945,0.0025972414282169343,-0.0018608153580782325,0.007889580501148118,0.28777122287771223,10000,estimable,1.0
confirmed-only,4057,28,4029,AP,Submitted Full ModelRank,Downloads,0.47883237445478893,0.6864386335401751,-0.20760625908538616,-0.34408674970341535,-0.025390440647328635,0.0197980201979802,10000,estimable,0.23757624237576241
confirmed-only,4057,28,4029,Top-1% lift,Submitted Full ModelRank,Downloads,67.14547038327527,67.14547038327527,0.0,-13.6484440706476,9.583904405979437,0.9331066893310669,10000,estimable,1.0
confirmed-only,4057,28,4029,Top-5% lift,Submitted Full ModelRank,Downloads,17.843947923997185,16.41643209007741,1.4275158339197738,0.0,3.526803824978268,0.3581641835816418,10000,estimable,1.0
confirmed-only,4057,28,4029,Top-10% lift,Submitted Full ModelRank,Downloads,9.992610837438423,9.992610837438423,0.0,0.0,0.0,1.0,10000,estimable,1.0
confirmed-only,4057,28,4029,AUROC,Submitted Full ModelRank,Likes,0.9896553558132114,0.9503022728078573,0.03935308300535412,-0.00047482543710028154,0.09865992355144108,0.07179282071792821,10000,estimable,0.6461353864613539
confirmed-only,4057,28,4029,AP,Submitted Full ModelRank,Likes,0.47883237445478893,0.609370629380257,-0.13053825492546806,-0.27177755154289,0.04995484380702013,0.19538046195380462,10000,estimable,0.7815218478152185
confirmed-only,4057,28,4029,Top-1% lift,Submitted Full ModelRank,Likes,67.14547038327527,63.61149825783972,3.5339721254355467,-16.491869918699187,14.135888501742158,1.0,10000,estimable,1.0
confirmed-only,4057,28,4029,Top-5% lift,Submitted Full ModelRank,Likes,17.843947923997185,17.130190007037296,0.7137579169598887,-1.4275158339197738,3.426038001407461,0.640935906409359,10000,estimable,1.0
confirmed-only,4057,28,4029,Top-10% lift,Submitted Full ModelRank,Likes,9.992610837438423,8.921973961998592,1.0706368754398312,0.0,2.3791930565329578,0.10278972102789721,10000,estimable,1.0
confirmed-only,4057,28,4029,AUROC,AllTime DerivCount,Current DerivCount,0.9064106655320356,0.6746578378186717,0.23175282771336392,0.1414281033258574,0.3212063321876399,0.00019998000199980003,10000,estimable,0.005599440055994401
confirmed-only,4057,28,4029,AP,AllTime DerivCount,Current DerivCount,0.35988524432014435,0.12674403217864255,0.2331412121415018,0.11355655338340818,0.35295906295132984,0.00019998000199980003,10000,estimable,0.005599440055994401
confirmed-only,4057,28,4029,Top-1% lift,AllTime DerivCount,Current DerivCount,45.94163763066202,28.27177700348432,17.6698606271777,3.092225609756099,34.63292682926829,0.0395960403959604,10000,estimable,0.593940605939406
confirmed-only,4057,28,4029,Top-5% lift,AllTime DerivCount,Current DerivCount,13.56140042223786,7.137579169598874,6.4238212526389855,3.028063890132855,9.992610837438423,0.00039996000399960006,10000,estimable,0.009599040095990401
confirmed-only,4057,28,4029,Top-10% lift,AllTime DerivCount,Current DerivCount,8.565095003518648,3.925668543279381,4.639426460239267,2.797931034482759,6.533630162940508,0.00019998000199980003,10000,estimable,0.005599440055994401
confirmed-only,4057,28,4029,AUROC,AllTime DerivCount,Vanilla PageRank,0.9064106655320356,0.9046333723362763,0.0017772931957593663,0.0008855469477212358,0.002919680170982544,0.00019998000199980003,10000,estimable,0.005599440055994401
confirmed-only,4057,28,4029,AP,AllTime DerivCount,Vanilla PageRank,0.35988524432014435,0.35767204790248264,0.0022131964176617114,-0.040882982050520524,0.04618350963610167,0.6677332266773323,10000,estimable,1.0
confirmed-only,4057,28,4029,Top-1% lift,AllTime DerivCount,Vanilla PageRank,45.94163763066202,38.87369337979094,7.067944250871079,0.0,15.22326454033771,0.6029397060293971,10000,estimable,1.0
confirmed-only,4057,28,4029,Top-5% lift,AllTime DerivCount,Vanilla PageRank,13.56140042223786,13.56140042223786,0.0,0.0,0.0,1.0,10000,estimable,1.0
confirmed-only,4057,28,4029,Top-10% lift,AllTime DerivCount,Vanilla PageRank,8.565095003518648,8.565095003518648,0.0,0.0,0.0,1.0,10000,estimable,1.0
confirmed-only,4057,28,4029,AUROC,AllTime DerivCount,Temporal Vanilla PageRank,0.9064106655320356,0.893216147218381,0.01319451831365459,-0.02645527889261939,0.05593883512939826,0.47795220477952205,10000,estimable,1.0
confirmed-only,4057,28,4029,AP,AllTime DerivCount,Temporal Vanilla PageRank,0.35988524432014435,0.36201880848056806,-0.0021335641604237066,-0.04558395859633378,0.04207306935985903,0.8049195080491951,10000,estimable,1.0
confirmed-only,4057,28,4029,Top-1% lift,AllTime DerivCount,Temporal Vanilla PageRank,45.94163763066202,38.87369337979094,7.067944250871079,0.0,15.832195121951216,0.6167383261673832,10000,estimable,1.0
confirmed-only,4057,28,4029,Top-5% lift,AllTime DerivCount,Temporal Vanilla PageRank,13.56140042223786,13.56140042223786,0.0,0.0,0.0,1.0,10000,estimable,1.0
confirmed-only,4057,28,4029,Top-10% lift,AllTime DerivCount,Temporal Vanilla PageRank,8.565095003518648,8.565095003518648,0.0,0.0,0.0,1.0,10000,estimable,1.0
confirmed-only,4057,28,4029,AUROC,AllTime DerivCount,Downloads,0.9064106655320356,0.9870581143849945,-0.08064744885295883,-0.15274788399351186,-0.01927072010869567,0.0025997400259974,10000,estimable,0.0363963603639636
confirmed-only,4057,28,4029,AP,AllTime DerivCount,Downloads,0.35988524432014435,0.6864386335401751,-0.32655338922003074,-0.500614218619953,-0.13230505148706403,0.000999900009999,10000,estimable,0.015998400159984
confirmed-only,4057,28,4029,Top-1% lift,AllTime DerivCount,Downloads,45.94163763066202,67.14547038327527,-21.203832752613245,-40.313459801264685,0.0,0.051394860513948606,10000,estimable,0.6719328067193281
confirmed-only,4057,28,4029,Top-5% lift,AllTime DerivCount,Downloads,13.56140042223786,16.41643209007741,-2.855031667839551,-7.091530271730495,0.6446845701573185,0.137986201379862,10000,estimable,1.0
confirmed-only,4057,28,4029,Top-10% lift,AllTime DerivCount,Downloads,8.565095003518648,9.992610837438423,-1.4275158339197755,-2.8550316678395493,-0.30280638901328594,0.0413958604139586,10000,estimable,0.8693130686931306
confirmed-only,4057,28,4029,AUROC,AllTime DerivCount,Likes,0.9064106655320356,0.9503022728078573,-0.04389160727582164,-0.11824099879752938,0.026897516571495354,0.20737926207379262,10000,estimable,1.0
confirmed-only,4057,28,4029,AP,AllTime DerivCount,Likes,0.35988524432014435,0.609370629380257,-0.24948538506011264,-0.4060847687627461,-0.08189999155976796,0.0027997200279972004,10000,estimable,0.036396360363963605
confirmed-only,4057,28,4029,Top-1% lift,AllTime DerivCount,Likes,45.94163763066202,63.61149825783972,-17.669860627177698,-37.106707317073166,-6.383949645948071,0.0057994200579942,10000,estimable,0.115988401159884
confirmed-only,4057,28,4029,Top-5% lift,AllTime DerivCount,Likes,13.56140042223786,17.130190007037296,-3.568789584799436,-6.6617405582922835,-0.8689226815163842,0.012398760123987601,10000,estimable,0.26037396260373963
confirmed-only,4057,28,4029,Top-10% lift,AllTime DerivCount,Likes,8.565095003518648,8.921973961998592,-0.35687895847994433,-1.9340537104719528,1.2490763546798025,0.8347165283471653,10000,estimable,1.0
confirmed-only,4057,28,4029,AUROC,Current DerivCount,Vanilla PageRank,0.6746578378186717,0.9046333723362763,-0.22997553451760455,-0.31876900980060824,-0.14011436671647476,0.00019998000199980003,10000,estimable,0.005599440055994401
confirmed-only,4057,28,4029,AP,Current DerivCount,Vanilla PageRank,0.12674403217864255,0.35767204790248264,-0.23092801572384009,-0.3318362740206501,-0.10875867379929383,0.00019998000199980003,10000,estimable,0.005599440055994401
confirmed-only,4057,28,4029,Top-1% lift,Current DerivCount,Vanilla PageRank,28.27177700348432,38.87369337979094,-10.601916376306622,-28.863286362284356,2.4753662445278093,0.1827817218278172,10000,estimable,1.0
confirmed-only,4057,28,4029,Top-5% lift,Current DerivCount,Vanilla PageRank,7.137579169598874,13.56140042223786,-6.4238212526389855,-9.992610837438423,-3.028063890132855,0.00039996000399960006,10000,estimable,0.009599040095990401
confirmed-only,4057,28,4029,Top-10% lift,Current DerivCount,Vanilla PageRank,3.925668543279381,8.565095003518648,-4.639426460239267,-6.533630162940508,-2.797931034482759,0.00019998000199980003,10000,estimable,0.005599440055994401
confirmed-only,4057,28,4029,AUROC,Current DerivCount,Temporal Vanilla PageRank,0.6746578378186717,0.893216147218381,-0.21855830939970933,-0.3183246920944082,-0.11335734490899828,0.00019998000199980003,10000,estimable,0.005599440055994401
confirmed-only,4057,28,4029,AP,Current DerivCount,Temporal Vanilla PageRank,0.12674403217864255,0.36201880848056806,-0.2352747763019255,-0.3376782937216465,-0.11200507557488353,0.00019998000199980003,10000,estimable,0.005599440055994401
confirmed-only,4057,28,4029,Top-1% lift,Current DerivCount,Temporal Vanilla PageRank,28.27177700348432,38.87369337979094,-10.601916376306622,-28.86077235772358,3.4121110176619,0.206979302069793,10000,estimable,1.0
confirmed-only,4057,28,4029,Top-5% lift,Current DerivCount,Temporal Vanilla PageRank,7.137579169598874,13.56140042223786,-6.4238212526389855,-9.992610837438423,-3.028063890132855,0.00039996000399960006,10000,estimable,0.009599040095990401
confirmed-only,4057,28,4029,Top-10% lift,Current DerivCount,Temporal Vanilla PageRank,3.925668543279381,8.565095003518648,-4.639426460239267,-6.533630162940508,-2.797931034482759,0.00019998000199980003,10000,estimable,0.005599440055994401
confirmed-only,4057,28,4029,AUROC,Current DerivCount,Downloads,0.6746578378186717,0.9870581143849945,-0.31240027656632274,-0.3974765249882344,-0.22149007455206496,0.00019998000199980003,10000,estimable,0.005599440055994401
confirmed-only,4057,28,4029,AP,Current DerivCount,Downloads,0.12674403217864255,0.6864386335401751,-0.5596946013615325,-0.6940183202986332,-0.3704904554065796,0.00019998000199980003,10000,estimable,0.005599440055994401
confirmed-only,4057,28,4029,Top-1% lift,Current DerivCount,Downloads,28.27177700348432,67.14547038327527,-38.87369337979095,-58.00588730025231,-19.790243902439023,0.00019998000199980003,10000,estimable,0.005599440055994401
confirmed-only,4057,28,4029,Top-5% lift,Current DerivCount,Downloads,7.137579169598874,16.41643209007741,-9.278852920478537,-13.538375973303669,-5.802161131415858,0.00019998000199980003,10000,estimable,0.005599440055994401
confirmed-only,4057,28,4029,Top-10% lift,Current DerivCount,Downloads,3.925668543279381,9.992610837438423,-6.066942294159043,-7.872966114345425,-4.207415089447757,0.00019998000199980003,10000,estimable,0.005599440055994401
confirmed-only,4057,28,4029,AUROC,Current DerivCount,Likes,0.6746578378186717,0.9503022728078573,-0.27564443498918556,-0.36627310258619766,-0.1797544765925693,0.00019998000199980003,10000,estimable,0.005599440055994401
confirmed-only,4057,28,4029,AP,Current DerivCount,Likes,0.12674403217864255,0.609370629380257,-0.48262659720161444,-0.6266081916928847,-0.28780793076372335,0.00019998000199980003,10000,estimable,0.005599440055994401
confirmed-only,4057,28,4029,Top-1% lift,Current DerivCount,Likes,28.27177700348432,63.61149825783972,-35.339721254355396,-57.28754813863928,-19.02908067542214,0.00019998000199980003,10000,estimable,0.005599440055994401
confirmed-only,4057,28,4029,Top-5% lift,Current DerivCount,Likes,7.137579169598874,17.130190007037296,-9.992610837438422,-13.70504420302604,-6.149298976885184,0.00019998000199980003,10000,estimable,0.005599440055994401
confirmed-only,4057,28,4029,Top-10% lift,Current DerivCount,Likes,3.925668543279381,8.921973961998592,-4.996305418719212,-6.891455749957533,-3.122152491719049,0.00019998000199980003,10000,estimable,0.005599440055994401
confirmed-only,4057,28,4029,AUROC,Vanilla PageRank,Temporal Vanilla PageRank,0.9046333723362763,0.893216147218381,0.011417225117895224,-0.028110553350593145,0.054305281021374836,0.6023397660233977,10000,estimable,1.0
confirmed-only,4057,28,4029,AP,Vanilla PageRank,Temporal Vanilla PageRank,0.35767204790248264,0.36201880848056806,-0.004346760578085418,-0.010584776991122001,0.001164102471522706,0.0973902609739026,10000,estimable,0.7007299270072993
confirmed-only,4057,28,4029,Top-1% lift,Vanilla PageRank,Temporal Vanilla PageRank,38.87369337979094,38.87369337979094,0.0,-3.8058161350844273,4.711962833914054,1.0,10000,estimable,1.0
confirmed-only,4057,28,4029,Top-5% lift,Vanilla PageRank,Temporal Vanilla PageRank,13.56140042223786,13.56140042223786,0.0,0.0,0.0,1.0,10000,estimable,1.0
confirmed-only,4057,28,4029,Top-10% lift,Vanilla PageRank,Temporal Vanilla PageRank,8.565095003518648,8.565095003518648,0.0,0.0,0.0,1.0,10000,estimable,1.0
confirmed-only,4057,28,4029,AUROC,Vanilla PageRank,Downloads,0.9046333723362763,0.9870581143849945,-0.08242474204871819,-0.15432385242840027,-0.021219276595376608,0.0011998800119988001,10000,estimable,0.019198080191980802
confirmed-only,4057,28,4029,AP,Vanilla PageRank,Downloads,0.35767204790248264,0.6864386335401751,-0.32876658563769245,-0.5043433747018344,-0.14653100560384483,0.0007999200079992001,10000,estimable,0.014398560143985602
confirmed-only,4057,28,4029,Top-1% lift,Vanilla PageRank,Downloads,38.87369337979094,67.14547038327527,-28.271777003484324,-45.35264227642276,-7.916097560975608,0.0103989601039896,10000,estimable,0.1975802419758024
confirmed-only,4057,28,4029,Top-5% lift,Vanilla PageRank,Downloads,13.56140042223786,16.41643209007741,-2.855031667839551,-7.091530271730495,0.6446845701573185,0.13758624137586242,10000,estimable,1.0
confirmed-only,4057,28,4029,Top-10% lift,Vanilla PageRank,Downloads,8.565095003518648,9.992610837438423,-1.4275158339197755,-2.8550316678395493,-0.30280638901328594,0.0413958604139586,10000,estimable,0.8693130686931306
confirmed-only,4057,28,4029,AUROC,Vanilla PageRank,Likes,0.9046333723362763,0.9503022728078573,-0.04566890047158101,-0.11981816545833657,0.024875948036809706,0.19718028197180282,10000,estimable,1.0
confirmed-only,4057,28,4029,AP,Vanilla PageRank,Likes,0.35767204790248264,0.609370629380257,-0.25169858147777435,-0.41133885147142196,-0.09711616390574686,0.0011998800119988001,10000,estimable,0.017998200179982
confirmed-only,4057,28,4029,Top-1% lift,Vanilla PageRank,Likes,38.87369337979094,63.61149825783972,-24.737804878048777,-42.40766550522649,-10.41591784338896,0.000999900009999,10000,estimable,0.021997800219978002
confirmed-only,4057,28,4029,Top-5% lift,Vanilla PageRank,Likes,13.56140042223786,17.130190007037296,-3.568789584799436,-6.6617405582922835,-0.8689226815163842,0.012398760123987601,10000,estimable,0.26037396260373963
confirmed-only,4057,28,4029,Top-10% lift,Vanilla PageRank,Likes,8.565095003518648,8.921973961998592,-0.35687895847994433,-1.9340537104719528,1.2490763546798025,0.8347165283471653,10000,estimable,1.0
confirmed-only,4057,28,4029,AUROC,Temporal Vanilla PageRank,Downloads,0.893216147218381,0.9870581143849945,-0.09384196716661342,-0.18782328921509994,-0.017001573927319234,0.0011998800119988001,10000,estimable,0.019198080191980802
confirmed-only,4057,28,4029,AP,Temporal Vanilla PageRank,Downloads,0.36201880848056806,0.6864386335401751,-0.32441982505960704,-0.49960627883817627,-0.14075241225614438,0.0007999200079992001,10000,estimable,0.014398560143985602
confirmed-only,4057,28,4029,Top-1% lift,Temporal Vanilla PageRank,Downloads,38.87369337979094,67.14547038327527,-28.271777003484324,-45.66979362101314,-7.611632270168855,0.0115988401159884,10000,estimable,0.1975802419758024
confirmed-only,4057,28,4029,Top-5% lift,Temporal Vanilla PageRank,Downloads,13.56140042223786,16.41643209007741,-2.855031667839551,-7.091530271730495,0.6446845701573185,0.13858614138586142,10000,estimable,1.0
confirmed-only,4057,28,4029,Top-10% lift,Temporal Vanilla PageRank,Downloads,8.565095003518648,9.992610837438423,-1.4275158339197755,-2.8550316678395493,-0.30280638901328594,0.0413958604139586,10000,estimable,0.8693130686931306
confirmed-only,4057,28,4029,AUROC,Temporal Vanilla PageRank,Likes,0.893216147218381,0.9503022728078573,-0.05708612558947623,-0.15496597084904384,0.02533833649732016,0.19978002199780023,10000,estimable,1.0
confirmed-only,4057,28,4029,AP,Temporal Vanilla PageRank,Likes,0.36201880848056806,0.609370629380257,-0.24735182089968893,-0.40660744564135715,-0.0931663940317368,0.0017998200179982,10000,estimable,0.0251974802519748
confirmed-only,4057,28,4029,Top-1% lift,Temporal Vanilla PageRank,Likes,38.87369337979094,63.61149825783972,-24.737804878048777,-43.022269353128316,-10.41591784338896,0.0011998800119988001,10000,estimable,0.025197480251974803
confirmed-only,4057,28,4029,Top-5% lift,Temporal Vanilla PageRank,Likes,13.56140042223786,17.130190007037296,-3.568789584799436,-6.6617405582922835,-0.8689226815163842,0.012798720127987202,10000,estimable,0.26037396260373963
confirmed-only,4057,28,4029,Top-10% lift,Temporal Vanilla PageRank,Likes,8.565095003518648,8.921973961998592,-0.35687895847994433,-1.9340537104719528,1.2490763546798025,0.8347165283471653,10000,estimable,1.0
confirmed-only,4057,28,4029,AUROC,Downloads,Likes,0.9870581143849945,0.9503022728078573,0.03675584157713718,-0.005985566616623347,0.0982774102903718,0.2191780821917808,10000,estimable,1.0
confirmed-only,4057,28,4029,AP,Downloads,Likes,0.6864386335401751,0.609370629380257,0.0770680041599181,-0.10453302230224186,0.2538808478055201,0.401959804019598,10000,estimable,1.0
confirmed-only,4057,28,4029,Top-1% lift,Downloads,Likes,67.14547038327527,63.61149825783972,3.5339721254355467,-17.20890774125133,18.847851335656216,1.0,10000,estimable,1.0
confirmed-only,4057,28,4029,Top-5% lift,Downloads,Likes,16.41643209007741,17.130190007037296,-0.7137579169598851,-3.5268038249782663,2.7252575011195717,1.0,10000,estimable,1.0
confirmed-only,4057,28,4029,Top-10% lift,Downloads,Likes,9.992610837438423,8.921973961998592,1.0706368754398312,0.0,2.3791930565329578,0.10278972102789721,10000,estimable,1.0
undecidable-negative,4088,28,4060,AUROC,S_C3_Q10,Submitted Full ModelRank,0.9764426460239268,0.9884412385643913,-0.011998592540464426,-0.017857869126143608,-0.006037340562793795,0.00019998000199980003,10000,estimable,0.005599440055994401
undecidable-negative,4088,28,4060,AP,S_C3_Q10,Submitted Full ModelRank,0.2648768096414744,0.4577317103887361,-0.1928549007472617,-0.31681636361498133,-0.09920537993119989,0.00039996000399960006,10000,estimable,0.008399160083991601
undecidable-negative,4088,28,4060,Top-1% lift,S_C3_Q10,Submitted Full ModelRank,35.609756097560975,64.09756097560977,-28.48780487804879,-46.5352743902439,-10.779169413315756,0.00039996000399960006,10000,estimable,0.010798920107989201
undecidable-negative,4088,28,4060,Top-5% lift,S_C3_Q10,Submitted Full ModelRank,16.38048780487805,17.804878048780488,-1.4243902439024367,-4.431436314363145,1.208573540280856,0.4353564643535646,10000,estimable,1.0
undecidable-negative,4088,28,4060,Top-10% lift,S_C3_Q10,Submitted Full ModelRank,9.995110024449877,9.995110024449877,0.0,-0.624694376528117,0.0,1.0,10000,estimable,1.0
undecidable-negative,4088,28,4060,AUROC,S_C3_Q10,AllTime DerivCount,0.9764426460239268,0.9049832864180155,0.07145935960591132,0.014476709231121284,0.14191034911531702,0.013398660133986601,10000,estimable,0.1473852614738526
undecidable-negative,4088,28,4060,AP,S_C3_Q10,AllTime DerivCount,0.2648768096414744,0.3469347465562709,-0.08205793691479646,-0.19555114411765356,0.019282864347138374,0.12858714128587143,10000,estimable,0.853914608539146
undecidable-negative,4088,28,4060,Top-1% lift,S_C3_Q10,AllTime DerivCount,35.609756097560975,46.29268292682927,-10.682926829268297,-22.15718157181572,3.692863595302626,0.31016898310168983,10000,estimable,1.0
undecidable-negative,4088,28,4060,Top-5% lift,S_C3_Q10,AllTime DerivCount,16.38048780487805,13.531707317073172,2.848780487804879,-0.6231707317073152,6.345011086474502,0.14078592140785923,10000,estimable,1.0
undecidable-negative,4088,28,4060,Top-10% lift,S_C3_Q10,AllTime DerivCount,9.995110024449877,8.567237163814182,1.427872860635695,0.285574572127139,2.8111246943765273,0.04559544045595441,10000,estimable,0.8147185281471853
undecidable-negative,4088,28,4060,AUROC,S_C3_Q10,Current DerivCount,0.9764426460239268,0.6745909570724842,0.30185168895144265,0.21392326843187617,0.3840724993609432,0.00019998000199980003,10000,estimable,0.005599440055994401
undecidable-negative,4088,28,4060,AP,S_C3_Q10,Current DerivCount,0.2648768096414744,0.1260202562263738,0.13885655341510061,0.07429167442917968,0.1868196938596718,0.00019998000199980003,10000,estimable,0.005599440055994401
undecidable-negative,4088,28,4060,Top-1% lift,S_C3_Q10,Current DerivCount,35.609756097560975,28.487804878048784,7.121951219512191,0.0,24.067283431455003,0.6715328467153284,10000,estimable,1.0
undecidable-negative,4088,28,4060,Top-5% lift,S_C3_Q10,Current DerivCount,16.38048780487805,7.121951219512196,9.258536585365855,5.501093355761142,13.038649155722325,0.00019998000199980003,10000,estimable,0.005599440055994401
undecidable-negative,4088,28,4060,Top-10% lift,S_C3_Q10,Current DerivCount,9.995110024449877,3.9266503667481665,6.068459657701711,4.100557958748668,7.853300733496332,0.00019998000199980003,10000,estimable,0.005599440055994401
undecidable-negative,4088,28,4060,AUROC,S_C3_Q10,Vanilla PageRank,0.9764426460239268,0.9032063687543983,0.07323627726952853,0.016646778863907537,0.14337186598936796,0.007999200079992,10000,estimable,0.103989601039896
undecidable-negative,4088,28,4060,AP,S_C3_Q10,Vanilla PageRank,0.2648768096414744,0.34828659379474425,-0.08340978415326983,-0.17942953636203726,0.012556081384040647,0.10058994100589941,10000,estimable,0.853914608539146
undecidable-negative,4088,28,4060,Top-1% lift,S_C3_Q10,Vanilla PageRank,35.609756097560975,39.170731707317074,-3.560975609756099,-16.617886178861788,7.385727190605241,0.708929107089291,10000,estimable,1.0
undecidable-negative,4088,28,4060,Top-5% lift,S_C3_Q10,Vanilla PageRank,16.38048780487805,13.531707317073172,2.848780487804879,-0.5865136298421803,6.345011086474502,0.13658634136586342,10000,estimable,1.0
undecidable-negative,4088,28,4060,Top-10% lift,S_C3_Q10,Vanilla PageRank,9.995110024449877,8.567237163814182,1.427872860635695,0.285574572127139,2.8111246943765273,0.04559544045595441,10000,estimable,0.8147185281471853
undecidable-negative,4088,28,4060,AUROC,S_C3_Q10,Temporal Vanilla PageRank,0.9764426460239268,0.8919071076706545,0.08453553835327232,0.010414938454027465,0.1765798025489503,0.007999200079992,10000,estimable,0.103989601039896
undecidable-negative,4088,28,4060,AP,S_C3_Q10,Temporal Vanilla PageRank,0.2648768096414744,0.35205919678027825,-0.08718238713880383,-0.18401160647567266,0.00931471180209841,0.08439156084391561,10000,estimable,0.853914608539146
undecidable-negative,4088,28,4060,Top-1% lift,S_C3_Q10,Temporal Vanilla PageRank,35.609756097560975,39.170731707317074,-3.560975609756099,-16.61788617886179,7.6697936210131274,0.7191280871912809,10000,estimable,1.0
undecidable-negative,4088,28,4060,Top-5% lift,S_C3_Q10,Temporal Vanilla PageRank,16.38048780487805,13.531707317073172,2.848780487804879,-0.5697560975609761,6.345011086474502,0.1377862213778622,10000,estimable,1.0
undecidable-negative,4088,28,4060,Top-10% lift,S_C3_Q10,Temporal Vanilla PageRank,9.995110024449877,8.567237163814182,1.427872860635695,0.285574572127139,2.8111246943765273,0.04559544045595441,10000,estimable,0.8147185281471853
undecidable-negative,4088,28,4060,AUROC,S_C3_Q10,Downloads,0.9764426460239268,0.9861321252638987,-0.009689479239971877,-0.017890630067053673,-0.0011834644790927596,0.026797320267973202,10000,estimable,0.267973202679732
undecidable-negative,4088,28,4060,AP,S_C3_Q10,Downloads,0.2648768096414744,0.6620258457061161,-0.3971490360646417,-0.5511984382335844,-0.21248723955890192,0.00019998000199980003,10000,estimable,0.005599440055994401
undecidable-negative,4088,28,4060,Top-1% lift,S_C3_Q10,Downloads,35.609756097560975,67.65853658536587,-32.04878048780489,-49.853658536585364,-13.294308943089433,0.0007999200079992001,10000,estimable,0.019998000199980003
undecidable-negative,4088,28,4060,Top-5% lift,S_C3_Q10,Downloads,16.38048780487805,16.38048780487805,0.0,-3.560975609756097,3.438183347350714,1.0,10000,estimable,1.0
undecidable-negative,4088,28,4060,Top-10% lift,S_C3_Q10,Downloads,9.995110024449877,9.995110024449877,0.0,-0.624694376528117,0.0,1.0,10000,estimable,1.0
undecidable-negative,4088,28,4060,AUROC,S_C3_Q10,Likes,0.9764426460239268,0.9482582688247713,0.028184377199155564,-0.0119327710245584,0.0871125589700387,0.2763723627637236,10000,estimable,1.0
undecidable-negative,4088,28,4060,AP,S_C3_Q10,Likes,0.2648768096414744,0.5026426125293122,-0.23776580288783777,-0.3990050909961857,-0.05218821437318677,0.015798420157984203,10000,estimable,0.25277472252774724
undecidable-negative,4088,28,4060,Top-1% lift,S_C3_Q10,Likes,35.609756097560975,56.97560975609757,-21.365853658536594,-41.982028241335044,-4.154471544715449,0.022397760223977603,10000,estimable,0.42555744425557446
undecidable-negative,4088,28,4060,Top-5% lift,S_C3_Q10,Likes,16.38048780487805,17.09268292682927,-0.7121951219512184,-2.6010604453870627,0.6647154471544745,0.7677232276772322,10000,estimable,1.0
undecidable-negative,4088,28,4060,Top-10% lift,S_C3_Q10,Likes,9.995110024449877,8.924205378973106,1.0709046454767712,0.0,2.3517905939882056,0.142985701429857,10000,estimable,1.0
undecidable-negative,4088,28,4060,AUROC,Submitted Full ModelRank,AllTime DerivCount,0.9884412385643913,0.9049832864180155,0.08345795214637575,0.023373128601798417,0.1561984018542606,0.0005999400059994001,10000,estimable,0.010198980101989802
undecidable-negative,4088,28,4060,AP,Submitted Full ModelRank,AllTime DerivCount,0.4577317103887361,0.3469347465562709,0.11079696383246523,-0.006007272789053306,0.2565752346937518,0.06259374062593741,10000,estimable,0.853914608539146
undecidable-negative,4088,28,4060,Top-1% lift,Submitted Full ModelRank,AllTime DerivCount,64.09756097560977,46.29268292682927,17.804878048780495,0.0,37.983739837398375,0.053394660533946606,10000,estimable,0.8009199080091991
undecidable-negative,4088,28,4060,Top-5% lift,Submitted Full ModelRank,AllTime DerivCount,17.804878048780488,13.531707317073172,4.2731707317073155,0.7121951219512219,7.9765853658536585,0.0327967203279672,10000,estimable,0.5687431256874314
undecidable-negative,4088,28,4060,Top-10% lift,Submitted Full ModelRank,AllTime DerivCount,9.995110024449877,8.567237163814182,1.427872860635695,0.3123471882640576,2.8557457212713935,0.0387961203879612,10000,estimable,0.8147185281471853
undecidable-negative,4088,28,4060,AUROC,Submitted Full ModelRank,Current DerivCount,0.9884412385643913,0.6745909570724842,0.3138502814919071,0.22278901323864447,0.39906097886058334,0.00019998000199980003,10000,estimable,0.005599440055994401
undecidable-negative,4088,28,4060,AP,Submitted Full ModelRank,Current DerivCount,0.4577317103887361,0.1260202562263738,0.3317114541623623,0.21415495136839283,0.4653179802359404,0.00019998000199980003,10000,estimable,0.005599440055994401
undecidable-negative,4088,28,4060,Top-1% lift,Submitted Full ModelRank,Current DerivCount,64.09756097560977,28.487804878048784,35.60975609756098,18.361173999299808,53.68855534709193,0.00019998000199980003,10000,estimable,0.005599440055994401
undecidable-negative,4088,28,4060,Top-5% lift,Submitted Full ModelRank,Current DerivCount,17.804878048780488,7.121951219512196,10.682926829268292,6.902814258911819,14.440370058873,0.00019998000199980003,10000,estimable,0.005599440055994401
undecidable-negative,4088,28,4060,Top-10% lift,Submitted Full ModelRank,Current DerivCount,9.995110024449877,3.9266503667481665,6.068459657701711,4.1359075963240866,7.912795436022819,0.00019998000199980003,10000,estimable,0.005599440055994401
undecidable-negative,4088,28,4060,AUROC,Submitted Full ModelRank,Vanilla PageRank,0.9884412385643913,0.9032063687543983,0.08523486980999295,0.0253319463768495,0.15766676436356836,0.00019998000199980003,10000,estimable,0.005599440055994401
undecidable-negative,4088,28,4060,AP,Submitted Full ModelRank,Vanilla PageRank,0.4577317103887361,0.34828659379474425,0.10944511659399186,-0.008575071767260146,0.2690364786858513,0.0665933406659334,10000,estimable,0.853914608539146
undecidable-negative,4088,28,4060,Top-1% lift,Submitted Full ModelRank,Vanilla PageRank,64.09756097560977,39.170731707317074,24.926829268292693,6.04286770140429,42.300073909830004,0.014198580141985802,10000,estimable,0.29817018298170184
undecidable-negative,4088,28,4060,Top-5% lift,Submitted Full ModelRank,Vanilla PageRank,17.804878048780488,13.531707317073172,4.2731707317073155,0.7385727190605244,7.9765853658536585,0.031596840315968405,10000,estimable,0.5687431256874314
undecidable-negative,4088,28,4060,Top-10% lift,Submitted Full ModelRank,Vanilla PageRank,9.995110024449877,8.567237163814182,1.427872860635695,0.3123471882640576,2.8557457212713935,0.0387961203879612,10000,estimable,0.8147185281471853
undecidable-negative,4088,28,4060,AUROC,Submitted Full ModelRank,Temporal Vanilla PageRank,0.9884412385643913,0.8919071076706545,0.09653413089373675,0.01983276800557774,0.19051189423170106,0.00019998000199980003,10000,estimable,0.005599440055994401
undecidable-negative,4088,28,4060,AP,Submitted Full ModelRank,Temporal Vanilla PageRank,0.4577317103887361,0.35205919678027825,0.10567251360845786,-0.012062761761613049,0.26519177911566943,0.073992600739926,10000,estimable,0.853914608539146
undecidable-negative,4088,28,4060,Top-1% lift,Submitted Full ModelRank,Temporal Vanilla PageRank,64.09756097560977,39.170731707317074,24.926829268292693,5.247753530166882,42.73170731707317,0.017198280171982803,10000,estimable,0.34396560343965604
undecidable-negative,4088,28,4060,Top-5% lift,Submitted Full ModelRank,Temporal Vanilla PageRank,17.804878048780488,13.531707317073172,4.2731707317073155,0.7385727190605209,7.9765853658536585,0.0321967803219678,10000,estimable,0.5687431256874314
undecidable-negative,4088,28,4060,Top-10% lift,Submitted Full ModelRank,Temporal Vanilla PageRank,9.995110024449877,8.567237163814182,1.427872860635695,0.3123471882640576,2.8557457212713935,0.0387961203879612,10000,estimable,0.8147185281471853
undecidable-negative,4088,28,4060,AUROC,Submitted Full ModelRank,Downloads,0.9884412385643913,0.9861321252638987,0.002309113300492549,-0.002328302621812983,0.007936003150574774,0.38216178382161786,10000,estimable,1.0
undecidable-negative,4088,28,4060,AP,Submitted Full ModelRank,Downloads,0.4577317103887361,0.6620258457061161,-0.20429413531738,-0.33749807322878406,-0.024638298869890798,0.021997800219978002,10000,estimable,0.32996700329967005
undecidable-negative,4088,28,4060,Top-1% lift,Submitted Full ModelRank,Downloads,64.09756097560977,67.65853658536587,-3.560975609756099,-15.953170731707317,8.804369375244464,0.8367163283671633,10000,estimable,1.0
undecidable-negative,4088,28,4060,Top-5% lift,Submitted Full ModelRank,Downloads,17.804878048780488,16.38048780487805,1.4243902439024367,0.0,3.798373983739838,0.3107689231076892,10000,estimable,1.0
undecidable-negative,4088,28,4060,Top-10% lift,Submitted Full ModelRank,Downloads,9.995110024449877,9.995110024449877,0.0,0.0,0.0,1.0,10000,estimable,1.0
undecidable-negative,4088,28,4060,AUROC,Submitted Full ModelRank,Likes,0.9884412385643913,0.9482582688247713,0.04018296973961999,0.0005480932063661074,0.10027801911906865,0.0321967803219678,10000,estimable,0.28977102289771023
undecidable-negative,4088,28,4060,AP,Submitted Full ModelRank,Likes,0.4577317103887361,0.5026426125293122,-0.04491090214057608,-0.18723133665767794,0.13941463402764354,0.7483251674832517,10000,estimable,1.0
undecidable-negative,4088,28,4060,Top-1% lift,Submitted Full ModelRank,Likes,64.09756097560977,56.97560975609757,7.121951219512198,-11.504690431519705,21.8109756097561,0.7153284671532847,10000,estimable,1.0
undecidable-negative,4088,28,4060,Top-5% lift,Submitted Full ModelRank,Likes,17.804878048780488,17.09268292682927,0.7121951219512184,-1.533958724202627,3.3235772357723583,0.7445255474452555,10000,estimable,1.0
undecidable-negative,4088,28,4060,Top-10% lift,Submitted Full ModelRank,Likes,9.995110024449877,8.924205378973106,1.0709046454767712,0.0,2.3797881010594946,0.10258974102589741,10000,estimable,1.0
undecidable-negative,4088,28,4060,AUROC,AllTime DerivCount,Current DerivCount,0.9049832864180155,0.6745909570724842,0.23039232934553133,0.13674783478487687,0.3221760367950189,0.00039996000399960006,10000,estimable,0.007599240075992401
undecidable-negative,4088,28,4060,AP,AllTime DerivCount,Current DerivCount,0.3469347465562709,0.1260202562263738,0.22091449032989707,0.10236073885935643,0.3373234824202767,0.00019998000199980003,10000,estimable,0.005599440055994401
undecidable-negative,4088,28,4060,Top-1% lift,AllTime DerivCount,Current DerivCount,46.29268292682927,28.487804878048784,17.804878048780488,0.0,33.235772357723576,0.0683931606839316,10000,estimable,0.9575042495750424
undecidable-negative,4088,28,4060,Top-5% lift,AllTime DerivCount,Current DerivCount,13.531707317073172,7.121951219512196,6.409756097560976,3.066755358462675,9.970731707317075,0.0005999400059994001,10000,estimable,0.014398560143985602
undecidable-negative,4088,28,4060,Top-10% lift,AllTime DerivCount,Current DerivCount,8.567237163814182,3.9266503667481665,4.640586797066016,2.7572717308827244,6.535264246755689,0.00039996000399960006,10000,estimable,0.009599040095990401
undecidable-negative,4088,28,4060,AUROC,AllTime DerivCount,Vanilla PageRank,0.9049832864180155,0.9032063687543983,0.0017769176636172057,0.0008805374639257708,0.0029037510135737354,0.00019998000199980003,10000,estimable,0.005599440055994401
undecidable-negative,4088,28,4060,AP,AllTime DerivCount,Vanilla PageRank,0.3469347465562709,0.34828659379474425,-0.0013518472384733693,-0.043916463912699696,0.039488263082385455,0.7371262873712628,10000,estimable,1.0
undecidable-negative,4088,28,4060,Top-1% lift,AllTime DerivCount,Vanilla PageRank,46.29268292682927,39.170731707317074,7.121951219512198,0.0,14.956097560975607,0.8109189081091891,10000,estimable,1.0
undecidable-negative,4088,28,4060,Top-5% lift,AllTime DerivCount,Vanilla PageRank,13.531707317073172,13.531707317073172,0.0,0.0,0.0,1.0,10000,estimable,1.0
undecidable-negative,4088,28,4060,Top-10% lift,AllTime DerivCount,Vanilla PageRank,8.567237163814182,8.567237163814182,0.0,0.0,0.0,1.0,10000,estimable,1.0
undecidable-negative,4088,28,4060,AUROC,AllTime DerivCount,Temporal Vanilla PageRank,0.9049832864180155,0.8919071076706545,0.013076178747361,-0.0256687583894642,0.05530549489410987,0.4911508849115088,10000,estimable,1.0
undecidable-negative,4088,28,4060,AP,AllTime DerivCount,Temporal Vanilla PageRank,0.3469347465562709,0.35205919678027825,-0.005124450224007371,-0.04773815552802452,0.03654324289041331,0.8565143485651435,10000,estimable,1.0
undecidable-negative,4088,28,4060,Top-1% lift,AllTime DerivCount,Temporal Vanilla PageRank,46.29268292682927,39.170731707317074,7.121951219512198,0.0,15.579268292682926,0.8667133286671332,10000,estimable,1.0
undecidable-negative,4088,28,4060,Top-5% lift,AllTime DerivCount,Temporal Vanilla PageRank,13.531707317073172,13.531707317073172,0.0,0.0,0.0,1.0,10000,estimable,1.0
undecidable-negative,4088,28,4060,Top-10% lift,AllTime DerivCount,Temporal Vanilla PageRank,8.567237163814182,8.567237163814182,0.0,0.0,0.0,1.0,10000,estimable,1.0
undecidable-negative,4088,28,4060,AUROC,AllTime DerivCount,Downloads,0.9049832864180155,0.9861321252638987,-0.0811488388458832,-0.1540288497872733,-0.02028648511166843,0.0031996800319968005,10000,estimable,0.044795520447955206
undecidable-negative,4088,28,4060,AP,AllTime DerivCount,Downloads,0.3469347465562709,0.6620258457061161,-0.31509109914984523,-0.4854680741728013,-0.12060285642388291,0.0023997600239976003,10000,estimable,0.04179582041795821
undecidable-negative,4088,28,4060,Top-1% lift,AllTime DerivCount,Downloads,46.29268292682927,67.65853658536587,-21.365853658536594,-41.81274586939418,-3.323577235772362,0.04179582041795821,10000,estimable,0.6687331266873313
undecidable-negative,4088,28,4060,Top-5% lift,AllTime DerivCount,Downloads,13.531707317073172,16.38048780487805,-2.848780487804879,-6.87636669470143,0.949593495934959,0.20217978202179782,10000,estimable,1.0
undecidable-negative,4088,28,4060,Top-10% lift,AllTime DerivCount,Downloads,8.567237163814182,9.995110024449877,-1.427872860635695,-2.8557457212713935,-0.3123471882640576,0.0387961203879612,10000,estimable,0.8147185281471853
undecidable-negative,4088,28,4060,AUROC,AllTime DerivCount,Likes,0.9049832864180155,0.9482582688247713,-0.04327498240675576,-0.1196657920815054,0.025871563288474387,0.20557944205579443,10000,estimable,1.0
undecidable-negative,4088,28,4060,AP,AllTime DerivCount,Likes,0.3469347465562709,0.5026426125293122,-0.15570786597304132,-0.31902436928837,0.01896723519078392,0.0837916208379162,10000,estimable,0.853914608539146
undecidable-negative,4088,28,4060,Top-1% lift,AllTime DerivCount,Likes,46.29268292682927,56.97560975609757,-10.682926829268297,-30.67917448405253,0.0,0.10578942105789421,10000,estimable,1.0
undecidable-negative,4088,28,4060,Top-5% lift,AllTime DerivCount,Likes,13.531707317073172,17.09268292682927,-3.560975609756097,-6.647154471544715,-0.7669793621013135,0.020997900209979003,10000,estimable,0.41575842415758424
undecidable-negative,4088,28,4060,Top-10% lift,AllTime DerivCount,Likes,8.567237163814182,8.924205378973106,-0.35696821515892374,-1.9990220048899756,1.249388753056234,0.8367163283671633,10000,estimable,1.0
undecidable-negative,4088,28,4060,AUROC,Current DerivCount,Vanilla PageRank,0.6745909570724842,0.9032063687543983,-0.22861541168191413,-0.31981461752833257,-0.13568071291302616,0.00039996000399960006,10000,estimable,0.007599240075992401
undecidable-negative,4088,28,4060,AP,Current DerivCount,Vanilla PageRank,0.1260202562263738,0.34828659379474425,-0.22226633756837044,-0.3228058231949069,-0.1007696943623301,0.00019998000199980003,10000,estimable,0.005599440055994401
undecidable-negative,4088,28,4060,Top-1% lift,Current DerivCount,Vanilla PageRank,28.487804878048784,39.170731707317074,-10.68292682926829,-28.487804878048784,3.6928635953026188,0.21897810218978103,10000,estimable,1.0
undecidable-negative,4088,28,4060,Top-5% lift,Current DerivCount,Vanilla PageRank,7.121951219512196,13.531707317073172,-6.409756097560976,-9.970731707317075,-3.0206784922394783,0.0005999400059994001,10000,estimable,0.014398560143985602
undecidable-negative,4088,28,4060,Top-10% lift,Current DerivCount,Vanilla PageRank,3.9266503667481665,8.567237163814182,-4.640586797066016,-6.535264246755689,-2.7572717308827244,0.00039996000399960006,10000,estimable,0.009599040095990401
undecidable-negative,4088,28,4060,AUROC,Current DerivCount,Temporal Vanilla PageRank,0.6745909570724842,0.8919071076706545,-0.21731615059817033,-0.3188499960525892,-0.11072573341860181,0.00019998000199980003,10000,estimable,0.005599440055994401
undecidable-negative,4088,28,4060,AP,Current DerivCount,Temporal Vanilla PageRank,0.1260202562263738,0.35205919678027825,-0.22603894055390444,-0.3274076049186102,-0.10363153537899289,0.00019998000199980003,10000,estimable,0.005599440055994401
undecidable-negative,4088,28,4060,Top-1% lift,Current DerivCount,Temporal Vanilla PageRank,28.487804878048784,39.170731707317074,-10.68292682926829,-28.487804878048784,3.834896810506571,0.2323767623237676,10000,estimable,1.0
undecidable-negative,4088,28,4060,Top-5% lift,Current DerivCount,Temporal Vanilla PageRank,7.121951219512196,13.531707317073172,-6.409756097560976,-9.970731707317075,-3.0214338507021434,0.0005999400059994001,10000,estimable,0.014398560143985602
undecidable-negative,4088,28,4060,Top-10% lift,Current DerivCount,Temporal Vanilla PageRank,3.9266503667481665,8.567237163814182,-4.640586797066016,-6.535264246755689,-2.7572717308827244,0.00039996000399960006,10000,estimable,0.009599040095990401
undecidable-negative,4088,28,4060,AUROC,Current DerivCount,Downloads,0.6745909570724842,0.9861321252638987,-0.31154116819141453,-0.39613753777862265,-0.22129634889974628,0.00019998000199980003,10000,estimable,0.005599440055994401
undecidable-negative,4088,28,4060,AP,Current DerivCount,Downloads,0.1260202562263738,0.6620258457061161,-0.5360055894797423,-0.6801981880345707,-0.34021383874697425,0.00019998000199980003,10000,estimable,0.005599440055994401
undecidable-negative,4088,28,4060,Top-1% lift,Current DerivCount,Downloads,28.487804878048784,67.65853658536587,-39.17073170731708,-58.16260162601626,-18.991869918699187,0.00039996000399960006,10000,estimable,0.010798920107989201
undecidable-negative,4088,28,4060,Top-5% lift,Current DerivCount,Downloads,7.121951219512196,16.38048780487805,-9.258536585365855,-13.29430894308943,-5.501093355761144,0.00019998000199980003,10000,estimable,0.005599440055994401
undecidable-negative,4088,28,4060,Top-10% lift,Current DerivCount,Downloads,3.9266503667481665,9.995110024449877,-6.068459657701711,-7.912795436022819,-4.1359075963240866,0.00019998000199980003,10000,estimable,0.005599440055994401
undecidable-negative,4088,28,4060,AUROC,Current DerivCount,Likes,0.6745909570724842,0.9482582688247713,-0.2736673117522871,-0.3650480881685055,-0.17771288265230234,0.00019998000199980003,10000,estimable,0.005599440055994401
undecidable-negative,4088,28,4060,AP,Current DerivCount,Likes,0.1260202562263738,0.5026426125293122,-0.3766223563029384,-0.5310288250960375,-0.18019851681740465,0.0005999400059994001,10000,estimable,0.011998800119988001
undecidable-negative,4088,28,4060,Top-1% lift,Current DerivCount,Likes,28.487804878048784,56.97560975609757,-28.487804878048784,-49.85365853658537,-11.07859078590786,0.0025997400259974,10000,estimable,0.0623937606239376
undecidable-negative,4088,28,4060,Top-5% lift,Current DerivCount,Likes,7.121951219512196,17.09268292682927,-9.970731707317073,-13.709756097560973,-6.135834896810506,0.00019998000199980003,10000,estimable,0.005599440055994401
undecidable-negative,4088,28,4060,Top-10% lift,Current DerivCount,Likes,3.9266503667481665,8.924205378973106,-4.9975550122249395,-6.893179327206813,-3.1019306972430662,0.00019998000199980003,10000,estimable,0.005599440055994401
undecidable-negative,4088,28,4060,AUROC,Vanilla PageRank,Temporal Vanilla PageRank,0.9032063687543983,0.8919071076706545,0.011299261083743795,-0.027322450398416964,0.053647054412195944,0.6155384461553844,10000,estimable,1.0
undecidable-negative,4088,28,4060,AP,Vanilla PageRank,Temporal Vanilla PageRank,0.34828659379474425,0.35205919678027825,-0.0037726029855340015,-0.00916133232811604,0.0013478422046253236,0.11758824117588242,10000,estimable,0.853914608539146
undecidable-negative,4088,28,4060,Top-1% lift,Vanilla PageRank,Temporal Vanilla PageRank,39.170731707317074,39.170731707317074,0.0,-3.834896810506571,3.988292682926833,1.0,10000,estimable,1.0
undecidable-negative,4088,28,4060,Top-5% lift,Vanilla PageRank,Temporal Vanilla PageRank,13.531707317073172,13.531707317073172,0.0,0.0,0.0,1.0,10000,estimable,1.0
undecidable-negative,4088,28,4060,Top-10% lift,Vanilla PageRank,Temporal Vanilla PageRank,8.567237163814182,8.567237163814182,0.0,0.0,0.0,1.0,10000,estimable,1.0
undecidable-negative,4088,28,4060,AUROC,Vanilla PageRank,Downloads,0.9032063687543983,0.9861321252638987,-0.0829257565095004,-0.15556538296186426,-0.022274776844809798,0.001999800019998,10000,estimable,0.029997000299970003
undecidable-negative,4088,28,4060,AP,Vanilla PageRank,Downloads,0.34828659379474425,0.6620258457061161,-0.31373925191137186,-0.48889381884415317,-0.13167139136956693,0.0021997800219978004,10000,estimable,0.04179582041795821
undecidable-negative,4088,28,4060,Top-1% lift,Vanilla PageRank,Downloads,39.170731707317074,67.65853658536587,-28.48780487804879,-45.32150776053215,-7.9765853658536585,0.0103989601039896,10000,estimable,0.2391760823917608
undecidable-negative,4088,28,4060,Top-5% lift,Vanilla PageRank,Downloads,13.531707317073172,16.38048780487805,-2.848780487804879,-6.87636669470143,0.949593495934959,0.19838016198380162,10000,estimable,1.0
undecidable-negative,4088,28,4060,Top-10% lift,Vanilla PageRank,Downloads,8.567237163814182,9.995110024449877,-1.427872860635695,-2.8557457212713935,-0.3123471882640576,0.0387961203879612,10000,estimable,0.8147185281471853
undecidable-negative,4088,28,4060,AUROC,Vanilla PageRank,Likes,0.9032063687543983,0.9482582688247713,-0.04505190007037296,-0.1212466631004051,0.02408972174826151,0.19458054194580543,10000,estimable,1.0
undecidable-negative,4088,28,4060,AP,Vanilla PageRank,Likes,0.34828659379474425,0.5026426125293122,-0.15435601873456795,-0.3154498026985341,0.006085946577147892,0.060993900609939006,10000,estimable,0.853914608539146
undecidable-negative,4088,28,4060,Top-1% lift,Vanilla PageRank,Likes,39.170731707317074,56.97560975609757,-17.804878048780495,-35.89463414634147,-3.560975609756099,0.025597440255974404,10000,estimable,0.45715428457154283
undecidable-negative,4088,28,4060,Top-5% lift,Vanilla PageRank,Likes,13.531707317073172,17.09268292682927,-3.560975609756097,-6.647154471544717,-0.7669793621013135,0.0197980201979802,10000,estimable,0.41575842415758424
undecidable-negative,4088,28,4060,Top-10% lift,Vanilla PageRank,Likes,8.567237163814182,8.924205378973106,-0.35696821515892374,-1.9990220048899756,1.249388753056234,0.8365163483651635,10000,estimable,1.0
undecidable-negative,4088,28,4060,AUROC,Temporal Vanilla PageRank,Downloads,0.8919071076706545,0.9861321252638987,-0.0942250175932442,-0.18659262778841387,-0.01822225631211272,0.0017998200179982,10000,estimable,0.0287971202879712
undecidable-negative,4088,28,4060,AP,Temporal Vanilla PageRank,Downloads,0.35205919678027825,0.6620258457061161,-0.30996664892583786,-0.4853263607348812,-0.12674558351612425,0.0021997800219978004,10000,estimable,0.04179582041795821
undecidable-negative,4088,28,4060,Top-1% lift,Temporal Vanilla PageRank,Downloads,39.170731707317074,67.65853658536587,-28.48780487804879,-45.69918699186992,-7.3857271906052375,0.010998900109989001,10000,estimable,0.24197580241975802
undecidable-negative,4088,28,4060,Top-5% lift,Temporal Vanilla PageRank,Downloads,13.531707317073172,16.38048780487805,-2.848780487804879,-6.877027883806689,0.949593495934959,0.1987801219878012,10000,estimable,1.0
undecidable-negative,4088,28,4060,Top-10% lift,Temporal Vanilla PageRank,Downloads,8.567237163814182,9.995110024449877,-1.427872860635695,-2.8557457212713935,-0.3123471882640576,0.0387961203879612,10000,estimable,0.8147185281471853
undecidable-negative,4088,28,4060,AUROC,Temporal Vanilla PageRank,Likes,0.8919071076706545,0.9482582688247713,-0.05635116115411676,-0.15615928081747454,0.024781786655764308,0.20317968203179682,10000,estimable,1.0
undecidable-negative,4088,28,4060,AP,Temporal Vanilla PageRank,Likes,0.35205919678027825,0.5026426125293122,-0.15058341574903394,-0.31085801436873195,0.009734538009631609,0.066993300669933,10000,estimable,0.853914608539146
undecidable-negative,4088,28,4060,Top-1% lift,Temporal Vanilla PageRank,Likes,39.170731707317074,56.97560975609757,-17.804878048780495,-35.89463414634147,-3.560975609756099,0.025397460253974602,10000,estimable,0.45715428457154283
undecidable-negative,4088,28,4060,Top-5% lift,Temporal Vanilla PageRank,Likes,13.531707317073172,17.09268292682927,-3.560975609756097,-6.647154471544717,-0.7669793621013135,0.020397960203979604,10000,estimable,0.41575842415758424
undecidable-negative,4088,28,4060,Top-10% lift,Temporal Vanilla PageRank,Likes,8.567237163814182,8.924205378973106,-0.35696821515892374,-1.9990220048899756,1.249388753056234,0.8365163483651635,10000,estimable,1.0
undecidable-negative,4088,28,4060,AUROC,Downloads,Likes,0.9861321252638987,0.9482582688247713,0.03787385643912744,-0.005150624904063294,0.10049590484513282,0.18298170182981702,10000,estimable,1.0
undecidable-negative,4088,28,4060,AP,Downloads,Likes,0.6620258457061161,0.5026426125293122,0.15938323317680392,-0.02994663901779775,0.3392373137052672,0.09819018098190181,10000,estimable,0.853914608539146
undecidable-negative,4088,28,4060,Top-1% lift,Downloads,Likes,67.65853658536587,56.97560975609757,10.682926829268297,-11.504690431519698,27.192904656319293,0.5135486451354865,10000,estimable,1.0
undecidable-negative,4088,28,4060,Top-5% lift,Downloads,Likes,16.38048780487805,17.09268292682927,-0.7121951219512184,-3.9882926829268275,2.573092053501181,0.8725127487251275,10000,estimable,1.0
undecidable-negative,4088,28,4060,Top-10% lift,Downloads,Likes,9.995110024449877,8.924205378973106,1.0709046454767712,0.0,2.3797881010594946,0.10258974102589741,10000,estimable,1.0
undecidable-positive,4088,59,4029,AUROC,S_C3_Q10,Submitted Full ModelRank,0.9225025345903218,0.9402930449158853,-0.017790510325563447,-0.03153290423309306,-0.004950704703565371,0.006999300069993001,10000,estimable,0.04899510048995101
undecidable-positive,4088,59,4029,AP,S_C3_Q10,Submitted Full ModelRank,0.24293096026905567,0.3978295771926499,-0.15489861692359422,-0.23727625557771492,-0.09120693292846904,0.00019998000199980003,10000,estimable,0.005599440055994401
undecidable-positive,4088,59,4029,Top-1% lift,S_C3_Q10,Submitted Full ModelRank,18.58949979330302,35.48904505994213,-16.89954526663911,-27.192904656319293,-7.820181731229077,0.00019998000199980003,10000,estimable,0.005599440055994401
undecidable-positive,4088,59,4029,Top-5% lift,S_C3_Q10,Submitted Full ModelRank,13.519636213311287,15.54758164530798,-2.0279454319966934,-4.301099952175992,0.0,0.062993700629937,10000,estimable,0.6299370062993701
undecidable-positive,4088,59,4029,Top-10% lift,S_C3_Q10,Submitted Full ModelRank,8.470432224110066,8.80924951307447,-0.3388172889644032,-0.8159273489346832,0.0,0.6981301869813019,10000,estimable,1.0
undecidable-positive,4088,59,4029,AUROC,S_C3_Q10,AllTime DerivCount,0.9225025345903218,0.8123730075595997,0.1101295270307221,0.05635556433827466,0.16680948275759946,0.00019998000199980003,10000,estimable,0.005599440055994401
undecidable-positive,4088,59,4029,AP,S_C3_Q10,AllTime DerivCount,0.24293096026905567,0.28052460648451666,-0.03759364621546099,-0.11457059946228276,0.03192876358508716,0.33556644335566443,10000,estimable,1.0
undecidable-positive,4088,59,4029,Top-1% lift,S_C3_Q10,AllTime DerivCount,18.58949979330302,28.72922695328648,-10.139727159983462,-20.394678492239468,-1.4876217906165066,0.044195580441955803,10000,estimable,0.7071292870712929
undecidable-positive,4088,59,4029,Top-5% lift,S_C3_Q10,AllTime DerivCount,13.519636213311287,10.815708970649029,2.7039272426622585,0.4747967479674795,4.762140516927557,0.025197480251974803,10000,estimable,0.285971402859714
undecidable-positive,4088,59,4029,Top-10% lift,S_C3_Q10,AllTime DerivCount,8.470432224110066,6.776345779288054,1.6940864448220125,0.7349345606213147,2.939738242485258,0.0007999200079992001,10000,estimable,0.014398560143985602
undecidable-positive,4088,59,4029,AUROC,S_C3_Q10,Current DerivCount,0.9225025345903218,0.5890493077728839,0.33345322681743794,0.270066131794656,0.39007030417473565,0.00019998000199980003,10000,estimable,0.005599440055994401
undecidable-positive,4088,59,4029,AP,S_C3_Q10,Current DerivCount,0.24293096026905567,0.07498518229027712,0.16794577797877855,0.11682592143119012,0.2200200894962005,0.00019998000199980003,10000,estimable,0.005599440055994401
undecidable-positive,4088,59,4029,Top-1% lift,S_C3_Q10,Current DerivCount,18.58949979330302,15.209590739975198,3.3799090533278218,0.0,12.8654602675059,0.6621337866213378,10000,estimable,1.0
undecidable-positive,4088,59,4029,Top-5% lift,S_C3_Q10,Current DerivCount,13.519636213311287,3.717899958660604,9.801736254650683,7.097809011988425,12.317052823790267,0.00019998000199980003,10000,estimable,0.005599440055994401
undecidable-positive,4088,59,4029,Top-10% lift,S_C3_Q10,Current DerivCount,8.470432224110066,2.7105383117152213,5.759893912394845,4.455316948314858,7.20244415159593,0.00019998000199980003,10000,estimable,0.005599440055994401
undecidable-positive,4088,59,4029,AUROC,S_C3_Q10,Vanilla PageRank,0.9225025345903218,0.8107323598823781,0.1117701747079437,0.05827088442609606,0.16838810185038497,0.00019998000199980003,10000,estimable,0.005599440055994401
undecidable-positive,4088,59,4029,AP,S_C3_Q10,Vanilla PageRank,0.24293096026905567,0.2672599748936293,-0.024329014624573625,-0.0898919916859432,0.041289031485899574,0.5631436856314369,10000,estimable,1.0
undecidable-positive,4088,59,4029,Top-1% lift,S_C3_Q10,Vanilla PageRank,18.58949979330302,25.34931789995866,-6.75981810665564,-15.172852598091197,1.846431797651313,0.20337966203379662,10000,estimable,1.0
undecidable-positive,4088,59,4029,Top-5% lift,S_C3_Q10,Vanilla PageRank,13.519636213311287,10.815708970649029,2.7039272426622585,0.5778069989395545,4.7686108165429495,0.021997800219978002,10000,estimable,0.285971402859714
undecidable-positive,4088,59,4029,Top-10% lift,S_C3_Q10,Vanilla PageRank,8.470432224110066,6.776345779288054,1.6940864448220125,0.7349345606213147,2.939738242485258,0.0007999200079992001,10000,estimable,0.014398560143985602
undecidable-positive,4088,59,4029,AUROC,S_C3_Q10,Temporal Vanilla PageRank,0.9225025345903218,0.7820862307591991,0.1404163038311227,0.0706681872771578,0.21473844852398352,0.00019998000199980003,10000,estimable,0.005599440055994401
undecidable-positive,4088,59,4029,AP,S_C3_Q10,Temporal Vanilla PageRank,0.24293096026905567,0.27462871303185427,-0.0316977527627986,-0.09838732898808802,0.03575060924969758,0.42415758424157585,10000,estimable,1.0
undecidable-positive,4088,59,4029,Top-1% lift,S_C3_Q10,Temporal Vanilla PageRank,18.58949979330302,25.34931789995866,-6.75981810665564,-15.339587242026267,1.8812701334560522,0.20117988201179882,10000,estimable,1.0
undecidable-positive,4088,59,4029,Top-5% lift,S_C3_Q10,Temporal Vanilla PageRank,13.519636213311287,10.815708970649029,2.7039272426622585,0.5463414634146346,4.768610816542948,0.022997700229977002,10000,estimable,0.285971402859714
undecidable-positive,4088,59,4029,Top-10% lift,S_C3_Q10,Temporal Vanilla PageRank,8.470432224110066,6.776345779288054,1.6940864448220125,0.7457656028469439,2.939738242485258,0.0007999200079992001,10000,estimable,0.014398560143985602
undecidable-positive,4088,59,4029,AUROC,S_C3_Q10,Downloads,0.9225025345903218,0.9189267640117622,0.0035757705785596228,-0.008992981529643044,0.017937026204001894,0.6069393060693931,10000,estimable,0.9007099290070993
undecidable-positive,4088,59,4029,AP,S_C3_Q10,Downloads,0.24293096026905567,0.4662136785248763,-0.2232827182558206,-0.3216281893759674,-0.11108544375824196,0.00019998000199980003,10000,estimable,0.005599440055994401
undecidable-positive,4088,59,4029,Top-1% lift,S_C3_Q10,Downloads,18.58949979330302,38.86895411326995,-20.27945431996693,-30.270227995758223,-10.575018477457501,0.00019998000199980003,10000,estimable,0.005599440055994401
undecidable-positive,4088,59,4029,Top-5% lift,S_C3_Q10,Downloads,13.519636213311287,11.829681686647376,1.6899545266639109,-0.9203752345215772,4.273170731707317,0.25177482251774824,10000,estimable,1.0
undecidable-positive,4088,59,4029,Top-10% lift,S_C3_Q10,Downloads,8.470432224110066,7.792797646181262,0.6776345779288047,0.0,1.7179095354523222,0.0903909609039096,10000,estimable,0.9943005699430056
undecidable-positive,4088,59,4029,AUROC,S_C3_Q10,Likes,0.9225025345903218,0.9024403582501441,0.020062176340177706,-0.013661767993861486,0.05896214830589916,0.280971902809719,10000,estimable,0.842915708429157
undecidable-positive,4088,59,4029,AP,S_C3_Q10,Likes,0.24293096026905567,0.5503723101293646,-0.3074413498603089,-0.4064252371249453,-0.19525843218458624,0.00019998000199980003,10000,estimable,0.005599440055994401
undecidable-positive,4088,59,4029,Top-1% lift,S_C3_Q10,Likes,18.58949979330302,43.93881769326168,-25.349317899958663,-38.66202090592334,-15.668292682926829,0.00019998000199980003,10000,estimable,0.005599440055994401
undecidable-positive,4088,59,4029,Top-5% lift,S_C3_Q10,Likes,13.519636213311287,15.209590739975198,-1.6899545266639109,-3.6005420054200545,0.0,0.0871912808719128,10000,estimable,0.7847215278472153
undecidable-positive,4088,59,4029,Top-10% lift,S_C3_Q10,Likes,8.470432224110066,8.131614935145663,0.3388172889644032,-0.3844273086326879,1.2956624105768366,0.40975902409759024,10000,estimable,1.0
undecidable-positive,4088,59,4029,AUROC,Submitted Full ModelRank,AllTime DerivCount,0.9402930449158853,0.8123730075595997,0.12792003735628554,0.07128790232062134,0.18596685642836083,0.00019998000199980003,10000,estimable,0.005599440055994401
undecidable-positive,4088,59,4029,AP,Submitted Full ModelRank,AllTime DerivCount,0.3978295771926499,0.28052460648451666,0.11730497070813323,0.027953385896967508,0.22310783164702153,0.010198980101989802,10000,estimable,0.08159184081591841
undecidable-positive,4088,59,4029,Top-1% lift,Submitted Full ModelRank,AllTime DerivCount,35.48904505994213,28.72922695328648,6.759818106655647,-3.9100908656145386,17.492511767222936,0.29417058294170584,10000,estimable,1.0
undecidable-positive,4088,59,4029,Top-5% lift,Submitted Full ModelRank,AllTime DerivCount,15.54758164530798,10.815708970649029,4.731872674658952,2.2149593495934963,7.251441241685145,0.0007999200079992001,10000,estimable,0.013598640135986401
undecidable-positive,4088,59,4029,Top-10% lift,Submitted Full ModelRank,AllTime DerivCount,8.80924951307447,6.776345779288054,2.0329037337864158,1.0521168446789346,3.1234718826405867,0.00019998000199980003,10000,estimable,0.005599440055994401
undecidable-positive,4088,59,4029,AUROC,Submitted Full ModelRank,Current DerivCount,0.9402930449158853,0.5890493077728839,0.3512437371430014,0.288336183773537,0.40728982812541814,0.00019998000199980003,10000,estimable,0.005599440055994401
undecidable-positive,4088,59,4029,AP,Submitted Full ModelRank,Current DerivCount,0.3978295771926499,0.07498518229027712,0.32284439490237277,0.23179323007934213,0.42697867280733864,0.00019998000199980003,10000,estimable,0.005599440055994401
undecidable-positive,4088,59,4029,Top-1% lift,Submitted Full ModelRank,Current DerivCount,35.48904505994213,15.209590739975198,20.27945431996693,11.964878048780488,30.522648083623693,0.00019998000199980003,10000,estimable,0.005599440055994401
undecidable-positive,4088,59,4029,Top-5% lift,Submitted Full ModelRank,Current DerivCount,15.54758164530798,3.717899958660604,11.829681686647376,9.203752345215761,14.29765301426599,0.00019998000199980003,10000,estimable,0.005599440055994401
undecidable-positive,4088,59,4029,Top-10% lift,Submitted Full ModelRank,Current DerivCount,8.80924951307447,2.7105383117152213,6.098711201359248,4.7146745398348475,7.403944767632482,0.00019998000199980003,10000,estimable,0.005599440055994401
undecidable-positive,4088,59,4029,AUROC,Submitted Full ModelRank,Vanilla PageRank,0.9402930449158853,0.8107323598823781,0.12956068503350715,0.07307090532179629,0.187495861301841,0.00019998000199980003,10000,estimable,0.005599440055994401
undecidable-positive,4088,59,4029,AP,Submitted Full ModelRank,Vanilla PageRank,0.3978295771926499,0.2672599748936293,0.1305696022990206,0.0458318638577891,0.24044283302405461,0.0035996400359964,10000,estimable,0.04079592040795921
undecidable-positive,4088,59,4029,Top-1% lift,Submitted Full ModelRank,Vanilla PageRank,35.48904505994213,25.34931789995866,10.139727159983469,0.0,21.365853658536587,0.0613938606139386,10000,estimable,0.7981201879812019
undecidable-positive,4088,59,4029,Top-5% lift,Submitted Full ModelRank,Vanilla PageRank,15.54758164530798,10.815708970649029,4.731872674658952,2.2157181571815716,7.280216802168024,0.0007999200079992001,10000,estimable,0.013598640135986401
undecidable-positive,4088,59,4029,Top-10% lift,Submitted Full ModelRank,Vanilla PageRank,8.80924951307447,6.776345779288054,2.0329037337864158,1.0521168446789346,3.1234718826405867,0.00019998000199980003,10000,estimable,0.005599440055994401
undecidable-positive,4088,59,4029,AUROC,Submitted Full ModelRank,Temporal Vanilla PageRank,0.9402930449158853,0.7820862307591991,0.15820681415668614,0.08875703871731039,0.2331520064320762,0.00019998000199980003,10000,estimable,0.005599440055994401
undecidable-positive,4088,59,4029,AP,Submitted Full ModelRank,Temporal Vanilla PageRank,0.3978295771926499,0.27462871303185427,0.12320086416079562,0.037607953607095734,0.23289244360460457,0.0057994200579942,10000,estimable,0.057994200579942
undecidable-positive,4088,59,4029,Top-1% lift,Submitted Full ModelRank,Temporal Vanilla PageRank,35.48904505994213,25.34931789995866,10.139727159983469,0.0,21.505499760879964,0.07139286071392861,10000,estimable,0.8567143285671434
undecidable-positive,4088,59,4029,Top-5% lift,Submitted Full ModelRank,Temporal Vanilla PageRank,15.54758164530798,10.815708970649029,4.731872674658952,2.2157181571815716,7.280368980612883,0.0007999200079992001,10000,estimable,0.013598640135986401
undecidable-positive,4088,59,4029,Top-10% lift,Submitted Full ModelRank,Temporal Vanilla PageRank,8.80924951307447,6.776345779288054,2.0329037337864158,1.0521168446789346,3.1234718826405867,0.00019998000199980003,10000,estimable,0.005599440055994401
undecidable-positive,4088,59,4029,AUROC,Submitted Full ModelRank,Downloads,0.9402930449158853,0.9189267640117622,0.02136628090412307,0.0057752929443495886,0.03834124347485727,0.0059994000599940004,10000,estimable,0.047995200479952004
undecidable-positive,4088,59,4029,AP,Submitted Full ModelRank,Downloads,0.3978295771926499,0.4662136785248763,-0.06838410133222639,-0.14819123868182008,0.03563395025018523,0.24477552244775522,10000,estimable,1.0
undecidable-positive,4088,59,4029,Top-1% lift,Submitted Full ModelRank,Downloads,35.48904505994213,38.86895411326995,-3.3799090533278218,-11.078590785907856,4.154471544715442,0.5443455654434557,10000,estimable,1.0
undecidable-positive,4088,59,4029,Top-5% lift,Submitted Full ModelRank,Downloads,15.54758164530798,11.829681686647376,3.7178999586606043,1.8991869918699198,5.844911690496216,0.00019998000199980003,10000,estimable,0.005599440055994401
undecidable-positive,4088,59,4029,Top-10% lift,Submitted Full ModelRank,Downloads,8.80924951307447,7.792797646181262,1.0164518668932079,0.3446589663603401,1.9038304808475957,0.003999600039996,10000,estimable,0.059994000599940006
undecidable-positive,4088,59,4029,AUROC,Submitted Full ModelRank,Likes,0.9402930449158853,0.9024403582501441,0.03785268666574115,0.0031871594848935677,0.07761138860544613,0.0321967803219678,10000,estimable,0.19318068193180682
undecidable-positive,4088,59,4029,AP,Submitted Full ModelRank,Likes,0.3978295771926499,0.5503723101293646,-0.15254273293671472,-0.24647403154233813,-0.03439458246893392,0.007799220077992201,10000,estimable,0.07019298070192981
undecidable-positive,4088,59,4029,Top-1% lift,Submitted Full ModelRank,Likes,35.48904505994213,43.93881769326168,-8.449772633319554,-20.629100084104287,0.0,0.07979202079792021,10000,estimable,0.8777122287771223
undecidable-positive,4088,59,4029,Top-5% lift,Submitted Full ModelRank,Likes,15.54758164530798,15.209590739975198,0.33799090533278253,-0.7976585365853666,1.7190916736753579,0.7337266273372662,10000,estimable,1.0
undecidable-positive,4088,59,4029,Top-10% lift,Submitted Full ModelRank,Likes,8.80924951307447,8.131614935145663,0.6776345779288064,0.0,1.5145064585379027,0.13438656134386562,10000,estimable,1.0
undecidable-positive,4088,59,4029,AUROC,AllTime DerivCount,Current DerivCount,0.8123730075595997,0.5890493077728839,0.22332369978671585,0.15805066226385842,0.2880439400171301,0.00019998000199980003,10000,estimable,0.005599440055994401
undecidable-positive,4088,59,4029,AP,AllTime DerivCount,Current DerivCount,0.28052460648451666,0.07498518229027712,0.20553942419423954,0.1183580478586564,0.29850650173802634,0.00019998000199980003,10000,estimable,0.005599440055994401
undecidable-positive,4088,59,4029,Top-1% lift,AllTime DerivCount,Current DerivCount,28.72922695328648,15.209590739975198,13.519636213311284,4.532150776053214,24.926829268292682,0.0071992800719928,10000,estimable,0.1367863213678632
undecidable-positive,4088,59,4029,Top-5% lift,AllTime DerivCount,Current DerivCount,10.815708970649029,3.717899958660604,7.097809011988424,4.46963835155593,9.795806589644844,0.00019998000199980003,10000,estimable,0.005599440055994401
undecidable-positive,4088,59,4029,Top-10% lift,AllTime DerivCount,Current DerivCount,6.776345779288054,2.7105383117152213,4.065807467572832,2.544209824405424,5.552838902472154,0.00019998000199980003,10000,estimable,0.005599440055994401
undecidable-positive,4088,59,4029,AUROC,AllTime DerivCount,Vanilla PageRank,0.8123730075595997,0.8107323598823781,0.0016406476772216072,0.0008167588312804037,0.002622092981286816,0.00019998000199980003,10000,estimable,0.005599440055994401
undecidable-positive,4088,59,4029,AP,AllTime DerivCount,Vanilla PageRank,0.28052460648451666,0.2672599748936293,0.013264631590887366,-0.010432810539840968,0.042277801998871246,0.22257774222577742,10000,estimable,1.0
undecidable-positive,4088,59,4029,Top-1% lift,AllTime DerivCount,Vanilla PageRank,28.72922695328648,25.34931789995866,3.3799090533278218,0.0,10.607161390762844,0.30556944305569445,10000,estimable,1.0
undecidable-positive,4088,59,4029,Top-5% lift,AllTime DerivCount,Vanilla PageRank,10.815708970649029,10.815708970649029,0.0,0.0,0.0,1.0,10000,estimable,1.0
undecidable-positive,4088,59,4029,Top-10% lift,AllTime DerivCount,Vanilla PageRank,6.776345779288054,6.776345779288054,0.0,0.0,0.0,1.0,10000,estimable,1.0
undecidable-positive,4088,59,4029,AUROC,AllTime DerivCount,Temporal Vanilla PageRank,0.8123730075595997,0.7820862307591991,0.030286776800400594,-0.004211687009634271,0.06649782983852467,0.0811918808119188,10000,estimable,0.405959404059594
undecidable-positive,4088,59,4029,AP,AllTime DerivCount,Temporal Vanilla PageRank,0.28052460648451666,0.27462871303185427,0.005895893452662393,-0.018058236290098773,0.0346382614715532,0.49695030496950304,10000,estimable,1.0
undecidable-positive,4088,59,4029,Top-1% lift,AllTime DerivCount,Temporal Vanilla PageRank,28.72922695328648,25.34931789995866,3.3799090533278218,0.0,10.737711069418387,0.3735626437356264,10000,estimable,1.0
undecidable-positive,4088,59,4029,Top-5% lift,AllTime DerivCount,Temporal Vanilla PageRank,10.815708970649029,10.815708970649029,0.0,0.0,0.0,1.0,10000,estimable,1.0
undecidable-positive,4088,59,4029,Top-10% lift,AllTime DerivCount,Temporal Vanilla PageRank,6.776345779288054,6.776345779288054,0.0,0.0,0.0,1.0,10000,estimable,1.0
undecidable-positive,4088,59,4029,AUROC,AllTime DerivCount,Downloads,0.8123730075595997,0.9189267640117622,-0.10655375645216247,-0.16764655598570635,-0.048371102559029176,0.0005999400059994001,10000,estimable,0.007199280071992801
undecidable-positive,4088,59,4029,AP,AllTime DerivCount,Downloads,0.28052460648451666,0.4662136785248763,-0.18568907204035962,-0.2990578861151922,-0.0600148842325705,0.0033996600339966003,10000,estimable,0.04079592040795921
undecidable-positive,4088,59,4029,Top-1% lift,AllTime DerivCount,Downloads,28.72922695328648,38.86895411326995,-10.139727159983469,-20.991014120667526,1.8464317976513094,0.1267873212678732,10000,estimable,1.0
undecidable-positive,4088,59,4029,Top-5% lift,AllTime DerivCount,Downloads,10.815708970649029,11.829681686647376,-1.0139727159983476,-3.8604225595363753,2.0991014120667515,0.646935306469353,10000,estimable,1.0
undecidable-positive,4088,59,4029,Top-10% lift,AllTime DerivCount,Downloads,6.776345779288054,7.792797646181262,-1.0164518668932079,-2.290546047269763,0.35696821515892374,0.1845815418458154,10000,estimable,1.0
undecidable-positive,4088,59,4029,AUROC,AllTime DerivCount,Likes,0.8123730075595997,0.9024403582501441,-0.09006735069054439,-0.15159961114728399,-0.03208467306193314,0.0017998200179982,10000,estimable,0.0161983801619838
undecidable-positive,4088,59,4029,AP,AllTime DerivCount,Likes,0.28052460648451666,0.5503723101293646,-0.26984770364484795,-0.38050056564876283,-0.15001515726582504,0.00019998000199980003,10000,estimable,0.005599440055994401
undecidable-positive,4088,59,4029,Top-1% lift,AllTime DerivCount,Likes,28.72922695328648,43.93881769326168,-15.209590739975202,-27.37063605930177,-6.102988068841748,0.0023997600239976003,10000,estimable,0.047995200479952004
undecidable-positive,4088,59,4029,Top-5% lift,AllTime DerivCount,Likes,10.815708970649029,15.209590739975198,-4.393881769326169,-6.647154471544717,-2.0629100084104284,0.0005999400059994001,10000,estimable,0.011998800119988001
undecidable-positive,4088,59,4029,Top-10% lift,AllTime DerivCount,Likes,6.776345779288054,8.131614935145663,-1.3552691558576093,-2.6909911604288137,-0.12810188480703177,0.049795020497950204,10000,estimable,0.6831316868313169
undecidable-positive,4088,59,4029,AUROC,Current DerivCount,Vanilla PageRank,0.5890493077728839,0.8107323598823781,-0.22168305210949424,-0.2857555354214054,-0.15676722073763083,0.00019998000199980003,10000,estimable,0.005599440055994401
undecidable-positive,4088,59,4029,AP,Current DerivCount,Vanilla PageRank,0.07498518229027712,0.2672599748936293,-0.19227479260335217,-0.27510627331534643,-0.10975583186150852,0.00019998000199980003,10000,estimable,0.005599440055994401
undecidable-positive,4088,59,4029,Top-1% lift,Current DerivCount,Vanilla PageRank,15.209590739975198,25.34931789995866,-10.139727159983462,-20.310749774164407,0.0,0.051794820517948204,10000,estimable,0.7769223077692231
undecidable-positive,4088,59,4029,Top-5% lift,Current DerivCount,Vanilla PageRank,3.717899958660604,10.815708970649029,-7.097809011988424,-9.789445676274944,-4.469638351555929,0.00019998000199980003,10000,estimable,0.005599440055994401
undecidable-positive,4088,59,4029,Top-10% lift,Current DerivCount,Vanilla PageRank,2.7105383117152213,6.776345779288054,-4.065807467572832,-5.552838902472154,-2.544209824405424,0.00019998000199980003,10000,estimable,0.005599440055994401
undecidable-positive,4088,59,4029,AUROC,Current DerivCount,Temporal Vanilla PageRank,0.5890493077728839,0.7820862307591991,-0.19303692298631525,-0.27067308251306893,-0.11051752560710298,0.00019998000199980003,10000,estimable,0.005599440055994401
undecidable-positive,4088,59,4029,AP,Current DerivCount,Temporal Vanilla PageRank,0.07498518229027712,0.27462871303185427,-0.19964353074157715,-0.28477299850075033,-0.11469054360659242,0.00019998000199980003,10000,estimable,0.005599440055994401
undecidable-positive,4088,59,4029,Top-1% lift,Current DerivCount,Temporal Vanilla PageRank,15.209590739975198,25.34931789995866,-10.139727159983462,-20.574525745257453,0.0,0.053394660533946606,10000,estimable,0.7769223077692231
undecidable-positive,4088,59,4029,Top-5% lift,Current DerivCount,Temporal Vanilla PageRank,3.717899958660604,10.815708970649029,-7.097809011988424,-9.789445676274944,-4.469638351555929,0.00019998000199980003,10000,estimable,0.005599440055994401
undecidable-positive,4088,59,4029,Top-10% lift,Current DerivCount,Temporal Vanilla PageRank,2.7105383117152213,6.776345779288054,-4.065807467572832,-5.552838902472154,-2.544209824405424,0.00019998000199980003,10000,estimable,0.005599440055994401
undecidable-positive,4088,59,4029,AUROC,Current DerivCount,Downloads,0.5890493077728839,0.9189267640117622,-0.3298774562388783,-0.38591618571035624,-0.26751739796941654,0.00019998000199980003,10000,estimable,0.005599440055994401
undecidable-positive,4088,59,4029,AP,Current DerivCount,Downloads,0.07498518229027712,0.4662136785248763,-0.39122849623459915,-0.49181923606749656,-0.270487132893125,0.00019998000199980003,10000,estimable,0.005599440055994401
undecidable-positive,4088,59,4029,Top-1% lift,Current DerivCount,Downloads,15.209590739975198,38.86895411326995,-23.659363373294752,-35.19081779053085,-13.519636213311285,0.00019998000199980003,10000,estimable,0.005599440055994401
undecidable-positive,4088,59,4029,Top-5% lift,Current DerivCount,Downloads,3.717899958660604,11.829681686647376,-8.111781727986772,-10.575018477457503,-5.473969546906098,0.00019998000199980003,10000,estimable,0.005599440055994401
undecidable-positive,4088,59,4029,Top-10% lift,Current DerivCount,Downloads,2.7105383117152213,7.792797646181262,-5.08225933446604,-6.403117359413202,-3.6520594320105326,0.00019998000199980003,10000,estimable,0.005599440055994401
undecidable-positive,4088,59,4029,AUROC,Current DerivCount,Likes,0.5890493077728839,0.9024403582501441,-0.31339105047726024,-0.37556739753262314,-0.24933310000969142,0.00019998000199980003,10000,estimable,0.005599440055994401
undecidable-positive,4088,59,4029,AP,Current DerivCount,Likes,0.07498518229027712,0.5503723101293646,-0.4753871278390875,-0.582476028810918,-0.3470081681471029,0.00019998000199980003,10000,estimable,0.005599440055994401
undecidable-positive,4088,59,4029,Top-1% lift,Current DerivCount,Likes,15.209590739975198,43.93881769326168,-28.729226953286485,-42.498801655808265,-19.585365853658537,0.00019998000199980003,10000,estimable,0.005599440055994401
undecidable-positive,4088,59,4029,Top-5% lift,Current DerivCount,Likes,3.717899958660604,15.209590739975198,-11.491690781314594,-13.898595713229858,-8.8265493802479,0.00019998000199980003,10000,estimable,0.005599440055994401
undecidable-positive,4088,59,4029,Top-10% lift,Current DerivCount,Likes,2.7105383117152213,8.131614935145663,-5.421076623430442,-6.724070477200062,-4.164629176854116,0.00019998000199980003,10000,estimable,0.005599440055994401
undecidable-positive,4088,59,4029,AUROC,Vanilla PageRank,Temporal Vanilla PageRank,0.8107323598823781,0.7820862307591991,0.028646129123178987,-0.005787952788661906,0.06499306176054043,0.10078992100789921,10000,estimable,0.405959404059594
undecidable-positive,4088,59,4029,AP,Vanilla PageRank,Temporal Vanilla PageRank,0.2672599748936293,0.27462871303185427,-0.007368738138224973,-0.013730615154728378,-0.0028471861284880334,0.0021997800219978004,10000,estimable,0.028597140285971406
undecidable-positive,4088,59,4029,Top-1% lift,Vanilla PageRank,Temporal Vanilla PageRank,25.34931789995866,25.34931789995866,0.0,-2.0772357723577244,1.8464317976513094,1.0,10000,estimable,1.0
undecidable-positive,4088,59,4029,Top-5% lift,Vanilla PageRank,Temporal Vanilla PageRank,10.815708970649029,10.815708970649029,0.0,0.0,0.0,1.0,10000,estimable,1.0
undecidable-positive,4088,59,4029,Top-10% lift,Vanilla PageRank,Temporal Vanilla PageRank,6.776345779288054,6.776345779288054,0.0,0.0,0.0,1.0,10000,estimable,1.0
undecidable-positive,4088,59,4029,AUROC,Vanilla PageRank,Downloads,0.8107323598823781,0.9189267640117622,-0.10819440412938408,-0.1689220789596984,-0.0502411674694363,0.0005999400059994001,10000,estimable,0.007199280071992801
undecidable-positive,4088,59,4029,AP,Vanilla PageRank,Downloads,0.2672599748936293,0.4662136785248763,-0.19895370363124698,-0.31045995753473343,-0.08187261084615624,0.0005999400059994001,10000,estimable,0.008999100089991
undecidable-positive,4088,59,4029,Top-1% lift,Vanilla PageRank,Downloads,25.34931789995866,38.86895411326995,-13.51963621331129,-24.37289972899729,-3.3235772357723583,0.016798320167983202,10000,estimable,0.30236976302369767
undecidable-positive,4088,59,4029,Top-5% lift,Vanilla PageRank,Downloads,10.815708970649029,11.829681686647376,-1.0139727159983476,-3.901590668080594,2.0773907899526742,0.6407359264073592,10000,estimable,1.0
undecidable-positive,4088,59,4029,Top-10% lift,Vanilla PageRank,Downloads,6.776345779288054,7.792797646181262,-1.0164518668932079,-2.290546047269763,0.35696821515892374,0.18398160183981602,10000,estimable,1.0
undecidable-positive,4088,59,4029,AUROC,Vanilla PageRank,Likes,0.8107323598823781,0.9024403582501441,-0.091707998367766,-0.15298344666964372,-0.03397450609326268,0.0015998400159984002,10000,estimable,0.015998400159984
undecidable-positive,4088,59,4029,AP,Vanilla PageRank,Likes,0.2672599748936293,0.5503723101293646,-0.2831123352357353,-0.39504184629263317,-0.16769984059884907,0.00019998000199980003,10000,estimable,0.005599440055994401
undecidable-positive,4088,59,4029,Top-1% lift,Vanilla PageRank,Likes,25.34931789995866,43.93881769326168,-18.589499793303023,-31.981592268752877,-10.115235065394135,0.0005999400059994001,10000,estimable,0.0131986801319868
undecidable-positive,4088,59,4029,Top-5% lift,Vanilla PageRank,Likes,10.815708970649029,15.209590739975198,-4.393881769326169,-6.647154471544717,-2.0991014120667533,0.0005999400059994001,10000,estimable,0.011998800119988001
undecidable-positive,4088,59,4029,Top-10% lift,Vanilla PageRank,Likes,6.776345779288054,8.131614935145663,-1.3552691558576093,-2.6909911604288137,-0.12810188480703177,0.049795020497950204,10000,estimable,0.6831316868313169
undecidable-positive,4088,59,4029,AUROC,Temporal Vanilla PageRank,Downloads,0.7820862307591991,0.9189267640117622,-0.13684053325256307,-0.21576285557022623,-0.06264392318871788,0.00019998000199980003,10000,estimable,0.005599440055994401
undecidable-positive,4088,59,4029,AP,Temporal Vanilla PageRank,Downloads,0.27462871303185427,0.4662136785248763,-0.191584965493022,-0.30390154564488575,-0.07326280038075851,0.0011998800119988001,10000,estimable,0.016798320167983202
undecidable-positive,4088,59,4029,Top-1% lift,Temporal Vanilla PageRank,Downloads,25.34931789995866,38.86895411326995,-13.51963621331129,-24.456511734928668,-3.1653116531165324,0.0187981201879812,10000,estimable,0.31956804319568044
undecidable-positive,4088,59,4029,Top-5% lift,Temporal Vanilla PageRank,Downloads,10.815708970649029,11.829681686647376,-1.0139727159983476,-3.901590668080594,2.083828099553575,0.6413358664133587,10000,estimable,1.0
undecidable-positive,4088,59,4029,Top-10% lift,Temporal Vanilla PageRank,Downloads,6.776345779288054,7.792797646181262,-1.0164518668932079,-2.290631388031585,0.35696821515892374,0.18238176182381763,10000,estimable,1.0
undecidable-positive,4088,59,4029,AUROC,Temporal Vanilla PageRank,Likes,0.7820862307591991,0.9024403582501441,-0.12035412749094498,-0.19827836696555115,-0.048202523091149994,0.00039996000399960006,10000,estimable,0.005599440055994401
undecidable-positive,4088,59,4029,AP,Temporal Vanilla PageRank,Likes,0.27462871303185427,0.5503723101293646,-0.27574359709751034,-0.3876355873238772,-0.16033523305688938,0.00019998000199980003,10000,estimable,0.005599440055994401
undecidable-positive,4088,59,4029,Top-1% lift,Temporal Vanilla PageRank,Likes,25.34931789995866,43.93881769326168,-18.589499793303023,-31.981592268752877,-9.970731707317075,0.0005999400059994001,10000,estimable,0.0131986801319868
undecidable-positive,4088,59,4029,Top-5% lift,Temporal Vanilla PageRank,Likes,10.815708970649029,15.209590739975198,-4.393881769326169,-6.647154471544717,-2.083436476155807,0.0005999400059994001,10000,estimable,0.011998800119988001
undecidable-positive,4088,59,4029,Top-10% lift,Temporal Vanilla PageRank,Likes,6.776345779288054,8.131614935145663,-1.3552691558576093,-2.6911437109481122,-0.1427872860635695,0.048795120487951205,10000,estimable,0.6831316868313169
undecidable-positive,4088,59,4029,AUROC,Downloads,Likes,0.9189267640117622,0.9024403582501441,0.016486405761618084,-0.0217660239410656,0.059665555715758545,0.45035496450354967,10000,estimable,0.9007099290070993
undecidable-positive,4088,59,4029,AP,Downloads,Likes,0.4662136785248763,0.5503723101293646,-0.08415863160448833,-0.21106090089683502,0.03746584055086856,0.17938206179382063,10000,estimable,1.0
undecidable-positive,4088,59,4029,Top-1% lift,Downloads,Likes,38.86895411326995,43.93881769326168,-5.069863579991733,-19.24176294394523,4.864768239045829,0.31996800319968005,10000,estimable,1.0
undecidable-positive,4088,59,4029,Top-5% lift,Downloads,Likes,11.829681686647376,15.209590739975198,-3.3799090533278218,-5.801152993348115,-1.0358085480541352,0.006199380061993801,10000,estimable,0.0867913208679132
undecidable-positive,4088,59,4029,Top-10% lift,Downloads,Likes,7.792797646181262,8.131614935145663,-0.33881728896440144,-1.524677800339811,0.768854617265375,0.5937406259374063,10000,estimable,1.0
undecidable-excluded,4057,28,4029,AUROC,S_C3_Q10,Submitted Full ModelRank,0.9785040598517888,0.9896553558132114,-0.011151295961422614,-0.01676241980199364,-0.0056924765696337466,0.00039996000399960006,10000,estimable,0.007199280071992801
undecidable-excluded,4057,28,4029,AP,S_C3_Q10,Submitted Full ModelRank,0.27380509207953035,0.47883237445478893,-0.20502728237525858,-0.33131685550335166,-0.10804959967405404,0.00019998000199980003,10000,estimable,0.005599440055994401
undecidable-excluded,4057,28,4029,Top-1% lift,S_C3_Q10,Submitted Full ModelRank,35.3397212543554,67.14547038327527,-31.805749128919864,-47.97634885439764,-13.019897304236203,0.00039996000399960006,10000,estimable,0.009999000099990002
undecidable-excluded,4057,28,4029,Top-5% lift,S_C3_Q10,Submitted Full ModelRank,16.41643209007741,17.843947923997185,-1.4275158339197738,-4.163587848932677,1.289369140314637,0.44615538446155384,10000,estimable,1.0
undecidable-excluded,4057,28,4029,Top-10% lift,S_C3_Q10,Submitted Full ModelRank,9.992610837438423,9.992610837438423,0.0,0.0,0.0,1.0,10000,estimable,1.0
undecidable-excluded,4057,28,4029,AUROC,S_C3_Q10,AllTime DerivCount,0.9785040598517888,0.9064106655320356,0.07209339431975315,0.01445405080326779,0.14170201484894596,0.015198480151984802,10000,estimable,0.16718328167183283
undecidable-excluded,4057,28,4029,AP,S_C3_Q10,AllTime DerivCount,0.27380509207953035,0.35988524432014435,-0.086080152240614,-0.20543993372464564,0.017647705214618083,0.11758824117588242,10000,estimable,0.7007299270072993
undecidable-excluded,4057,28,4029,Top-1% lift,S_C3_Q10,AllTime DerivCount,35.3397212543554,45.94163763066202,-10.601916376306619,-23.8847771236333,0.0,0.15978402159784022,10000,estimable,1.0
undecidable-excluded,4057,28,4029,Top-5% lift,S_C3_Q10,AllTime DerivCount,16.41643209007741,13.56140042223786,2.855031667839551,0.0,6.869919950738916,0.10778922107789221,10000,estimable,1.0
undecidable-excluded,4057,28,4029,Top-10% lift,S_C3_Q10,AllTime DerivCount,9.992610837438423,8.565095003518648,1.4275158339197755,0.30280638901328594,2.8550316678395493,0.04179582041795821,10000,estimable,0.8693130686931306
undecidable-excluded,4057,28,4029,AUROC,S_C3_Q10,Current DerivCount,0.9785040598517888,0.6746578378186717,0.30384622203311706,0.2155662342200813,0.38611324930264973,0.00019998000199980003,10000,estimable,0.005599440055994401
undecidable-excluded,4057,28,4029,AP,S_C3_Q10,Current DerivCount,0.27380509207953035,0.12674403217864255,0.1470610599008878,0.08022173348150076,0.19708372986397563,0.00039996000399960006,10000,estimable,0.007999200079992
undecidable-excluded,4057,28,4029,Top-1% lift,S_C3_Q10,Current DerivCount,35.3397212543554,28.27177700348432,7.067944250871083,0.0,23.08861788617886,0.7603239676032397,10000,estimable,1.0
undecidable-excluded,4057,28,4029,Top-5% lift,S_C3_Q10,Current DerivCount,16.41643209007741,7.137579169598874,9.278852920478537,5.710063335679099,13.538375973303669,0.00019998000199980003,10000,estimable,0.005599440055994401
undecidable-excluded,4057,28,4029,Top-10% lift,S_C3_Q10,Current DerivCount,9.992610837438423,3.925668543279381,6.066942294159043,4.207415089447757,7.872966114345425,0.00019998000199980003,10000,estimable,0.005599440055994401
undecidable-excluded,4057,28,4029,AUROC,S_C3_Q10,Vanilla PageRank,0.9785040598517888,0.9046333723362763,0.07387068751551251,0.016538443041838838,0.1432370644595879,0.007999200079992,10000,estimable,0.103989601039896
undecidable-excluded,4057,28,4029,AP,S_C3_Q10,Vanilla PageRank,0.27380509207953035,0.35767204790248264,-0.08386695582295228,-0.18169398050843893,0.014787245963673736,0.10478952104789521,10000,estimable,0.7007299270072993
undecidable-excluded,4057,28,4029,Top-1% lift,S_C3_Q10,Vanilla PageRank,35.3397212543554,38.87369337979094,-3.5339721254355396,-18.324299909665765,6.184451219512198,0.5491450854914508,10000,estimable,1.0
undecidable-excluded,4057,28,4029,Top-5% lift,S_C3_Q10,Vanilla PageRank,16.41643209007741,13.56140042223786,2.855031667839551,0.0,6.869919950738916,0.10718928107189281,10000,estimable,1.0
undecidable-excluded,4057,28,4029,Top-10% lift,S_C3_Q10,Vanilla PageRank,9.992610837438423,8.565095003518648,1.4275158339197755,0.30280638901328594,2.8550316678395493,0.04179582041795821,10000,estimable,0.8693130686931306
undecidable-excluded,4057,28,4029,AUROC,S_C3_Q10,Temporal Vanilla PageRank,0.9785040598517888,0.893216147218381,0.08528791263340774,0.010254099649572083,0.17863396197672823,0.0081991800819918,10000,estimable,0.103989601039896
undecidable-excluded,4057,28,4029,AP,S_C3_Q10,Temporal Vanilla PageRank,0.27380509207953035,0.36201880848056806,-0.0882137164010377,-0.1869709799851513,0.011353113863835626,0.08759124087591241,10000,estimable,0.7007299270072993
undecidable-excluded,4057,28,4029,Top-1% lift,S_C3_Q10,Temporal Vanilla PageRank,35.3397212543554,38.87369337979094,-3.5339721254355396,-18.847851335656213,6.8242220353238,0.591940805919408,10000,estimable,1.0
undecidable-excluded,4057,28,4029,Top-5% lift,S_C3_Q10,Temporal Vanilla PageRank,16.41643209007741,13.56140042223786,2.855031667839551,0.0,6.837425182414158,0.10738926107389261,10000,estimable,1.0
undecidable-excluded,4057,28,4029,Top-10% lift,S_C3_Q10,Temporal Vanilla PageRank,9.992610837438423,8.565095003518648,1.4275158339197755,0.30280638901328594,2.8550316678395493,0.0415958404159584,10000,estimable,0.8693130686931306
undecidable-excluded,4057,28,4029,AUROC,S_C3_Q10,Downloads,0.9785040598517888,0.9870581143849945,-0.00855405453320568,-0.01623672004691551,-0.000547284028313795,0.038196180381961806,10000,estimable,0.3819618038196181
undecidable-excluded,4057,28,4029,AP,S_C3_Q10,Downloads,0.27380509207953035,0.6864386335401751,-0.41263354146064474,-0.5597690317630909,-0.23360436807365825,0.00039996000399960006,10000,estimable,0.007999200079992
undecidable-excluded,4057,28,4029,Top-1% lift,S_C3_Q10,Downloads,35.3397212543554,67.14547038327527,-31.805749128919864,-49.47560975609757,-15.22326454033771,0.00039996000399960006,10000,estimable,0.009999000099990002
undecidable-excluded,4057,28,4029,Top-5% lift,S_C3_Q10,Downloads,16.41643209007741,16.41643209007741,0.0,-3.4457278749787683,3.3308702791461418,1.0,10000,estimable,1.0
undecidable-excluded,4057,28,4029,Top-10% lift,S_C3_Q10,Downloads,9.992610837438423,9.992610837438423,0.0,0.0,0.0,1.0,10000,estimable,1.0
undecidable-excluded,4057,28,4029,AUROC,S_C3_Q10,Likes,0.9785040598517888,0.9503022728078573,0.028201787043931503,-0.011767457317555343,0.08679893722297223,0.2753724627537246,10000,estimable,1.0
undecidable-excluded,4057,28,4029,AP,S_C3_Q10,Likes,0.27380509207953035,0.609370629380257,-0.33556553730072664,-0.48646634880546524,-0.15811063047972723,0.00019998000199980003,10000,estimable,0.005599440055994401
undecidable-excluded,4057,28,4029,Top-1% lift,S_C3_Q10,Likes,35.3397212543554,63.61149825783972,-28.271777003484317,-49.47560975609757,-13.6484440706476,0.00039996000399960006,10000,estimable,0.009999000099990002
undecidable-excluded,4057,28,4029,Top-5% lift,S_C3_Q10,Likes,16.41643209007741,17.130190007037296,-0.7137579169598851,-2.2840253342716412,1.7378453630327684,0.9257074292570743,10000,estimable,1.0
undecidable-excluded,4057,28,4029,Top-10% lift,S_C3_Q10,Likes,9.992610837438423,8.921973961998592,1.0706368754398312,0.0,2.3791930565329578,0.10698930106989302,10000,estimable,1.0
undecidable-excluded,4057,28,4029,AUROC,Submitted Full ModelRank,AllTime DerivCount,0.9896553558132114,0.9064106655320356,0.08324469028117576,0.022473566633860173,0.1556494880125045,0.00039996000399960006,10000,estimable,0.007199280071992801
undecidable-excluded,4057,28,4029,AP,Submitted Full ModelRank,AllTime DerivCount,0.47883237445478893,0.35988524432014435,0.11894713013464459,-0.004933834997424875,0.26786083207389255,0.058194180581941805,10000,estimable,0.581941805819418
undecidable-excluded,4057,28,4029,Top-1% lift,Submitted Full ModelRank,AllTime DerivCount,67.14547038327527,45.94163763066202,21.203832752613245,2.748644986449868,37.533221194280905,0.047995200479952004,10000,estimable,0.6719328067193281
undecidable-excluded,4057,28,4029,Top-5% lift,Submitted Full ModelRank,AllTime DerivCount,17.843947923997185,13.56140042223786,4.282547501759325,0.9992610837438409,8.17577250335871,0.0235976402359764,10000,estimable,0.42115788421157885
undecidable-excluded,4057,28,4029,Top-10% lift,Submitted Full ModelRank,AllTime DerivCount,9.992610837438423,8.565095003518648,1.4275158339197755,0.30280638901328594,2.8550316678395493,0.0413958604139586,10000,estimable,0.8693130686931306
undecidable-excluded,4057,28,4029,AUROC,Submitted Full ModelRank,Current DerivCount,0.9896553558132114,0.6746578378186717,0.3149975179945397,0.22358849985430546,0.400641025535335,0.00019998000199980003,10000,estimable,0.005599440055994401
undecidable-excluded,4057,28,4029,AP,Submitted Full ModelRank,Current DerivCount,0.47883237445478893,0.12674403217864255,0.3520883422761464,0.23191210071926782,0.4907021276220879,0.00019998000199980003,10000,estimable,0.005599440055994401
undecidable-excluded,4057,28,4029,Top-1% lift,Submitted Full ModelRank,Current DerivCount,67.14547038327527,28.27177700348432,38.87369337979095,19.029080675422144,54.59377628259042,0.00019998000199980003,10000,estimable,0.005599440055994401
undecidable-excluded,4057,28,4029,Top-5% lift,Submitted Full ModelRank,Current DerivCount,17.843947923997185,7.137579169598874,10.70636875439831,7.136427947152164,14.695015937409444,0.00019998000199980003,10000,estimable,0.005599440055994401
undecidable-excluded,4057,28,4029,Top-10% lift,Submitted Full ModelRank,Current DerivCount,9.992610837438423,3.925668543279381,6.066942294159043,4.207415089447757,7.872966114345425,0.00019998000199980003,10000,estimable,0.005599440055994401
undecidable-excluded,4057,28,4029,AUROC,Submitted Full ModelRank,Vanilla PageRank,0.9896553558132114,0.9046333723362763,0.08502198347693513,0.02436407722613445,0.1567198441008309,0.00019998000199980003,10000,estimable,0.005599440055994401
undecidable-excluded,4057,28,4029,AP,Submitted Full ModelRank,Vanilla PageRank,0.47883237445478893,0.35767204790248264,0.1211603265523063,-0.001183230360642136,0.2817181423533941,0.05219478052194781,10000,estimable,0.5741425857414258
undecidable-excluded,4057,28,4029,Top-1% lift,Submitted Full ModelRank,Vanilla PageRank,67.14547038327527,38.87369337979094,28.271777003484324,7.067944250871079,42.87886178861788,0.0103989601039896,10000,estimable,0.1975802419758024
undecidable-excluded,4057,28,4029,Top-5% lift,Submitted Full ModelRank,Vanilla PageRank,17.843947923997185,13.56140042223786,4.282547501759325,0.9992610837438427,8.17577250335871,0.023397660233976603,10000,estimable,0.42115788421157885
undecidable-excluded,4057,28,4029,Top-10% lift,Submitted Full ModelRank,Vanilla PageRank,9.992610837438423,8.565095003518648,1.4275158339197755,0.30280638901328594,2.8550316678395493,0.0413958604139586,10000,estimable,0.8693130686931306
undecidable-excluded,4057,28,4029,AUROC,Submitted Full ModelRank,Temporal Vanilla PageRank,0.9896553558132114,0.893216147218381,0.09643920859483035,0.018945343690373796,0.19184570023203396,0.00019998000199980003,10000,estimable,0.005599440055994401
undecidable-excluded,4057,28,4029,AP,Submitted Full ModelRank,Temporal Vanilla PageRank,0.47883237445478893,0.36201880848056806,0.11681356597422088,-0.006165612590945404,0.2767657445715284,0.06079392060793921,10000,estimable,0.581941805819418
undecidable-excluded,4057,28,4029,Top-1% lift,Submitted Full ModelRank,Temporal Vanilla PageRank,67.14547038327527,38.87369337979094,28.271777003484324,6.8242220353238,43.291158536585364,0.0103989601039896,10000,estimable,0.1975802419758024
undecidable-excluded,4057,28,4029,Top-5% lift,Submitted Full ModelRank,Temporal Vanilla PageRank,17.843947923997185,13.56140042223786,4.282547501759325,0.9980714872155756,8.14296847788226,0.0235976402359764,10000,estimable,0.42115788421157885
undecidable-excluded,4057,28,4029,Top-10% lift,Submitted Full ModelRank,Temporal Vanilla PageRank,9.992610837438423,8.565095003518648,1.4275158339197755,0.30280638901328594,2.8550316678395493,0.0413958604139586,10000,estimable,0.8693130686931306
undecidable-excluded,4057,28,4029,AUROC,Submitted Full ModelRank,Downloads,0.9896553558132114,0.9870581143849945,0.0025972414282169343,-0.0018608153580782325,0.007889580501148118,0.28777122287771223,10000,estimable,1.0
undecidable-excluded,4057,28,4029,AP,Submitted Full ModelRank,Downloads,0.47883237445478893,0.6864386335401751,-0.20760625908538616,-0.34408674970341535,-0.025390440647328635,0.0197980201979802,10000,estimable,0.23757624237576241
undecidable-excluded,4057,28,4029,Top-1% lift,Submitted Full ModelRank,Downloads,67.14547038327527,67.14547038327527,0.0,-13.6484440706476,9.583904405979437,0.9331066893310669,10000,estimable,1.0
undecidable-excluded,4057,28,4029,Top-5% lift,Submitted Full ModelRank,Downloads,17.843947923997185,16.41643209007741,1.4275158339197738,0.0,3.526803824978268,0.3581641835816418,10000,estimable,1.0
undecidable-excluded,4057,28,4029,Top-10% lift,Submitted Full ModelRank,Downloads,9.992610837438423,9.992610837438423,0.0,0.0,0.0,1.0,10000,estimable,1.0
undecidable-excluded,4057,28,4029,AUROC,Submitted Full ModelRank,Likes,0.9896553558132114,0.9503022728078573,0.03935308300535412,-0.00047482543710028154,0.09865992355144108,0.07179282071792821,10000,estimable,0.6461353864613539
undecidable-excluded,4057,28,4029,AP,Submitted Full ModelRank,Likes,0.47883237445478893,0.609370629380257,-0.13053825492546806,-0.27177755154289,0.04995484380702013,0.19538046195380462,10000,estimable,0.7815218478152185
undecidable-excluded,4057,28,4029,Top-1% lift,Submitted Full ModelRank,Likes,67.14547038327527,63.61149825783972,3.5339721254355467,-16.491869918699187,14.135888501742158,1.0,10000,estimable,1.0
undecidable-excluded,4057,28,4029,Top-5% lift,Submitted Full ModelRank,Likes,17.843947923997185,17.130190007037296,0.7137579169598887,-1.4275158339197738,3.426038001407461,0.640935906409359,10000,estimable,1.0
undecidable-excluded,4057,28,4029,Top-10% lift,Submitted Full ModelRank,Likes,9.992610837438423,8.921973961998592,1.0706368754398312,0.0,2.3791930565329578,0.10278972102789721,10000,estimable,1.0
undecidable-excluded,4057,28,4029,AUROC,AllTime DerivCount,Current DerivCount,0.9064106655320356,0.6746578378186717,0.23175282771336392,0.1414281033258574,0.3212063321876399,0.00019998000199980003,10000,estimable,0.005599440055994401
undecidable-excluded,4057,28,4029,AP,AllTime DerivCount,Current DerivCount,0.35988524432014435,0.12674403217864255,0.2331412121415018,0.11355655338340818,0.35295906295132984,0.00019998000199980003,10000,estimable,0.005599440055994401
undecidable-excluded,4057,28,4029,Top-1% lift,AllTime DerivCount,Current DerivCount,45.94163763066202,28.27177700348432,17.6698606271777,3.092225609756099,34.63292682926829,0.0395960403959604,10000,estimable,0.593940605939406
undecidable-excluded,4057,28,4029,Top-5% lift,AllTime DerivCount,Current DerivCount,13.56140042223786,7.137579169598874,6.4238212526389855,3.028063890132855,9.992610837438423,0.00039996000399960006,10000,estimable,0.009599040095990401
undecidable-excluded,4057,28,4029,Top-10% lift,AllTime DerivCount,Current DerivCount,8.565095003518648,3.925668543279381,4.639426460239267,2.797931034482759,6.533630162940508,0.00019998000199980003,10000,estimable,0.005599440055994401
undecidable-excluded,4057,28,4029,AUROC,AllTime DerivCount,Vanilla PageRank,0.9064106655320356,0.9046333723362763,0.0017772931957593663,0.0008855469477212358,0.002919680170982544,0.00019998000199980003,10000,estimable,0.005599440055994401
undecidable-excluded,4057,28,4029,AP,AllTime DerivCount,Vanilla PageRank,0.35988524432014435,0.35767204790248264,0.0022131964176617114,-0.040882982050520524,0.04618350963610167,0.6677332266773323,10000,estimable,1.0
undecidable-excluded,4057,28,4029,Top-1% lift,AllTime DerivCount,Vanilla PageRank,45.94163763066202,38.87369337979094,7.067944250871079,0.0,15.22326454033771,0.6029397060293971,10000,estimable,1.0
undecidable-excluded,4057,28,4029,Top-5% lift,AllTime DerivCount,Vanilla PageRank,13.56140042223786,13.56140042223786,0.0,0.0,0.0,1.0,10000,estimable,1.0
undecidable-excluded,4057,28,4029,Top-10% lift,AllTime DerivCount,Vanilla PageRank,8.565095003518648,8.565095003518648,0.0,0.0,0.0,1.0,10000,estimable,1.0
undecidable-excluded,4057,28,4029,AUROC,AllTime DerivCount,Temporal Vanilla PageRank,0.9064106655320356,0.893216147218381,0.01319451831365459,-0.02645527889261939,0.05593883512939826,0.47795220477952205,10000,estimable,1.0
undecidable-excluded,4057,28,4029,AP,AllTime DerivCount,Temporal Vanilla PageRank,0.35988524432014435,0.36201880848056806,-0.0021335641604237066,-0.04558395859633378,0.04207306935985903,0.8049195080491951,10000,estimable,1.0
undecidable-excluded,4057,28,4029,Top-1% lift,AllTime DerivCount,Temporal Vanilla PageRank,45.94163763066202,38.87369337979094,7.067944250871079,0.0,15.832195121951216,0.6167383261673832,10000,estimable,1.0
undecidable-excluded,4057,28,4029,Top-5% lift,AllTime DerivCount,Temporal Vanilla PageRank,13.56140042223786,13.56140042223786,0.0,0.0,0.0,1.0,10000,estimable,1.0
undecidable-excluded,4057,28,4029,Top-10% lift,AllTime DerivCount,Temporal Vanilla PageRank,8.565095003518648,8.565095003518648,0.0,0.0,0.0,1.0,10000,estimable,1.0
undecidable-excluded,4057,28,4029,AUROC,AllTime DerivCount,Downloads,0.9064106655320356,0.9870581143849945,-0.08064744885295883,-0.15274788399351186,-0.01927072010869567,0.0025997400259974,10000,estimable,0.0363963603639636
undecidable-excluded,4057,28,4029,AP,AllTime DerivCount,Downloads,0.35988524432014435,0.6864386335401751,-0.32655338922003074,-0.500614218619953,-0.13230505148706403,0.000999900009999,10000,estimable,0.015998400159984
undecidable-excluded,4057,28,4029,Top-1% lift,AllTime DerivCount,Downloads,45.94163763066202,67.14547038327527,-21.203832752613245,-40.313459801264685,0.0,0.051394860513948606,10000,estimable,0.6719328067193281
undecidable-excluded,4057,28,4029,Top-5% lift,AllTime DerivCount,Downloads,13.56140042223786,16.41643209007741,-2.855031667839551,-7.091530271730495,0.6446845701573185,0.137986201379862,10000,estimable,1.0
undecidable-excluded,4057,28,4029,Top-10% lift,AllTime DerivCount,Downloads,8.565095003518648,9.992610837438423,-1.4275158339197755,-2.8550316678395493,-0.30280638901328594,0.0413958604139586,10000,estimable,0.8693130686931306
undecidable-excluded,4057,28,4029,AUROC,AllTime DerivCount,Likes,0.9064106655320356,0.9503022728078573,-0.04389160727582164,-0.11824099879752938,0.026897516571495354,0.20737926207379262,10000,estimable,1.0
undecidable-excluded,4057,28,4029,AP,AllTime DerivCount,Likes,0.35988524432014435,0.609370629380257,-0.24948538506011264,-0.4060847687627461,-0.08189999155976796,0.0027997200279972004,10000,estimable,0.036396360363963605
undecidable-excluded,4057,28,4029,Top-1% lift,AllTime DerivCount,Likes,45.94163763066202,63.61149825783972,-17.669860627177698,-37.106707317073166,-6.383949645948071,0.0057994200579942,10000,estimable,0.115988401159884
undecidable-excluded,4057,28,4029,Top-5% lift,AllTime DerivCount,Likes,13.56140042223786,17.130190007037296,-3.568789584799436,-6.6617405582922835,-0.8689226815163842,0.012398760123987601,10000,estimable,0.26037396260373963
undecidable-excluded,4057,28,4029,Top-10% lift,AllTime DerivCount,Likes,8.565095003518648,8.921973961998592,-0.35687895847994433,-1.9340537104719528,1.2490763546798025,0.8347165283471653,10000,estimable,1.0
undecidable-excluded,4057,28,4029,AUROC,Current DerivCount,Vanilla PageRank,0.6746578378186717,0.9046333723362763,-0.22997553451760455,-0.31876900980060824,-0.14011436671647476,0.00019998000199980003,10000,estimable,0.005599440055994401
undecidable-excluded,4057,28,4029,AP,Current DerivCount,Vanilla PageRank,0.12674403217864255,0.35767204790248264,-0.23092801572384009,-0.3318362740206501,-0.10875867379929383,0.00019998000199980003,10000,estimable,0.005599440055994401
undecidable-excluded,4057,28,4029,Top-1% lift,Current DerivCount,Vanilla PageRank,28.27177700348432,38.87369337979094,-10.601916376306622,-28.863286362284356,2.4753662445278093,0.1827817218278172,10000,estimable,1.0
undecidable-excluded,4057,28,4029,Top-5% lift,Current DerivCount,Vanilla PageRank,7.137579169598874,13.56140042223786,-6.4238212526389855,-9.992610837438423,-3.028063890132855,0.00039996000399960006,10000,estimable,0.009599040095990401
undecidable-excluded,4057,28,4029,Top-10% lift,Current DerivCount,Vanilla PageRank,3.925668543279381,8.565095003518648,-4.639426460239267,-6.533630162940508,-2.797931034482759,0.00019998000199980003,10000,estimable,0.005599440055994401
undecidable-excluded,4057,28,4029,AUROC,Current DerivCount,Temporal Vanilla PageRank,0.6746578378186717,0.893216147218381,-0.21855830939970933,-0.3183246920944082,-0.11335734490899828,0.00019998000199980003,10000,estimable,0.005599440055994401
undecidable-excluded,4057,28,4029,AP,Current DerivCount,Temporal Vanilla PageRank,0.12674403217864255,0.36201880848056806,-0.2352747763019255,-0.3376782937216465,-0.11200507557488353,0.00019998000199980003,10000,estimable,0.005599440055994401
undecidable-excluded,4057,28,4029,Top-1% lift,Current DerivCount,Temporal Vanilla PageRank,28.27177700348432,38.87369337979094,-10.601916376306622,-28.86077235772358,3.4121110176619,0.206979302069793,10000,estimable,1.0
undecidable-excluded,4057,28,4029,Top-5% lift,Current DerivCount,Temporal Vanilla PageRank,7.137579169598874,13.56140042223786,-6.4238212526389855,-9.992610837438423,-3.028063890132855,0.00039996000399960006,10000,estimable,0.009599040095990401
undecidable-excluded,4057,28,4029,Top-10% lift,Current DerivCount,Temporal Vanilla PageRank,3.925668543279381,8.565095003518648,-4.639426460239267,-6.533630162940508,-2.797931034482759,0.00019998000199980003,10000,estimable,0.005599440055994401
undecidable-excluded,4057,28,4029,AUROC,Current DerivCount,Downloads,0.6746578378186717,0.9870581143849945,-0.31240027656632274,-0.3974765249882344,-0.22149007455206496,0.00019998000199980003,10000,estimable,0.005599440055994401
undecidable-excluded,4057,28,4029,AP,Current DerivCount,Downloads,0.12674403217864255,0.6864386335401751,-0.5596946013615325,-0.6940183202986332,-0.3704904554065796,0.00019998000199980003,10000,estimable,0.005599440055994401
undecidable-excluded,4057,28,4029,Top-1% lift,Current DerivCount,Downloads,28.27177700348432,67.14547038327527,-38.87369337979095,-58.00588730025231,-19.790243902439023,0.00019998000199980003,10000,estimable,0.005599440055994401
undecidable-excluded,4057,28,4029,Top-5% lift,Current DerivCount,Downloads,7.137579169598874,16.41643209007741,-9.278852920478537,-13.538375973303669,-5.802161131415858,0.00019998000199980003,10000,estimable,0.005599440055994401
undecidable-excluded,4057,28,4029,Top-10% lift,Current DerivCount,Downloads,3.925668543279381,9.992610837438423,-6.066942294159043,-7.872966114345425,-4.207415089447757,0.00019998000199980003,10000,estimable,0.005599440055994401
undecidable-excluded,4057,28,4029,AUROC,Current DerivCount,Likes,0.6746578378186717,0.9503022728078573,-0.27564443498918556,-0.36627310258619766,-0.1797544765925693,0.00019998000199980003,10000,estimable,0.005599440055994401
undecidable-excluded,4057,28,4029,AP,Current DerivCount,Likes,0.12674403217864255,0.609370629380257,-0.48262659720161444,-0.6266081916928847,-0.28780793076372335,0.00019998000199980003,10000,estimable,0.005599440055994401
undecidable-excluded,4057,28,4029,Top-1% lift,Current DerivCount,Likes,28.27177700348432,63.61149825783972,-35.339721254355396,-57.28754813863928,-19.02908067542214,0.00019998000199980003,10000,estimable,0.005599440055994401
undecidable-excluded,4057,28,4029,Top-5% lift,Current DerivCount,Likes,7.137579169598874,17.130190007037296,-9.992610837438422,-13.70504420302604,-6.149298976885184,0.00019998000199980003,10000,estimable,0.005599440055994401
undecidable-excluded,4057,28,4029,Top-10% lift,Current DerivCount,Likes,3.925668543279381,8.921973961998592,-4.996305418719212,-6.891455749957533,-3.122152491719049,0.00019998000199980003,10000,estimable,0.005599440055994401
undecidable-excluded,4057,28,4029,AUROC,Vanilla PageRank,Temporal Vanilla PageRank,0.9046333723362763,0.893216147218381,0.011417225117895224,-0.028110553350593145,0.054305281021374836,0.6023397660233977,10000,estimable,1.0
undecidable-excluded,4057,28,4029,AP,Vanilla PageRank,Temporal Vanilla PageRank,0.35767204790248264,0.36201880848056806,-0.004346760578085418,-0.010584776991122001,0.001164102471522706,0.0973902609739026,10000,estimable,0.7007299270072993
undecidable-excluded,4057,28,4029,Top-1% lift,Vanilla PageRank,Temporal Vanilla PageRank,38.87369337979094,38.87369337979094,0.0,-3.8058161350844273,4.711962833914054,1.0,10000,estimable,1.0
undecidable-excluded,4057,28,4029,Top-5% lift,Vanilla PageRank,Temporal Vanilla PageRank,13.56140042223786,13.56140042223786,0.0,0.0,0.0,1.0,10000,estimable,1.0
undecidable-excluded,4057,28,4029,Top-10% lift,Vanilla PageRank,Temporal Vanilla PageRank,8.565095003518648,8.565095003518648,0.0,0.0,0.0,1.0,10000,estimable,1.0
undecidable-excluded,4057,28,4029,AUROC,Vanilla PageRank,Downloads,0.9046333723362763,0.9870581143849945,-0.08242474204871819,-0.15432385242840027,-0.021219276595376608,0.0011998800119988001,10000,estimable,0.019198080191980802
undecidable-excluded,4057,28,4029,AP,Vanilla PageRank,Downloads,0.35767204790248264,0.6864386335401751,-0.32876658563769245,-0.5043433747018344,-0.14653100560384483,0.0007999200079992001,10000,estimable,0.014398560143985602
undecidable-excluded,4057,28,4029,Top-1% lift,Vanilla PageRank,Downloads,38.87369337979094,67.14547038327527,-28.271777003484324,-45.35264227642276,-7.916097560975608,0.0103989601039896,10000,estimable,0.1975802419758024
undecidable-excluded,4057,28,4029,Top-5% lift,Vanilla PageRank,Downloads,13.56140042223786,16.41643209007741,-2.855031667839551,-7.091530271730495,0.6446845701573185,0.13758624137586242,10000,estimable,1.0
undecidable-excluded,4057,28,4029,Top-10% lift,Vanilla PageRank,Downloads,8.565095003518648,9.992610837438423,-1.4275158339197755,-2.8550316678395493,-0.30280638901328594,0.0413958604139586,10000,estimable,0.8693130686931306
undecidable-excluded,4057,28,4029,AUROC,Vanilla PageRank,Likes,0.9046333723362763,0.9503022728078573,-0.04566890047158101,-0.11981816545833657,0.024875948036809706,0.19718028197180282,10000,estimable,1.0
undecidable-excluded,4057,28,4029,AP,Vanilla PageRank,Likes,0.35767204790248264,0.609370629380257,-0.25169858147777435,-0.41133885147142196,-0.09711616390574686,0.0011998800119988001,10000,estimable,0.017998200179982
undecidable-excluded,4057,28,4029,Top-1% lift,Vanilla PageRank,Likes,38.87369337979094,63.61149825783972,-24.737804878048777,-42.40766550522649,-10.41591784338896,0.000999900009999,10000,estimable,0.021997800219978002
undecidable-excluded,4057,28,4029,Top-5% lift,Vanilla PageRank,Likes,13.56140042223786,17.130190007037296,-3.568789584799436,-6.6617405582922835,-0.8689226815163842,0.012398760123987601,10000,estimable,0.26037396260373963
undecidable-excluded,4057,28,4029,Top-10% lift,Vanilla PageRank,Likes,8.565095003518648,8.921973961998592,-0.35687895847994433,-1.9340537104719528,1.2490763546798025,0.8347165283471653,10000,estimable,1.0
undecidable-excluded,4057,28,4029,AUROC,Temporal Vanilla PageRank,Downloads,0.893216147218381,0.9870581143849945,-0.09384196716661342,-0.18782328921509994,-0.017001573927319234,0.0011998800119988001,10000,estimable,0.019198080191980802
undecidable-excluded,4057,28,4029,AP,Temporal Vanilla PageRank,Downloads,0.36201880848056806,0.6864386335401751,-0.32441982505960704,-0.49960627883817627,-0.14075241225614438,0.0007999200079992001,10000,estimable,0.014398560143985602
undecidable-excluded,4057,28,4029,Top-1% lift,Temporal Vanilla PageRank,Downloads,38.87369337979094,67.14547038327527,-28.271777003484324,-45.66979362101314,-7.611632270168855,0.0115988401159884,10000,estimable,0.1975802419758024
undecidable-excluded,4057,28,4029,Top-5% lift,Temporal Vanilla PageRank,Downloads,13.56140042223786,16.41643209007741,-2.855031667839551,-7.091530271730495,0.6446845701573185,0.13858614138586142,10000,estimable,1.0
undecidable-excluded,4057,28,4029,Top-10% lift,Temporal Vanilla PageRank,Downloads,8.565095003518648,9.992610837438423,-1.4275158339197755,-2.8550316678395493,-0.30280638901328594,0.0413958604139586,10000,estimable,0.8693130686931306
undecidable-excluded,4057,28,4029,AUROC,Temporal Vanilla PageRank,Likes,0.893216147218381,0.9503022728078573,-0.05708612558947623,-0.15496597084904384,0.02533833649732016,0.19978002199780023,10000,estimable,1.0
undecidable-excluded,4057,28,4029,AP,Temporal Vanilla PageRank,Likes,0.36201880848056806,0.609370629380257,-0.24735182089968893,-0.40660744564135715,-0.0931663940317368,0.0017998200179982,10000,estimable,0.0251974802519748
undecidable-excluded,4057,28,4029,Top-1% lift,Temporal Vanilla PageRank,Likes,38.87369337979094,63.61149825783972,-24.737804878048777,-43.022269353128316,-10.41591784338896,0.0011998800119988001,10000,estimable,0.025197480251974803
undecidable-excluded,4057,28,4029,Top-5% lift,Temporal Vanilla PageRank,Likes,13.56140042223786,17.130190007037296,-3.568789584799436,-6.6617405582922835,-0.8689226815163842,0.012798720127987202,10000,estimable,0.26037396260373963
undecidable-excluded,4057,28,4029,Top-10% lift,Temporal Vanilla PageRank,Likes,8.565095003518648,8.921973961998592,-0.35687895847994433,-1.9340537104719528,1.2490763546798025,0.8347165283471653,10000,estimable,1.0
undecidable-excluded,4057,28,4029,AUROC,Downloads,Likes,0.9870581143849945,0.9503022728078573,0.03675584157713718,-0.005985566616623347,0.0982774102903718,0.2191780821917808,10000,estimable,1.0
undecidable-excluded,4057,28,4029,AP,Downloads,Likes,0.6864386335401751,0.609370629380257,0.0770680041599181,-0.10453302230224186,0.2538808478055201,0.401959804019598,10000,estimable,1.0
undecidable-excluded,4057,28,4029,Top-1% lift,Downloads,Likes,67.14547038327527,63.61149825783972,3.5339721254355467,-17.20890774125133,18.847851335656216,1.0,10000,estimable,1.0
undecidable-excluded,4057,28,4029,Top-5% lift,Downloads,Likes,16.41643209007741,17.130190007037296,-0.7137579169598851,-3.5268038249782663,2.7252575011195717,1.0,10000,estimable,1.0
undecidable-excluded,4057,28,4029,Top-10% lift,Downloads,Likes,9.992610837438423,8.921973961998592,1.0706368754398312,0.0,2.3791930565329578,0.10278972102789721,10000,estimable,1.0
