candidate,baseline,family,metric,statistic,material_threshold,n_months,mean_difference,sd_difference,ci_low,ci_high,p_raw,bootstrap_ci_low,bootstrap_ci_high,bootstrap_direction,holm_p,holm_family_size,decision,robust_material_win,material_loss
S_C3_Q10,AllTime DerivCount,quantity,future_direct_children_3m,lift,0.1,6,0.33129565322430565,0.22100999303329946,0.099359889761998,0.5632314166866133,0.014416218822879788,0.16826073691966478,0.49045488810707516,positive,0.2162432823431968,21,tie,False,False
S_C3_Q10,AllTime DerivCount,quantity,future_active_parent_months_3m,lift,0.1,6,0.3541159851656665,0.2260871495446243,0.11685207271104461,0.5913798976202884,0.012165819480658159,0.18691458092694613,0.5104762388782151,positive,0.200514388635534,21,tie,False,False
S_C3_Q10,AllTime DerivCount,quantity,future_active_parent_binary_3m,auc,0.01,6,0.033424089271755296,0.03871551791332146,-0.007205355043515653,0.07405353358702624,0.0880946197936735,0.007042526417038786,0.06221693893362362,positive,0.7928515781430615,21,tie,False,False
S_C3_Q10,AllTime DerivCount,descendant_quality,future_child_download_quality_sum_3m,lift,0.1,6,0.25465414210171433,0.2461148671532503,-0.003627570997172036,0.5129358552006007,0.05224405144563679,0.07348009375327587,0.4269001334832003,positive,0.522440514456368,21,tie,False,False
S_C3_Q10,AllTime DerivCount,descendant_quality,future_child_like_quality_sum_3m,lift,0.1,6,0.2172405259654059,0.09102391810347443,0.12171678222464655,0.3127642697061653,0.0020732542312932633,0.15876771119417085,0.2906785416615887,positive,0.039391830394572,21,win,True,False
S_C3_Q10,AllTime DerivCount,descendant_quality,future_high_download_child_count_3m,lift,0.1,6,0.133419178818179,0.3706403461980229,-0.2555440100654123,0.5223823677017703,0.41828138763205763,-0.1413565705440425,0.40295146943723764,mixed,0.8909595549476713,21,tie,False,False
S_C3_Q10,AllTime DerivCount,descendant_quality,future_high_like_child_count_3m,lift,0.1,6,0.1328607616071978,0.11483329411441383,0.012350610116874175,0.25337091309752147,0.03650143187359776,0.0445513200452922,0.21178238070779956,positive,0.40151575060957534,21,tie,False,False
S_C3_Q10,AllTime DerivCount,descendant_quality,future_nonzero_like_child_share_3m,lift,0.1,6,0.18079256887108905,0.14918538279366098,0.02423211121589608,0.337353026526282,0.031212819045291704,0.07107015536370342,0.2855670687018598,positive,0.39406581730497875,21,tie,False,False
S_C3_Q10,AllTime DerivCount,descendant_quality,future_nonzero_download_child_share_3m,lift,0.1,6,0.2927441395471291,0.23951551626003822,0.04138802047575885,0.5441002586184993,0.03031275517730606,0.12447477054865042,0.4603668268355326,positive,0.39406581730497875,21,tie,False,False
S_C3_Q10,AllTime DerivCount,descendant_quality,future_child_download_quality_mean_3m,lift,0.1,6,0.25852686004201697,0.330229585276016,-0.08802783609470433,0.6050815561787383,0.11327205444316706,0.014574535715705291,0.48464028869856607,positive,0.8909595549476713,21,tie,False,False
S_C3_Q10,AllTime DerivCount,descendant_quality,future_child_download_quality_median_3m,lift,0.1,6,0.2607299129794114,0.3307650405401564,-0.08638670899506878,0.6078465349538915,0.11136994436845891,0.015976559358771514,0.49329268310187163,positive,0.8909595549476713,21,tie,False,False
S_C3_Q10,AllTime DerivCount,descendant_quality,future_child_like_quality_mean_3m,lift,0.1,6,0.29499208964525686,0.1108023616362315,0.178712142359552,0.4112720369309617,0.0012676209513032709,0.21423847947209915,0.3740519499229646,positive,0.026620039977368688,21,win,True,False
S_C3_Q10,AllTime DerivCount,descendant_quality,future_child_like_quality_median_3m,lift,0.1,6,0.2977490454259161,0.11739881350753864,0.174546546449603,0.42095154440222926,0.001579067389214658,0.212305522985779,0.3831925678660532,positive,0.03158134778429316,21,win,True,False
S_C3_Q10,AllTime DerivCount,repropagation,future_child_becomes_parent_share_3m,lift,0.1,3,0.21342236288894778,0.14137099223071622,-0.13776265025458528,0.5646073760324808,0.12040642239532515,0.07981523034384885,0.36145159040290853,positive,0.8909595549476713,21,tie,False,False
S_C3_Q10,AllTime DerivCount,repropagation,future_child_future_child_count_mean_3m,lift,0.1,3,0.15347570187549722,0.10473181966794944,-0.10669256097866678,0.41364396472966125,0.12644480542056483,0.06690216226678558,0.2698892159713502,positive,0.8909595549476713,21,tie,False,False
S_C3_Q10,AllTime DerivCount,repropagation,future_child_future_child_count_median_3m,lift,0.1,3,0.14305675427449258,0.12108610393883597,-0.1577378028851625,0.4438513114341477,0.17734275923654969,0.04328995617682452,0.2777740148710066,positive,0.8909595549476713,21,tie,False,False
S_C3_Q10,AllTime DerivCount,repropagation,future_child_second_order_diffusion_share_3m,lift,0.1,3,0.1742082812426015,0.14424643738538012,-0.1841197336476134,0.5325362961328164,0.1715620073250287,0.04653216140517813,0.3306807894827628,positive,0.8909595549476713,21,tie,False,False
S_C3_Q10,AllTime DerivCount,adoption_breadth,future_child_owner_breadth_3m,lift,0.1,6,0.3068525962996896,0.19436638920046542,0.10287758027482724,0.5108276123245519,0.011794964037384352,0.16806969798348778,0.44657184360696706,positive,0.200514388635534,21,tie,False,False
S_C3_Q10,AllTime DerivCount,adoption_breadth,future_high_download_child_owner_breadth_3m,lift,0.1,6,0.13300456404423366,0.3317430487718113,-0.21513841462465688,0.4811475427131242,0.37116807712664446,-0.10922262635913309,0.37626237044825256,mixed,0.8909595549476713,21,tie,False,False
S_C3_Q10,AllTime DerivCount,adoption_breadth,future_high_like_child_owner_breadth_3m,lift,0.1,6,0.1531651283922054,0.07129245480361053,0.07834828546562284,0.22798197131878795,0.003292077912251332,0.10426080483864815,0.20881563857003674,positive,0.05925740242052397,21,tie,False,False
S_C3_Q10,AllTime DerivCount,adoption_breadth,future_cross_owner_reuse_share_3m,lift,0.1,6,0.4167897051146812,0.327165959795258,0.07345008674476083,0.7601293234846016,0.02623733729489973,0.1772490719732153,0.6539402290047605,positive,0.3673227221285962,21,tie,False,False
S_C3_Q10,Current DerivCount,quantity,future_direct_children_3m,lift,0.1,6,1.8646625948550943,0.5954293334197924,1.239797831324855,2.4895273583853337,0.0005999008541360718,1.404585861858374,2.283292208097901,positive,0.008398611957905006,21,win,True,False
S_C3_Q10,Current DerivCount,quantity,future_active_parent_months_3m,lift,0.1,6,2.362749122950797,0.7052081238923673,1.622678584193964,3.1028196617076302,0.000437225384051212,1.8484565480812936,2.8614663645926197,positive,0.00655838076076818,21,win,True,False
S_C3_Q10,Current DerivCount,quantity,future_active_parent_binary_3m,auc,0.01,6,0.17044571280800924,0.037935630261531496,0.13063471038964147,0.210256715226377,0.00010778610601022602,0.1433358780161769,0.19766862558296813,positive,0.0019401499081840683,21,win,True,False
S_C3_Q10,Current DerivCount,descendant_quality,future_child_download_quality_sum_3m,lift,0.1,6,1.4718150125095277,0.4728990114404196,0.9755379358323726,1.9680920891866829,0.0006174427798680177,1.1112602880900522,1.795481191927303,positive,0.008398611957905006,21,win,True,False
S_C3_Q10,Current DerivCount,descendant_quality,future_child_like_quality_sum_3m,lift,0.1,6,1.722717458657021,0.7858844605121993,0.8979822969550908,2.5474526203589516,0.003016030008533313,1.1406943055694503,2.2814113694674054,positive,0.022378931521030612,21,win,True,False
S_C3_Q10,Current DerivCount,descendant_quality,future_high_download_child_count_3m,lift,0.1,6,0.385285096338283,0.2503780665984894,0.12252942980157794,0.648040762874988,0.01303219292347753,0.22116405788498472,0.5845595575171094,positive,0.06516096461738766,21,tie,False,False
S_C3_Q10,Current DerivCount,descendant_quality,future_high_like_child_count_3m,lift,0.1,6,1.7797942074346451,0.7124678298977718,1.0321050744605738,2.5274833404087165,0.001690515632271919,1.1982687532980238,2.198163881783828,positive,0.01690515632271919,21,win,True,False
S_C3_Q10,Current DerivCount,descendant_quality,future_nonzero_like_child_share_3m,lift,0.1,6,2.4577028450304277,0.44063856867273,1.9952810267525107,2.9201246633083446,3.7677341050146795e-05,2.1699581946886908,2.798519417391742,positive,0.0007158694799527892,21,win,True,False
S_C3_Q10,Current DerivCount,descendant_quality,future_nonzero_download_child_share_3m,lift,0.1,6,2.2883286127618128,0.7440778218444231,1.5074668276621006,3.069190397861525,0.0006527340078332809,1.744498548627779,2.8121226847449576,positive,0.008398611957905006,21,win,True,False
S_C3_Q10,Current DerivCount,descendant_quality,future_child_download_quality_mean_3m,lift,0.1,6,1.9096677522054895,0.8336640351959617,1.034791001971347,2.7845445024396316,0.002486547946781179,1.3039626372238757,2.4913149220966537,positive,0.022378931521030612,21,win,True,False
S_C3_Q10,Current DerivCount,descendant_quality,future_child_download_quality_median_3m,lift,0.1,6,1.911348308454211,0.8372348091738913,1.0327242607456162,2.789972356162806,0.002524034254531449,1.3146624176120072,2.5127658435150826,positive,0.022378931521030612,21,win,True,False
S_C3_Q10,Current DerivCount,descendant_quality,future_child_like_quality_mean_3m,lift,0.1,6,2.735594077874263,0.3963494631990782,2.3196508253395085,3.1515373304090173,1.3240833458396019e-05,2.437357795750266,3.0145715793197465,positive,0.00026481666916792037,21,win,True,False
S_C3_Q10,Current DerivCount,descendant_quality,future_child_like_quality_median_3m,lift,0.1,6,2.821698143931792,0.36309866525692397,2.4406494638125142,3.2027468240510695,7.374617429404111e-06,2.5545089482988375,3.072753662903725,positive,0.00015486696601748633,21,win,True,False
S_C3_Q10,Current DerivCount,repropagation,future_child_becomes_parent_share_3m,lift,0.1,3,5.252787040855531,1.0706684849531303,2.5930990806338294,7.912475001077233,0.013567509018571915,4.4955699137062055,6.477739312054717,positive,0.06516096461738766,21,tie,False,False
S_C3_Q10,Current DerivCount,repropagation,future_child_future_child_count_mean_3m,lift,0.1,3,5.552748591675688,1.453342991269504,1.9424444589998227,9.163052724351553,0.022081368250371543,4.407755887691262,7.187765358125437,positive,0.06624410475111463,21,tie,False,False
S_C3_Q10,Current DerivCount,repropagation,future_child_future_child_count_median_3m,lift,0.1,3,5.979960409845361,1.923890306811476,1.2007519454832867,10.759168874207436,0.03281314758105625,4.718605223273796,8.194333438694724,positive,0.06624410475111463,21,tie,False,False
S_C3_Q10,Current DerivCount,repropagation,future_child_second_order_diffusion_share_3m,lift,0.1,3,5.6538868379415375,1.6914602029258101,1.4520667599807373,9.855706915902338,0.028561781023449237,4.50996500350053,7.596840003717321,positive,0.06624410475111463,21,tie,False,False
S_C3_Q10,Current DerivCount,adoption_breadth,future_child_owner_breadth_3m,lift,0.1,6,1.898191972056992,0.551684724885191,1.3192343597762615,2.4771495843377225,0.00038574962253884996,1.484619306960069,2.2810120900170405,positive,0.006171993960621599,21,win,True,False
S_C3_Q10,Current DerivCount,adoption_breadth,future_high_download_child_owner_breadth_3m,lift,0.1,6,0.3982729623109223,0.24508619719928657,0.14107077212341562,0.655475152498429,0.010525489097975481,0.22358396010411266,0.5859239344785574,positive,0.06315293458785289,21,tie,False,False
S_C3_Q10,Current DerivCount,adoption_breadth,future_high_like_child_owner_breadth_3m,lift,0.1,6,2.006249853872942,0.5399244277853281,1.439633916504573,2.572865791241311,0.0002679636942504148,1.586449779398342,2.3729452777073328,positive,0.004555382802257051,21,win,True,False
S_C3_Q10,Current DerivCount,adoption_breadth,future_cross_owner_reuse_share_3m,lift,0.1,6,2.502473658865838,0.9074382815729649,1.5501755851772012,3.454771732554475,0.0010795383914129941,1.844767881509317,3.1677078309436304,positive,0.011874922305542936,21,win,True,False
S_C3_Q10,Vanilla PageRank,quantity,future_direct_children_3m,lift,0.1,6,0.33129565322430565,0.22100999303329946,0.099359889761998,0.5632314166866133,0.014416218822879788,0.17019857763060045,0.49045488810707516,positive,0.2162432823431968,21,tie,False,False
S_C3_Q10,Vanilla PageRank,quantity,future_active_parent_months_3m,lift,0.1,6,0.3541159851656665,0.2260871495446243,0.11685207271104461,0.5913798976202884,0.012165819480658159,0.1894117921625591,0.5140970412456908,positive,0.200514388635534,21,tie,False,False
S_C3_Q10,Vanilla PageRank,quantity,future_active_parent_binary_3m,auc,0.01,6,0.034271515277763544,0.038783450897556096,-0.0064292203322877245,0.07497225088781481,0.0827129282880429,0.00786537654454896,0.06313883579617596,positive,0.7444163545923861,21,tie,False,False
S_C3_Q10,Vanilla PageRank,descendant_quality,future_child_download_quality_sum_3m,lift,0.1,6,0.2546541421017141,0.2461148671532506,-0.003627570997172591,0.5129358552006008,0.05224405144563716,0.07438651698808137,0.4269001334832003,positive,0.5224405144563716,21,tie,False,False
S_C3_Q10,Vanilla PageRank,descendant_quality,future_child_like_quality_sum_3m,lift,0.1,6,0.21724052596540577,0.09102391810347443,0.12171678222464641,0.3127642697061651,0.0020732542312932706,0.1583324583736032,0.2883206553462448,positive,0.03939183039457214,21,win,True,False
S_C3_Q10,Vanilla PageRank,descendant_quality,future_high_download_child_count_3m,lift,0.1,6,0.133419178818179,0.3706403461980229,-0.2555440100654123,0.5223823677017703,0.41828138763205763,-0.14351077831679668,0.4044511476788532,mixed,0.8909595549476749,21,tie,False,False
S_C3_Q10,Vanilla PageRank,descendant_quality,future_high_like_child_count_3m,lift,0.1,6,0.1328607616071978,0.11483329411441383,0.012350610116874175,0.25337091309752147,0.03650143187359776,0.04372113209430791,0.21178238070779956,positive,0.40151575060957534,21,tie,False,False
S_C3_Q10,Vanilla PageRank,descendant_quality,future_nonzero_like_child_share_3m,lift,0.1,6,0.18079256887108905,0.14918538279366067,0.024232111215896412,0.3373530265262817,0.03121281904529149,0.07416103260772379,0.28581803490662167,positive,0.39406581730497897,21,tie,False,False
S_C3_Q10,Vanilla PageRank,descendant_quality,future_nonzero_download_child_share_3m,lift,0.1,6,0.2927441395471291,0.2395155162600383,0.04138802047575879,0.5441002586184993,0.030312755177306076,0.12313688527740803,0.46036682683553276,positive,0.39406581730497897,21,tie,False,False
S_C3_Q10,Vanilla PageRank,descendant_quality,future_child_download_quality_mean_3m,lift,0.1,6,0.25852686004201725,0.33022958527601637,-0.08802783609470449,0.605081556178739,0.11327205444316706,0.01751894032035506,0.493515687562053,positive,0.8909595549476749,21,tie,False,False
S_C3_Q10,Vanilla PageRank,descendant_quality,future_child_download_quality_median_3m,lift,0.1,6,0.2607299129794109,0.3307650405401563,-0.08638670899506923,0.6078465349538911,0.11136994436845936,0.01939897920973636,0.493371166774164,positive,0.8909595549476749,21,tie,False,False
S_C3_Q10,Vanilla PageRank,descendant_quality,future_child_like_quality_mean_3m,lift,0.1,6,0.29499208964525686,0.1108023616362319,0.17871214235955157,0.41127203693096215,0.0012676209513032915,0.21423689193254186,0.3757456998184148,positive,0.02662003997736912,21,win,True,False
S_C3_Q10,Vanilla PageRank,descendant_quality,future_child_like_quality_median_3m,lift,0.1,6,0.2977490454259157,0.11739881350753875,0.17454654644960244,0.4209515444022289,0.0015790673892146765,0.21230552298577843,0.3831925678660529,positive,0.03158134778429353,21,win,True,False
S_C3_Q10,Vanilla PageRank,repropagation,future_child_becomes_parent_share_3m,lift,0.1,3,0.21342236288894778,0.14137099223071622,-0.13776265025458528,0.5646073760324808,0.12040642239532515,0.07981523034384885,0.36145159040290853,positive,0.8909595549476749,21,tie,False,False
S_C3_Q10,Vanilla PageRank,repropagation,future_child_future_child_count_mean_3m,lift,0.1,3,0.15347570187549722,0.10473181966794944,-0.10669256097866678,0.41364396472966125,0.12644480542056483,0.06690216226678558,0.2698892159713502,positive,0.8909595549476749,21,tie,False,False
S_C3_Q10,Vanilla PageRank,repropagation,future_child_future_child_count_median_3m,lift,0.1,3,0.14305675427449258,0.12108610393883597,-0.1577378028851625,0.4438513114341477,0.17734275923654969,0.04328995617682452,0.2777740148710066,positive,0.8909595549476749,21,tie,False,False
S_C3_Q10,Vanilla PageRank,repropagation,future_child_second_order_diffusion_share_3m,lift,0.1,3,0.1742082812426015,0.14424643738538012,-0.1841197336476134,0.5325362961328164,0.1715620073250287,0.04653216140517813,0.3306807894827628,positive,0.8909595549476749,21,tie,False,False
S_C3_Q10,Vanilla PageRank,adoption_breadth,future_child_owner_breadth_3m,lift,0.1,6,0.3068525962996896,0.19436638920046542,0.10287758027482724,0.5108276123245519,0.011794964037384352,0.16921617588983162,0.4435990824644754,positive,0.200514388635534,21,tie,False,False
S_C3_Q10,Vanilla PageRank,adoption_breadth,future_high_download_child_owner_breadth_3m,lift,0.1,6,0.13300456404423366,0.3317430487718113,-0.21513841462465688,0.4811475427131242,0.37116807712664446,-0.10922262635913309,0.37325994665371665,mixed,0.8909595549476749,21,tie,False,False
S_C3_Q10,Vanilla PageRank,adoption_breadth,future_high_like_child_owner_breadth_3m,lift,0.1,6,0.1531651283922054,0.07129245480361053,0.07834828546562284,0.22798197131878795,0.003292077912251332,0.10315363612851813,0.20628961300661794,positive,0.05925740242052397,21,tie,False,False
S_C3_Q10,Vanilla PageRank,adoption_breadth,future_cross_owner_reuse_share_3m,lift,0.1,6,0.41678970511468116,0.327165959795258,0.07345008674476078,0.7601293234846016,0.026237337294899767,0.1784441265989086,0.6551352836304537,positive,0.36732272212859673,21,tie,False,False
S_D_000,AllTime DerivCount,quantity,future_direct_children_3m,lift,0.1,6,-0.11334277852954873,0.43115344729186683,-0.5658105723816486,0.33912501532255107,0.5479916306261607,-0.41855300028134845,0.21084248103112424,mixed,1.0,21,tie,False,True
S_D_000,AllTime DerivCount,quantity,future_active_parent_months_3m,lift,0.1,6,-0.04566308291783631,0.26584743354332885,-0.3246528544530848,0.23332668861741215,0.6914204106988767,-0.22803292738503536,0.14528195852166967,mixed,1.0,21,tie,False,False
S_D_000,AllTime DerivCount,quantity,future_active_parent_binary_3m,auc,0.01,6,0.010184112296889092,0.04443192887530171,-0.03644433741417602,0.056812562007954204,0.5987284289006387,-0.02027830015805493,0.043345783220563316,mixed,1.0,21,tie,False,False
S_D_000,AllTime DerivCount,descendant_quality,future_child_download_quality_sum_3m,lift,0.1,6,-0.010131682809856546,0.3517893981003003,-0.37931201491386835,0.35904864929415525,0.9464935251863678,-0.26388973602104304,0.23989290033265123,mixed,1.0,21,tie,False,False
S_D_000,AllTime DerivCount,descendant_quality,future_child_like_quality_sum_3m,lift,0.1,6,-0.12675804806840238,0.27997948521590504,-0.420578498293704,0.1670624021568992,0.3179079609995071,-0.3280939033036367,0.07384038709125067,mixed,1.0,21,tie,False,True
S_D_000,AllTime DerivCount,descendant_quality,future_high_download_child_count_3m,lift,0.1,6,0.1501069665136859,0.4491421022584629,-0.32123876297415177,0.6214526960015235,0.4502324508081733,-0.21003460664463316,0.46874209888703344,mixed,1.0,21,tie,False,False
S_D_000,AllTime DerivCount,descendant_quality,future_high_like_child_count_3m,lift,0.1,6,-0.276852932569341,0.2525407287577628,-0.541878173853042,-0.01182769128564004,0.043542740213616565,-0.45406626203179146,-0.09826851781902501,negative,0.7402265836314816,21,tie,False,True
S_D_000,AllTime DerivCount,descendant_quality,future_nonzero_like_child_share_3m,lift,0.1,6,-0.4247868280660823,0.461095349820354,-0.9086767215578682,0.059103065425703594,0.07366424473343798,-0.7448984285261976,-0.09036906103042093,negative,1.0,21,tie,False,True
S_D_000,AllTime DerivCount,descendant_quality,future_nonzero_download_child_share_3m,lift,0.1,6,-0.14618020090453152,0.2711856773470482,-0.4307721157418569,0.13841171393279392,0.24391887250271307,-0.3292098382181443,0.03725098697349324,mixed,1.0,21,tie,False,True
S_D_000,AllTime DerivCount,descendant_quality,future_child_download_quality_mean_3m,lift,0.1,6,-0.015965336158567434,0.29131827538109706,-0.32168511689652357,0.2897544445793887,0.8984479969965324,-0.23406101002249668,0.19704573680268203,mixed,1.0,21,tie,False,False
S_D_000,AllTime DerivCount,descendant_quality,future_child_download_quality_median_3m,lift,0.1,6,-0.015294175894382903,0.29237321260204596,-0.3221210453498557,0.29153269356108985,0.903037194512283,-0.22279267420953536,0.19218337149081602,mixed,1.0,21,tie,False,False
S_D_000,AllTime DerivCount,descendant_quality,future_child_like_quality_mean_3m,lift,0.1,6,-0.2865781864802133,0.4569424130736154,-0.766109840139738,0.1929534671793114,0.1850807513837806,-0.6208288300355945,0.05159284323577632,mixed,1.0,21,tie,False,True
S_D_000,AllTime DerivCount,descendant_quality,future_child_like_quality_median_3m,lift,0.1,6,-0.3267740942798274,0.4749736861615223,-0.825228408550499,0.17168021999084415,0.1527621770943562,-0.6707406654543137,0.025974084420892957,mixed,1.0,21,tie,False,True
S_D_000,AllTime DerivCount,repropagation,future_child_becomes_parent_share_3m,lift,0.1,3,-1.2369955520221978,0.1295254046456912,-1.5587544943282934,-0.9152366097161022,0.003634791437510831,-1.3387290750987493,-1.0911838161016272,negative,0.07633062018772745,21,tie,False,True
S_D_000,AllTime DerivCount,repropagation,future_child_future_child_count_mean_3m,lift,0.1,3,-0.8462624535790869,0.21611309677213103,-1.3831171472672332,-0.3094077598909406,0.021054454494595316,-1.0651693436535261,-0.6330559329012218,negative,0.400034635397311,21,tie,False,True
S_D_000,AllTime DerivCount,repropagation,future_child_future_child_count_median_3m,lift,0.1,3,-1.099226770629686,0.13630201248268875,-1.4378197400212014,-0.7606338012381707,0.0050861073187480855,-1.2432223554199355,-0.9722090520485276,negative,0.10172214637496171,21,tie,False,True
S_D_000,AllTime DerivCount,repropagation,future_child_second_order_diffusion_share_3m,lift,0.1,3,-0.5045012983935889,0.3871504258045818,-1.4662362712430306,0.4572336744558527,0.1526014008498732,-0.8841110666983543,-0.1102269298275882,negative,1.0,21,tie,False,True
S_D_000,AllTime DerivCount,adoption_breadth,future_child_owner_breadth_3m,lift,0.1,6,0.0118403245683291,0.18250345166124274,-0.179685302009013,0.2033659511456712,0.8799544234114443,-0.11360363368947612,0.14298441502219275,mixed,1.0,21,tie,False,False
S_D_000,AllTime DerivCount,adoption_breadth,future_high_download_child_owner_breadth_3m,lift,0.1,6,0.139550723835577,0.39494962705342374,-0.274923490757913,0.5540249384290671,0.42633440402071965,-0.12147494088647932,0.3981896940418374,mixed,1.0,21,tie,False,False
S_D_000,AllTime DerivCount,adoption_breadth,future_high_like_child_owner_breadth_3m,lift,0.1,6,-0.30698278594686723,0.24658370153208414,-0.5657565105521103,-0.048209061341624115,0.028441305074255494,-0.48112447390508706,-0.12085246551731495,negative,0.5119434913365989,21,tie,False,True
S_D_000,AllTime DerivCount,adoption_breadth,future_cross_owner_reuse_share_3m,lift,0.1,6,0.03131603229460297,0.34427733762553847,-0.32998087581813984,0.39261294040734573,0.8324997446379605,-0.20244492319583615,0.2887561310428885,mixed,1.0,21,tie,False,False
S_D_000,Current DerivCount,quantity,future_direct_children_3m,lift,0.1,6,1.42002416310124,0.7147749762014554,0.6699138285696289,2.1701344976328514,0.004607584683835581,0.877018435340784,1.907283327916095,positive,0.036860677470684645,21,win,True,False
S_D_000,Current DerivCount,quantity,future_active_parent_months_3m,lift,0.1,6,1.9629700548672944,0.6112234389875028,1.3215303940540202,2.6044097156805686,0.0005332851685327571,1.507887573992054,2.39579349253088,positive,0.007999277527991356,21,win,True,False
S_D_000,Current DerivCount,quantity,future_active_parent_binary_3m,auc,0.01,6,0.14720573583314303,0.04345992879139965,0.10159733765210663,0.19281413401417943,0.000415355307983078,0.11601162220822864,0.17847851801564527,positive,0.007061040235712327,21,win,True,False
S_D_000,Current DerivCount,descendant_quality,future_child_download_quality_sum_3m,lift,0.1,6,1.2070291875979569,0.549326874737114,0.6305459872961525,1.7835123878997612,0.002984923638072133,0.7713382899382598,1.595014236147966,positive,0.026864312742649197,21,win,True,False
S_D_000,Current DerivCount,descendant_quality,future_child_like_quality_sum_3m,lift,0.1,6,1.378718884623213,0.7736033620099593,0.5668719453866066,2.1905658238598193,0.007252728508470483,0.8615702327032441,1.9738725374050559,positive,0.05076909955929338,21,tie,False,False
S_D_000,Current DerivCount,descendant_quality,future_high_download_child_count_3m,lift,0.1,6,0.40197288403378995,0.3212715817815898,0.06481903602643219,0.7391267320411476,0.027949230802427404,0.2325084955803569,0.6748519471955942,positive,0.14975242967913324,21,tie,False,False
S_D_000,Current DerivCount,descendant_quality,future_high_like_child_count_3m,lift,0.1,6,1.3700805132581066,0.577024672608285,0.7645302567236603,1.975630769792553,0.0021212310453351834,0.8892797294843877,1.7362169942569314,positive,0.025454772544022203,21,win,True,False
S_D_000,Current DerivCount,descendant_quality,future_nonzero_like_child_share_3m,lift,0.1,6,1.8521234480932565,0.2347445399544617,1.6057741615940575,2.0984727345924554,6.841883001645293e-06,1.673300946825103,2.011577028504119,positive,0.00014367954303455115,21,win,True,False
S_D_000,Current DerivCount,descendant_quality,future_nonzero_download_child_share_3m,lift,0.1,6,1.8494042723101523,0.6217066628741956,1.1969631427291738,2.5018454018911305,0.0007617598600478572,1.3654310367100508,2.275090722684716,positive,0.010664638040670001,21,win,True,False
S_D_000,Current DerivCount,descendant_quality,future_child_download_quality_mean_3m,lift,0.1,6,1.6351755560049048,0.6915258350147303,0.9094636988316165,2.360887413178193,0.002160566012066923,1.102671394932606,2.1099753615542975,positive,0.025454772544022203,21,win,True,False
S_D_000,Current DerivCount,descendant_quality,future_child_download_quality_median_3m,lift,0.1,6,1.6353242195804167,0.6937132088690595,0.9073168543266187,2.363331584834215,0.002190191539295256,1.1025280411372973,2.130234410604269,positive,0.025454772544022203,21,win,True,False
S_D_000,Current DerivCount,descendant_quality,future_child_like_quality_mean_3m,lift,0.1,6,2.154023801748793,0.37431109584889705,1.7612083973564387,2.5468392061411476,3.233693324042374e-05,1.88633791283145,2.452992315102788,positive,0.000614401731568051,21,win,True,False
S_D_000,Current DerivCount,descendant_quality,future_child_like_quality_median_3m,lift,0.1,6,2.197175004226048,0.35456152240504235,1.8250855060784181,2.569264502373678,2.2494399212051168e-05,1.9406398462293488,2.4681157671131677,positive,0.00044988798424102337,21,win,True,False
S_D_000,Current DerivCount,repropagation,future_child_becomes_parent_share_3m,lift,0.1,3,3.802369125944386,1.0604160930707647,1.1681495190329958,6.4365887328557765,0.02495873827985554,3.1346809184961404,5.025103905550181,positive,0.14975242967913324,21,tie,False,False
S_D_000,Current DerivCount,repropagation,future_child_future_child_count_mean_3m,lift,0.1,3,4.553010436221105,1.5113812404127418,0.7985313001263479,8.307489572315863,0.03482342409906345,3.5002916412419633,6.284820209252866,positive,0.14975242967913324,21,tie,False,False
S_D_000,Current DerivCount,repropagation,future_child_future_child_count_median_3m,lift,0.1,3,4.737676884941183,1.9114809528066166,-0.010705035159342735,9.486058805041708,0.0502094583182952,3.593066362676376,6.944350371775189,positive,0.14975242967913324,21,tie,False,False
S_D_000,Current DerivCount,repropagation,future_child_second_order_diffusion_share_3m,lift,0.1,3,4.975177258305346,1.8890004527997601,0.28263999605016465,9.667714520560528,0.04484579384330178,3.8453872120058414,7.15593228440697,positive,0.14975242967913324,21,tie,False,False
S_D_000,Current DerivCount,adoption_breadth,future_child_owner_breadth_3m,lift,0.1,6,1.6031797003256312,0.4893447775569342,1.089643850560412,2.1167155500908503,0.0004857582691693331,1.238655485618139,1.9274163626911769,positive,0.00777213230670933,21,win,True,False
S_D_000,Current DerivCount,adoption_breadth,future_high_download_child_owner_breadth_3m,lift,0.1,6,0.40481912210226567,0.37253652906957463,0.013866011333507677,0.7957722328710237,0.04478953575276408,0.1745419760508519,0.710509207502616,positive,0.14975242967913324,21,tie,False,False
S_D_000,Current DerivCount,adoption_breadth,future_high_like_child_owner_breadth_3m,lift,0.1,6,1.5461019395338695,0.42587189063508274,1.099176799471529,1.9930270795962102,0.00029923942450242255,1.218786668741675,1.8300625766897045,positive,0.005386309641043606,21,win,True,False
S_D_000,Current DerivCount,adoption_breadth,future_cross_owner_reuse_share_3m,lift,0.1,6,2.11699998604576,0.7783211460271183,1.3002020361202153,2.9337979359713047,0.0011497788015689932,1.52539320366338,2.6515636493597,positive,0.01494712442039691,21,win,True,False
S_D_000,Vanilla PageRank,quantity,future_direct_children_3m,lift,0.1,6,-0.11334277852954873,0.43115344729186683,-0.5658105723816486,0.33912501532255107,0.5479916306261607,-0.4183648959159223,0.20331830641407164,mixed,1.0,21,tie,False,True
S_D_000,Vanilla PageRank,quantity,future_active_parent_months_3m,lift,0.1,6,-0.04566308291783631,0.26584743354332885,-0.3246528544530848,0.23332668861741215,0.6914204106988767,-0.2245061663051365,0.14528195852166967,mixed,1.0,21,tie,False,False
S_D_000,Vanilla PageRank,quantity,future_active_parent_binary_3m,auc,0.01,6,0.011031538302897345,0.04449613213991996,-0.035664288602255824,0.05772736520805052,0.5701843463553963,-0.019018676509080696,0.04426548866972296,mixed,1.0,21,tie,False,False
S_D_000,Vanilla PageRank,descendant_quality,future_child_download_quality_sum_3m,lift,0.1,6,-0.010131682809856768,0.35178939810030047,-0.37931201491386873,0.3590486492941552,0.9464935251863666,-0.26148851630398223,0.24229412004971204,mixed,1.0,21,tie,False,False
S_D_000,Vanilla PageRank,descendant_quality,future_child_like_quality_sum_3m,lift,0.1,6,-0.12675804806840252,0.27997948521590516,-0.4205784982937042,0.16706240215689916,0.3179079609995069,-0.3273564832280557,0.07384038709125067,mixed,1.0,21,tie,False,True
S_D_000,Vanilla PageRank,descendant_quality,future_high_download_child_count_3m,lift,0.1,6,0.1501069665136859,0.4491421022584629,-0.32123876297415177,0.6214526960015235,0.4502324508081733,-0.17953961529317994,0.46874209888703344,mixed,1.0,21,tie,False,False
S_D_000,Vanilla PageRank,descendant_quality,future_high_like_child_count_3m,lift,0.1,6,-0.276852932569341,0.2525407287577628,-0.541878173853042,-0.01182769128564004,0.043542740213616565,-0.45406626203179146,-0.09826851781902501,negative,0.7402265836314816,21,tie,False,True
S_D_000,Vanilla PageRank,descendant_quality,future_nonzero_like_child_share_3m,lift,0.1,6,-0.4247868280660823,0.46109534982035366,-0.9086767215578679,0.05910306542570326,0.07366424473343781,-0.7448984285261976,-0.09036906103042124,negative,1.0,21,tie,False,True
S_D_000,Vanilla PageRank,descendant_quality,future_nonzero_download_child_share_3m,lift,0.1,6,-0.14618020090453152,0.2711856773470478,-0.4307721157418566,0.13841171393279353,0.2439188725027126,-0.3292098382181434,0.039612467854138,mixed,1.0,21,tie,False,True
S_D_000,Vanilla PageRank,descendant_quality,future_child_download_quality_mean_3m,lift,0.1,6,-0.01596533615856714,0.2913182753810973,-0.3216851168965235,0.2897544445793892,0.8984479969965344,-0.22569780325794517,0.1958307738907922,mixed,1.0,21,tie,False,False
S_D_000,Vanilla PageRank,descendant_quality,future_child_download_quality_median_3m,lift,0.1,6,-0.015294175894383422,0.29237321260204596,-0.3221210453498562,0.29153269356108935,0.9030371945122798,-0.22277172327958242,0.19218337149081557,mixed,1.0,21,tie,False,False
S_D_000,Vanilla PageRank,descendant_quality,future_child_like_quality_mean_3m,lift,0.1,6,-0.2865781864802133,0.45694241307361577,-0.7661098401397385,0.19295346717931183,0.1850807513837809,-0.6247492161962033,0.05159284323577662,mixed,1.0,21,tie,False,True
S_D_000,Vanilla PageRank,descendant_quality,future_child_like_quality_median_3m,lift,0.1,6,-0.32677409427982784,0.47497368616152275,-0.8252284085504998,0.17168021999084415,0.15276217709435602,-0.6773394842473015,0.025538332528859026,mixed,1.0,21,tie,False,True
S_D_000,Vanilla PageRank,repropagation,future_child_becomes_parent_share_3m,lift,0.1,3,-1.2369955520221978,0.1295254046456912,-1.5587544943282934,-0.9152366097161022,0.003634791437510831,-1.3387290750987493,-1.0911838161016272,negative,0.07633062018772745,21,tie,False,True
S_D_000,Vanilla PageRank,repropagation,future_child_future_child_count_mean_3m,lift,0.1,3,-0.8462624535790869,0.21611309677213103,-1.3831171472672332,-0.3094077598909406,0.021054454494595316,-1.0651693436535261,-0.6330559329012218,negative,0.400034635397311,21,tie,False,True
S_D_000,Vanilla PageRank,repropagation,future_child_future_child_count_median_3m,lift,0.1,3,-1.099226770629686,0.13630201248268875,-1.4378197400212014,-0.7606338012381707,0.0050861073187480855,-1.2432223554199355,-0.9722090520485276,negative,0.10172214637496171,21,tie,False,True
S_D_000,Vanilla PageRank,repropagation,future_child_second_order_diffusion_share_3m,lift,0.1,3,-0.5045012983935889,0.3871504258045818,-1.4662362712430306,0.4572336744558527,0.1526014008498732,-0.8841110666983543,-0.1102269298275882,negative,1.0,21,tie,False,True
S_D_000,Vanilla PageRank,adoption_breadth,future_child_owner_breadth_3m,lift,0.1,6,0.0118403245683291,0.18250345166124274,-0.179685302009013,0.2033659511456712,0.8799544234114443,-0.11264836516606347,0.14298441502219275,mixed,1.0,21,tie,False,False
S_D_000,Vanilla PageRank,adoption_breadth,future_high_download_child_owner_breadth_3m,lift,0.1,6,0.139550723835577,0.39494962705342374,-0.274923490757913,0.5540249384290671,0.42633440402071965,-0.1184898360790753,0.400474881118585,mixed,1.0,21,tie,False,False
S_D_000,Vanilla PageRank,adoption_breadth,future_high_like_child_owner_breadth_3m,lift,0.1,6,-0.30698278594686723,0.24658370153208414,-0.5657565105521103,-0.048209061341624115,0.028441305074255494,-0.48077129688579234,-0.12451072210096381,negative,0.5119434913365989,21,tie,False,True
S_D_000,Vanilla PageRank,adoption_breadth,future_cross_owner_reuse_share_3m,lift,0.1,6,0.03131603229460289,0.34427733762553864,-0.32998087581814006,0.39261294040734585,0.832499744637961,-0.20730194003983704,0.28875613104288855,mixed,1.0,21,tie,False,False
S_D_025,AllTime DerivCount,quantity,future_direct_children_3m,lift,0.1,6,0.34396894884278817,0.2849014030425315,0.04498326263358543,0.6429546350519909,0.03161616340382506,0.13487198928824343,0.5473324786499661,positive,0.6007071046726762,21,tie,False,False
S_D_025,AllTime DerivCount,quantity,future_active_parent_months_3m,lift,0.1,6,0.3409434858113369,0.2726216164072471,0.05484464534751998,0.6270423262751538,0.02799471027654296,0.1365956430646101,0.5296494201511776,positive,0.5598942055308592,21,tie,False,False
S_D_025,AllTime DerivCount,quantity,future_active_parent_binary_3m,auc,0.01,6,0.030450883696105657,0.04035192500150031,-0.011895864538878587,0.0727976319310899,0.12379276189572169,0.0029711793541725338,0.0607356607423243,positive,1.0,21,tie,False,False
S_D_025,AllTime DerivCount,descendant_quality,future_child_download_quality_sum_3m,lift,0.1,6,0.267717191320411,0.28924160084300277,-0.035823253144804446,0.5712576357856265,0.07269257194936164,0.05389477617455881,0.4652963991468604,positive,1.0,21,tie,False,False
S_D_025,AllTime DerivCount,descendant_quality,future_child_like_quality_sum_3m,lift,0.1,6,0.18026924939344746,0.1685823470683978,0.003352926122556499,0.3571855726643384,0.04713757991569543,0.06260779957811084,0.3061064095088149,positive,0.8013388585668223,21,tie,False,False
S_D_025,AllTime DerivCount,descendant_quality,future_high_download_child_count_3m,lift,0.1,6,0.21588027258945786,0.4303267551512823,-0.2357199610670907,0.6674805062460064,0.27381282739262325,-0.10008421058388128,0.5290095884538755,mixed,1.0,21,tie,False,False
S_D_025,AllTime DerivCount,descendant_quality,future_high_like_child_count_3m,lift,0.1,6,0.0766342825071203,0.19854339385883144,-0.13172423107424286,0.2849927960884835,0.3878371444767017,-0.07275033314561141,0.21057319535440142,mixed,1.0,21,tie,False,False
S_D_025,AllTime DerivCount,descendant_quality,future_nonzero_like_child_share_3m,lift,0.1,6,0.08059801364094647,0.2947883014063746,-0.2287633360793025,0.38995936336119547,0.5327189468921429,-0.122463044295625,0.2878492313034016,mixed,1.0,21,tie,False,False
S_D_025,AllTime DerivCount,descendant_quality,future_nonzero_download_child_share_3m,lift,0.1,6,0.26214267945631947,0.2663423456891532,-0.017366470523374478,0.5416518294360134,0.060798987808117974,0.06504086351025425,0.448613933567885,positive,0.9727838049298876,21,tie,False,False
S_D_025,AllTime DerivCount,descendant_quality,future_child_download_quality_mean_3m,lift,0.1,6,0.26802093364221763,0.3523208708985726,-0.10171714495793638,0.6377590122423716,0.1214390867508749,-0.0033278796718103085,0.5225296182739978,mixed,1.0,21,tie,False,False
S_D_025,AllTime DerivCount,descendant_quality,future_child_download_quality_median_3m,lift,0.1,6,0.26964893136021567,0.3546565408101983,-0.10254028248823105,0.6418381452086623,0.12159959124328139,0.012890828294785642,0.5185693186695208,positive,1.0,21,tie,False,False
S_D_025,AllTime DerivCount,descendant_quality,future_child_like_quality_mean_3m,lift,0.1,6,0.22268407408557586,0.2494398871273524,-0.03908703347749928,0.484455181648651,0.08042561452361353,0.05154058227909205,0.41386095689511065,positive,1.0,21,tie,False,False
S_D_025,AllTime DerivCount,descendant_quality,future_child_like_quality_median_3m,lift,0.1,6,0.21097959031454572,0.26176547632484315,-0.06372642983509319,0.4856856104641846,0.10534885773980279,0.026071227995218067,0.41352334627361564,positive,1.0,21,tie,False,False
S_D_025,AllTime DerivCount,repropagation,future_child_becomes_parent_share_3m,lift,0.1,3,-0.06966909517029111,0.2918626259310102,-0.7946960508870086,0.6553578605464264,0.7193930875347784,-0.3802035849384273,0.19900026792008418,mixed,1.0,21,tie,False,False
S_D_025,AllTime DerivCount,repropagation,future_child_future_child_count_mean_3m,lift,0.1,3,-0.10126616636751073,0.21009701079770782,-0.6231760740096454,0.4206437412746239,0.4916444593493352,-0.29248961850521304,0.12363572738835771,mixed,1.0,21,tie,False,True
S_D_025,AllTime DerivCount,repropagation,future_child_future_child_count_median_3m,lift,0.1,3,-0.18642577622892573,0.2611295734883988,-0.8351075973766978,0.4622560449188463,0.3417638058781185,-0.38960960559141533,0.10810629177564657,mixed,1.0,21,tie,False,True
S_D_025,AllTime DerivCount,repropagation,future_child_second_order_diffusion_share_3m,lift,0.1,3,-0.12030196941392705,0.1445801593033456,-0.47945899550578747,0.23885505667793333,0.28624191527777215,-0.2090295959573023,0.04653216140517813,mixed,1.0,21,tie,False,True
S_D_025,AllTime DerivCount,adoption_breadth,future_child_owner_breadth_3m,lift,0.1,6,0.31161287046474134,0.20956486635455057,0.09168803084223714,0.5315377100872456,0.014868033733665879,0.15903222854974652,0.4575549623739888,positive,0.31222870840698347,21,tie,False,False
S_D_025,AllTime DerivCount,adoption_breadth,future_high_download_child_owner_breadth_3m,lift,0.1,6,0.19416378945856683,0.37078643572885034,-0.19495271098529043,0.5832802899024241,0.2558443199603213,-0.06982495566633655,0.4581525345834702,mixed,1.0,21,tie,False,False
S_D_025,AllTime DerivCount,adoption_breadth,future_high_like_child_owner_breadth_3m,lift,0.1,6,0.10173854752274436,0.14349187216622875,-0.04884693716389468,0.2523240322093834,0.14294498702805478,0.0006552976857520468,0.2025951656512143,positive,1.0,21,tie,False,False
S_D_025,AllTime DerivCount,adoption_breadth,future_cross_owner_reuse_share_3m,lift,0.1,6,0.4222067581643993,0.3791640785939144,0.024298460719623494,0.8201150556091751,0.04140059114814432,0.13271922040235973,0.6886616025428483,positive,0.7452106406665977,21,tie,False,False
S_D_025,Current DerivCount,quantity,future_direct_children_3m,lift,0.1,6,1.8773358904735769,0.6569268143925457,1.187933478646705,2.5667383023004486,0.0009167224626403631,1.3883978511016062,2.32553565892765,positive,0.011582621810338981,21,win,True,False
S_D_025,Current DerivCount,quantity,future_active_parent_months_3m,lift,0.1,6,2.3495766235964677,0.7479163087987785,1.5646865934835792,3.134466653709356,0.0005911601462673036,1.807241254590939,2.891911992601996,positive,0.008867402194009553,21,win,True,False
S_D_025,Current DerivCount,quantity,future_active_parent_binary_3m,auc,0.01,6,0.1674725072323596,0.040269462499646386,0.12521229808577586,0.20973271637894333,0.00015640898550255486,0.13853929832355175,0.1960685524116813,positive,0.0028153617390459873,21,win,True,False
S_D_025,Current DerivCount,descendant_quality,future_child_download_quality_sum_3m,lift,0.1,6,1.4848780617282245,0.5163904032760621,0.9429595684300648,2.026796555026384,0.000890970908487614,1.0916007335642057,1.8267298889924035,positive,0.011582621810338981,21,win,True,False
S_D_025,Current DerivCount,descendant_quality,future_child_like_quality_sum_3m,lift,0.1,6,1.6857461820850628,0.7777475372007223,0.8695501977052968,2.5019421664648287,0.0031680613293716448,1.1281897937094507,2.233678567734635,positive,0.022972827785622017,21,win,True,False
S_D_025,Current DerivCount,descendant_quality,future_high_download_child_count_3m,lift,0.1,6,0.4677461901095619,0.2583024054426437,0.19667443996718914,0.7388179402519347,0.006792269926721895,0.31148779576325647,0.6781056337060368,positive,0.04075361956033137,21,win,True,False
S_D_025,Current DerivCount,descendant_quality,future_high_like_child_count_3m,lift,0.1,6,1.7235677283345676,0.6817689055565517,1.008095140670643,2.439040315998492,0.0016020925053956676,1.17362949373071,2.15942871012126,positive,0.016020925053956678,21,win,True,False
S_D_025,Current DerivCount,descendant_quality,future_nonzero_like_child_share_3m,lift,0.1,6,2.3575082898002857,0.4556756089788064,1.8793060655066198,2.8357105140939516,5.437420710284033e-05,2.0378462368964976,2.693809525875713,positive,0.0010331099349539662,21,win,True,False
S_D_025,Current DerivCount,descendant_quality,future_nonzero_download_child_share_3m,lift,0.1,6,2.257727152671003,0.7581365778528993,1.462111607963394,3.053342697378612,0.0007578901361300915,1.7012377077967196,2.787742455946976,positive,0.01061046190582128,21,win,True,False
S_D_025,Current DerivCount,descendant_quality,future_child_download_quality_mean_3m,lift,0.1,6,1.9191618258056902,0.8428030574528551,1.0346942599013613,2.803629391710019,0.0025525364206246686,1.314426954722362,2.5143097606069724,positive,0.022972827785622017,21,win,True,False
S_D_025,Current DerivCount,descendant_quality,future_child_download_quality_median_3m,lift,0.1,6,1.9202673268350152,0.8470678910952871,1.0313240925080907,2.80921056116194,0.002603272548283527,1.3131390463885022,2.518693546128267,positive,0.022972827785622017,21,win,True,False
S_D_025,Current DerivCount,descendant_quality,future_child_like_quality_mean_3m,lift,0.1,6,2.663286062314582,0.4457175976707353,2.1955341299900932,3.131037994639071,2.689405406961914e-05,2.3239427904330188,2.962969974954649,positive,0.0005378810813923828,21,win,True,False
S_D_025,Current DerivCount,descendant_quality,future_child_like_quality_median_3m,lift,0.1,6,2.734928688820421,0.42321816789912303,2.290788459975599,3.1790689176652434,1.8307262468795168e-05,2.3956495550487986,3.0097511203859413,positive,0.00038445251184469854,21,win,True,False
S_D_025,Current DerivCount,repropagation,future_child_becomes_parent_share_3m,lift,0.1,3,4.969695582796293,1.0388469999484204,2.3890565735177085,7.5503345920748774,0.014254704881241278,4.03555109842393,6.088483753159278,positive,0.05701881952496511,21,tie,False,False
S_D_025,Current DerivCount,repropagation,future_child_future_child_count_mean_3m,lift,0.1,3,5.298006723432682,1.382383100566393,1.863976731271912,8.732036715593452,0.021949554505838284,4.048364106919263,6.7829315341684095,positive,0.06584866351751485,21,tie,False,False
S_D_025,Current DerivCount,repropagation,future_child_future_child_count_median_3m,lift,0.1,3,5.650477879341945,1.761358328664909,1.2750212312541338,10.025934527429754,0.030896249713559983,4.285705661505556,7.638785408952709,positive,0.06584866351751485,21,tie,False,False
S_D_025,Current DerivCount,repropagation,future_child_second_order_diffusion_share_3m,lift,0.1,3,5.359376587285008,1.5202542531990282,1.5828556655112673,9.135897509058749,0.02578846517775824,4.155523514703364,7.067750740544901,positive,0.06584866351751485,21,tie,False,False
S_D_025,Current DerivCount,adoption_breadth,future_child_owner_breadth_3m,lift,0.1,6,1.9029522462220436,0.5814017338485347,1.292808545624072,2.513095946820015,0.00048794383103580556,1.4832199623359206,2.297090375004536,positive,0.007807101296572889,21,win,True,False
S_D_025,Current DerivCount,adoption_breadth,future_high_download_child_owner_breadth_3m,lift,0.1,6,0.45943218772525546,0.26984526347967464,0.1762469509725626,0.7426174244779483,0.008735295716298585,0.2900217658034667,0.6777672560162135,positive,0.04367647858149293,21,win,True,False
S_D_025,Current DerivCount,adoption_breadth,future_high_like_child_owner_breadth_3m,lift,0.1,6,1.9548232730034816,0.5328109688051157,1.3956724530118856,2.5139740929950776,0.0002846424155948287,1.5546712004170793,2.329290873562206,positive,0.004838921065112088,21,win,True,False
S_D_025,Current DerivCount,adoption_breadth,future_cross_owner_reuse_share_3m,lift,0.1,6,2.5078907119155565,0.940507501136057,1.5208886206338654,3.4948928031972475,0.0012585600951006272,1.8179708886671389,3.1784656900957056,positive,0.013844161046106898,21,win,True,False
S_D_025,Vanilla PageRank,quantity,future_direct_children_3m,lift,0.1,6,0.34396894884278817,0.2849014030425315,0.04498326263358543,0.6429546350519909,0.03161616340382506,0.13487198928824343,0.5468591299862697,positive,0.6007071046726762,21,tie,False,False
S_D_025,Vanilla PageRank,quantity,future_active_parent_months_3m,lift,0.1,6,0.3409434858113369,0.2726216164072471,0.05484464534751998,0.6270423262751538,0.02799471027654296,0.1365956430646101,0.5286028565187189,positive,0.5598942055308592,21,tie,False,False
S_D_025,Vanilla PageRank,quantity,future_active_parent_binary_3m,auc,0.01,6,0.03129830970211391,0.04041768304274254,-0.011117447364959676,0.0737140667691875,0.11633778463694226,0.003760132901754254,0.061345296235427706,positive,1.0,21,tie,False,False
S_D_025,Vanilla PageRank,descendant_quality,future_child_download_quality_sum_3m,lift,0.1,6,0.2677171913204108,0.289241600843003,-0.035823253144804945,0.5712576357856265,0.07269257194936195,0.05389477617455859,0.4721420966206917,positive,1.0,21,tie,False,False
S_D_025,Vanilla PageRank,descendant_quality,future_child_like_quality_sum_3m,lift,0.1,6,0.18026924939344732,0.16858234706839778,0.0033529261225564155,0.35718557266433826,0.047137579915695484,0.06260779957811069,0.3061064095088146,positive,0.8013388585668232,21,tie,False,False
S_D_025,Vanilla PageRank,descendant_quality,future_high_download_child_count_3m,lift,0.1,6,0.21588027258945786,0.4303267551512823,-0.2357199610670907,0.6674805062460064,0.27381282739262325,-0.09724904327495976,0.5192350071413726,mixed,1.0,21,tie,False,False
S_D_025,Vanilla PageRank,descendant_quality,future_high_like_child_count_3m,lift,0.1,6,0.0766342825071203,0.19854339385883144,-0.13172423107424286,0.2849927960884835,0.3878371444767017,-0.072829036669527,0.21054665649882187,mixed,1.0,21,tie,False,False
S_D_025,Vanilla PageRank,descendant_quality,future_nonzero_like_child_share_3m,lift,0.1,6,0.08059801364094647,0.2947883014063743,-0.22876333607930222,0.3899593633611952,0.5327189468921425,-0.12246304429562471,0.2878492313034012,mixed,1.0,21,tie,False,False
S_D_025,Vanilla PageRank,descendant_quality,future_nonzero_download_child_share_3m,lift,0.1,6,0.26214267945631947,0.2663423456891532,-0.017366470523374478,0.5416518294360134,0.060798987808118,0.05989819874740743,0.448613933567885,positive,0.972783804929888,21,tie,False,False
S_D_025,Vanilla PageRank,descendant_quality,future_child_download_quality_mean_3m,lift,0.1,6,0.2680209336422179,0.35232087089857295,-0.10171714495793643,0.6377590122423722,0.1214390867508749,0.013512249010437424,0.5195579479043944,positive,1.0,21,tie,False,False
S_D_025,Vanilla PageRank,descendant_quality,future_child_download_quality_median_3m,lift,0.1,6,0.2696489313602151,0.3546565408101982,-0.1025402824882315,0.6418381452086617,0.12159959124328194,-0.002344415889881176,0.5226058334558167,mixed,1.0,21,tie,False,False
S_D_025,Vanilla PageRank,descendant_quality,future_child_like_quality_mean_3m,lift,0.1,6,0.22268407408557586,0.2494398871273528,-0.03908703347749967,0.4844551816486514,0.08042561452361383,0.05154058227909175,0.4138609568951108,positive,1.0,21,tie,False,False
S_D_025,Vanilla PageRank,descendant_quality,future_child_like_quality_median_3m,lift,0.1,6,0.21097959031454527,0.2617654763248432,-0.06372642983509369,0.48568561046418424,0.1053488577398035,0.0312734154732525,0.41352334627361537,positive,1.0,21,tie,False,False
S_D_025,Vanilla PageRank,repropagation,future_child_becomes_parent_share_3m,lift,0.1,3,-0.06966909517029111,0.2918626259310102,-0.7946960508870086,0.6553578605464264,0.7193930875347784,-0.3802035849384273,0.19900026792008418,mixed,1.0,21,tie,False,False
S_D_025,Vanilla PageRank,repropagation,future_child_future_child_count_mean_3m,lift,0.1,3,-0.10126616636751073,0.21009701079770782,-0.6231760740096454,0.4206437412746239,0.4916444593493352,-0.29248961850521304,0.12363572738835771,mixed,1.0,21,tie,False,True
S_D_025,Vanilla PageRank,repropagation,future_child_future_child_count_median_3m,lift,0.1,3,-0.18642577622892573,0.2611295734883988,-0.8351075973766978,0.4622560449188463,0.3417638058781185,-0.38960960559141533,0.10810629177564657,mixed,1.0,21,tie,False,True
S_D_025,Vanilla PageRank,repropagation,future_child_second_order_diffusion_share_3m,lift,0.1,3,-0.12030196941392705,0.1445801593033456,-0.47945899550578747,0.23885505667793333,0.28624191527777215,-0.2090295959573023,0.04653216140517813,mixed,1.0,21,tie,False,True
S_D_025,Vanilla PageRank,adoption_breadth,future_child_owner_breadth_3m,lift,0.1,6,0.31161287046474134,0.20956486635455057,0.09168803084223714,0.5315377100872456,0.014868033733665879,0.15903222854974652,0.45938148810122126,positive,0.31222870840698347,21,tie,False,False
S_D_025,Vanilla PageRank,adoption_breadth,future_high_download_child_owner_breadth_3m,lift,0.1,6,0.19416378945856683,0.37078643572885034,-0.19495271098529043,0.5832802899024241,0.2558443199603213,-0.06982495566633655,0.4633793530704753,mixed,1.0,21,tie,False,False
S_D_025,Vanilla PageRank,adoption_breadth,future_high_like_child_owner_breadth_3m,lift,0.1,6,0.10173854752274436,0.14349187216622875,-0.04884693716389468,0.2523240322093834,0.14294498702805478,0.0006552976857520468,0.2025951656512143,positive,1.0,21,tie,False,False
S_D_025,Vanilla PageRank,adoption_breadth,future_cross_owner_reuse_share_3m,lift,0.1,6,0.4222067581643992,0.3791640785939144,0.024298460719623383,0.820115055609175,0.04140059114814436,0.14755292611692292,0.6911755978113417,positive,0.7452106406665985,21,tie,False,False
S_D_050,AllTime DerivCount,quantity,future_direct_children_3m,lift,0.1,6,0.36248454116900913,0.26814513484534486,0.08108347999758969,0.6438856023404286,0.021210676957011333,0.16753330656884557,0.5574357757691727,positive,0.35418068447079787,21,tie,False,False
S_D_050,AllTime DerivCount,quantity,future_active_parent_months_3m,lift,0.1,6,0.3630302363051307,0.25886217188973376,0.0913710473031637,0.6346894253070977,0.018531500643664444,0.175593630855978,0.5445051823891459,positive,0.33356701158595997,21,tie,False,False
S_D_050,AllTime DerivCount,quantity,future_active_parent_binary_3m,auc,0.01,6,0.033051676209107816,0.03912313452276394,-0.008005535503525632,0.07410888792174126,0.09331587445214534,0.005515741499427647,0.06258140191801387,positive,1.0,21,tie,False,False
S_D_050,AllTime DerivCount,descendant_quality,future_child_download_quality_sum_3m,lift,0.1,6,0.27635066904772937,0.28562503002024536,-0.023394417101876508,0.5760957551973352,0.06395634435516481,0.06506868767273843,0.47080355217783665,positive,0.7674761322619778,21,tie,False,False
S_D_050,AllTime DerivCount,descendant_quality,future_child_like_quality_sum_3m,lift,0.1,6,0.2002572376917829,0.13604725797473036,0.05748439646297773,0.3430300789205881,0.01545230012200078,0.10742231587174178,0.30260851216667817,positive,0.3088579694245153,21,tie,False,False
S_D_050,AllTime DerivCount,descendant_quality,future_high_download_child_count_3m,lift,0.1,6,0.16637718668252155,0.4365853333137073,-0.2917910219527505,0.6245453953177935,0.3934270502848019,-0.15475996603459805,0.48186075879532736,mixed,1.0,21,tie,False,False
S_D_050,AllTime DerivCount,descendant_quality,future_high_like_child_count_3m,lift,0.1,6,0.1014771987231972,0.1605097920218997,-0.06696749757687644,0.26992189502327085,0.1821570891022772,-0.0193490871594042,0.21397956941656204,mixed,1.0,21,tie,False,False
S_D_050,AllTime DerivCount,descendant_quality,future_nonzero_like_child_share_3m,lift,0.1,6,0.1463241051837604,0.22338720108554808,-0.08810638513202465,0.3807545954995455,0.16951492720576203,-0.014087148204130115,0.3012201877008119,mixed,1.0,21,tie,False,False
S_D_050,AllTime DerivCount,descendant_quality,future_nonzero_download_child_share_3m,lift,0.1,6,0.29433889054967716,0.2672881236612579,0.013837207458627987,0.5748405736407263,0.042917766604666265,0.10765401055497999,0.48081926856492907,positive,0.5579309658606615,21,tie,False,False
S_D_050,AllTime DerivCount,descendant_quality,future_child_download_quality_mean_3m,lift,0.1,6,0.26871829941854847,0.3678747148598102,-0.11734253737190925,0.6547791362090062,0.1335926142703868,-0.0034823752363181506,0.5290824823584735,mixed,1.0,21,tie,False,False
S_D_050,AllTime DerivCount,descendant_quality,future_child_download_quality_median_3m,lift,0.1,6,0.2701746841964597,0.37042317528086366,-0.1185605977867158,0.6589099661796352,0.1340543319875214,-0.002243208958994843,0.5248484841006338,mixed,1.0,21,tie,False,False
S_D_050,AllTime DerivCount,descendant_quality,future_child_like_quality_mean_3m,lift,0.1,6,0.28021907833233445,0.18972401974005348,0.08111593027279307,0.4793222263918758,0.015253900152790321,0.14563607545748924,0.4263308985557643,positive,0.3088579694245153,21,tie,False,False
S_D_050,AllTime DerivCount,descendant_quality,future_child_like_quality_median_3m,lift,0.1,6,0.2754542742728563,0.20276659455402535,0.06266378336752312,0.4882447651781895,0.020834157910046933,0.13595155434955716,0.42555292962364694,positive,0.35418068447079787,21,tie,False,False
S_D_050,AllTime DerivCount,repropagation,future_child_becomes_parent_share_3m,lift,0.1,3,0.1623091611909162,0.2197969530043298,-0.3836967386881882,0.7083150610700206,0.32922881069610177,-0.07352437475024409,0.36145159040290853,mixed,1.0,21,tie,False,False
S_D_050,AllTime DerivCount,repropagation,future_child_future_child_count_mean_3m,lift,0.1,3,0.12951624982403231,0.13752702931540953,-0.21211983007913598,0.4711523297272006,0.24443488867047827,-0.004976193887612723,0.26988921597135196,mixed,1.0,21,tie,False,False
S_D_050,AllTime DerivCount,repropagation,future_child_future_child_count_median_3m,lift,0.1,3,0.11419678348994289,0.1606186133150267,-0.2848019710500141,0.5131955380298998,0.3433039125881512,-0.04328995617682452,0.2777740148710066,mixed,1.0,21,tie,False,False
S_D_050,AllTime DerivCount,repropagation,future_child_second_order_diffusion_share_3m,lift,0.1,3,0.1742082812426015,0.14424643738538012,-0.1841197336476134,0.5325362961328164,0.1715620073250287,0.04653216140517813,0.3306807894827628,positive,1.0,21,tie,False,False
S_D_050,AllTime DerivCount,adoption_breadth,future_child_owner_breadth_3m,lift,0.1,6,0.3221658918336651,0.21604671730637878,0.09543876680981869,0.5488930168575116,0.014707522353548347,0.1687862758595299,0.4763429145811111,positive,0.3088579694245153,21,tie,False,False
S_D_050,AllTime DerivCount,adoption_breadth,future_high_download_child_owner_breadth_3m,lift,0.1,6,0.1430897261681623,0.3897222901789536,-0.2658987348075163,0.5520781871438409,0.4096857299801777,-0.1400552809124085,0.4118395385954128,mixed,1.0,21,tie,False,False
S_D_050,AllTime DerivCount,adoption_breadth,future_high_like_child_owner_breadth_3m,lift,0.1,6,0.12920576601021075,0.11015022174653001,0.013610197566956458,0.24480133445346502,0.03486226032021148,0.050422081025736976,0.20556784124371985,positive,0.5229339048031723,21,tie,False,False
S_D_050,AllTime DerivCount,adoption_breadth,future_cross_owner_reuse_share_3m,lift,0.1,6,0.430142358723407,0.36826436587146716,0.043672608274195,0.8166121091726191,0.03536224391362884,0.1572772203487848,0.6908429799320851,positive,0.5229339048031723,21,tie,False,False
S_D_050,Current DerivCount,quantity,future_direct_children_3m,lift,0.1,6,1.8958514827997979,0.6329249901049527,1.2316374408028472,2.5600655247967485,0.0007377246245165258,1.4047518641678802,2.3443903465135176,positive,0.010328144743231361,21,win,True,False
S_D_050,Current DerivCount,quantity,future_active_parent_months_3m,lift,0.1,6,2.3716633740902613,0.7337776157010826,1.601610992415646,3.1417157557648765,0.0005175721785109034,1.8412193559136236,2.902107392266899,positive,0.007763582677663552,21,win,True,False
S_D_050,Current DerivCount,quantity,future_active_parent_binary_3m,auc,0.01,6,0.17007329974536178,0.03880206217860989,0.12935303279366855,0.210793566697055,0.00012147186415533074,0.14149294218481065,0.1979072835673493,positive,0.0021864935547959534,21,win,True,False
S_D_050,Current DerivCount,descendant_quality,future_child_download_quality_sum_3m,lift,0.1,6,1.493511539455543,0.5121713314926284,0.9560206904541982,2.0310023884568875,0.0008352627131578186,1.115076905953232,1.8409396846563595,positive,0.010328144743231361,21,win,True,False
S_D_050,Current DerivCount,descendant_quality,future_child_like_quality_sum_3m,lift,0.1,6,1.7057341703833984,0.7741656418484976,0.893297154644635,2.518171186122162,0.002949400041256491,1.1362721523868538,2.25939603953169,positive,0.026031609095488344,21,win,True,False
S_D_050,Current DerivCount,descendant_quality,future_high_download_child_count_3m,lift,0.1,6,0.41824310420262556,0.2647896058673781,0.14036345473138817,0.696122753673863,0.011771669348184686,0.2542415052269971,0.6352693312651432,positive,0.05885834674092343,21,tie,False,False
S_D_050,Current DerivCount,descendant_quality,future_high_like_child_count_3m,lift,0.1,6,1.7484106445506444,0.6933451875132,1.0207894940239282,2.4760317950773607,0.001620421350656417,1.1920040933701321,2.169002562092082,positive,0.01620421350656417,21,win,True,False
S_D_050,Current DerivCount,descendant_quality,future_nonzero_like_child_share_3m,lift,0.1,6,2.423234381343099,0.4396155343666698,1.9618861717267981,2.8845825909594005,3.99137498833141e-05,2.1362102613651244,2.7654989210563454,positive,0.0007583612477829678,21,win,True,False
S_D_050,Current DerivCount,descendant_quality,future_nonzero_download_child_share_3m,lift,0.1,6,2.289923363764361,0.7662034407368274,1.4858421656442033,3.0940045618845184,0.000745441270363581,1.7017930346533232,2.829467415131593,positive,0.010328144743231361,21,win,True,False
S_D_050,Current DerivCount,descendant_quality,future_child_download_quality_mean_3m,lift,0.1,6,1.919859191582021,0.8674672831629088,1.0095081081871227,2.830210274976919,0.002892401010609816,1.2984252798269977,2.5287307759359714,positive,0.026031609095488344,21,win,True,False
S_D_050,Current DerivCount,descendant_quality,future_child_download_quality_median_3m,lift,0.1,6,1.9207930796712593,0.8724796472709274,1.0051818427412709,2.836404316601248,0.002959866767741785,1.2930198864887141,2.5469692180272174,positive,0.026031609095488344,21,win,True,False
S_D_050,Current DerivCount,descendant_quality,future_child_like_quality_mean_3m,lift,0.1,6,2.720821066561341,0.4242873749069016,2.275558773776129,3.1660833593465525,1.9012973987104507e-05,2.4037279702404297,2.998423215666436,positive,0.00038025947974209016,21,win,True,False
S_D_050,Current DerivCount,descendant_quality,future_child_like_quality_median_3m,lift,0.1,6,2.7994033727787317,0.40261740044146,2.3768823235131906,3.221924422044273,1.2768847520518218e-05,2.4838185235913657,3.0645049393951638,positive,0.00026814579793088257,21,win,True,False
S_D_050,Current DerivCount,repropagation,future_child_becomes_parent_share_3m,lift,0.1,3,5.2016738391574995,1.1270670157904827,2.4018841615971525,8.001463516717847,0.015291174577377147,4.342230308612113,6.477739312054717,positive,0.06116469830950859,21,tie,False,False
S_D_050,Current DerivCount,repropagation,future_child_future_child_count_mean_3m,lift,0.1,3,5.528789139624224,1.481967681722915,1.8473773339067416,9.210200945341706,0.023122079466869883,4.335877531536863,7.187765358125439,positive,0.06936623840060965,21,tie,False,False
S_D_050,Current DerivCount,repropagation,future_child_future_child_count_median_3m,lift,0.1,3,5.951100439060812,1.9527059757895957,1.1003098847017636,10.80189099341986,0.034065457948936416,4.632025310920147,8.194333438694724,positive,0.06936623840060965,21,tie,False,False
S_D_050,Current DerivCount,repropagation,future_child_second_order_diffusion_share_3m,lift,0.1,3,5.6538868379415375,1.6914602029258101,1.4520667599807373,9.855706915902338,0.028561781023449237,4.50996500350053,7.596840003717321,positive,0.06936623840060965,21,tie,False,False
S_D_050,Current DerivCount,adoption_breadth,future_child_owner_breadth_3m,lift,0.1,6,1.9135052675909672,0.5812607605401617,1.303509509407076,2.5235010257748582,0.000474905907899973,1.474805078819027,2.3083283505447776,positive,0.007598494526399568,21,win,True,False
S_D_050,Current DerivCount,adoption_breadth,future_high_download_child_owner_breadth_3m,lift,0.1,6,0.4083581244348509,0.2435284044072228,0.15279073752290906,0.6639255113467928,0.00928739599306296,0.25502613041724476,0.5977495137339713,positive,0.05572437595837776,21,tie,False,False
S_D_050,Current DerivCount,adoption_breadth,future_high_like_child_owner_breadth_3m,lift,0.1,6,1.9822904914909476,0.5355169161697284,1.4202999538952445,2.5442810290866507,0.000272872005629024,1.5743169976512152,2.348105041005373,positive,0.004638824095693408,21,win,True,False
S_D_050,Current DerivCount,adoption_breadth,future_cross_owner_reuse_share_3m,lift,0.1,6,2.5158263124745646,0.9413934601010936,1.5278944642794787,3.5037581606696504,0.0012459252175568369,1.834121098850679,3.1963574326955384,positive,0.013705177393125205,21,win,True,False
S_D_050,Vanilla PageRank,quantity,future_direct_children_3m,lift,0.1,6,0.36248454116900913,0.26814513484534486,0.08108347999758969,0.6438856023404286,0.021210676957011333,0.16753330656884557,0.5574357757691727,positive,0.3541806844708003,21,tie,False,False
S_D_050,Vanilla PageRank,quantity,future_active_parent_months_3m,lift,0.1,6,0.3630302363051307,0.25886217188973376,0.0913710473031637,0.6346894253070977,0.018531500643664444,0.175593630855978,0.5445051823891459,positive,0.33356701158595997,21,tie,False,False
S_D_050,Vanilla PageRank,quantity,future_active_parent_binary_3m,auc,0.01,6,0.03389910221511607,0.039190354424208776,-0.00722865245780388,0.07502685688803602,0.08764164312177318,0.007122970397860066,0.06300002749270496,positive,0.964058074339505,21,tie,False,False
S_D_050,Vanilla PageRank,descendant_quality,future_child_download_quality_sum_3m,lift,0.1,6,0.27635066904772915,0.28562503002024564,-0.023394417101877008,0.5760957551973354,0.06395634435516516,0.06506868767273821,0.47958448522907743,positive,0.7674761322619819,21,tie,False,False
S_D_050,Vanilla PageRank,descendant_quality,future_child_like_quality_sum_3m,lift,0.1,6,0.20025723769178275,0.1360472579747303,0.057484396462977594,0.3430300789205879,0.015452300122000818,0.10839671668222343,0.30358291297715984,positive,0.3088579694245153,21,tie,False,False
S_D_050,Vanilla PageRank,descendant_quality,future_high_download_child_count_3m,lift,0.1,6,0.16637718668252155,0.4365853333137073,-0.2917910219527505,0.6245453953177935,0.3934270502848019,-0.16739590751418462,0.46896889705614725,mixed,1.0,21,tie,False,False
S_D_050,Vanilla PageRank,descendant_quality,future_high_like_child_count_3m,lift,0.1,6,0.1014771987231972,0.1605097920218997,-0.06696749757687644,0.26992189502327085,0.1821570891022772,-0.021078373078735762,0.21257869801385176,mixed,1.0,21,tie,False,False
S_D_050,Vanilla PageRank,descendant_quality,future_nonzero_like_child_share_3m,lift,0.1,6,0.1463241051837604,0.22338720108554777,-0.08810638513202432,0.38075459549954516,0.1695149272057615,-0.014087148204129818,0.30683743450601836,mixed,1.0,21,tie,False,False
S_D_050,Vanilla PageRank,descendant_quality,future_nonzero_download_child_share_3m,lift,0.1,6,0.29433889054967716,0.2672881236612581,0.013837207458627765,0.5748405736407265,0.04291776660466629,0.1076540105549794,0.4812072623765122,positive,0.5579309658606618,21,tie,False,False
S_D_050,Vanilla PageRank,descendant_quality,future_child_download_quality_mean_3m,lift,0.1,6,0.2687182994185488,0.36787471485981055,-0.1173425373719092,0.6547791362090067,0.13359261427038663,-0.00146394015295237,0.5292692066010601,mixed,1.0,21,tie,False,False
S_D_050,Vanilla PageRank,descendant_quality,future_child_download_quality_median_3m,lift,0.1,6,0.2701746841964592,0.3704231752808635,-0.11856059778671613,0.6589099661796345,0.13405433198752187,-0.0022432089589950652,0.532052930929555,mixed,1.0,21,tie,False,False
S_D_050,Vanilla PageRank,descendant_quality,future_child_like_quality_mean_3m,lift,0.1,6,0.28021907833233445,0.18972401974005385,0.08111593027279268,0.4793222263918762,0.015253900152790434,0.15041611148904396,0.42289553117441897,positive,0.3088579694245153,21,tie,False,False
S_D_050,Vanilla PageRank,descendant_quality,future_child_like_quality_median_3m,lift,0.1,6,0.27545427427285585,0.2027665945540254,0.06266378336752262,0.48824476517818904,0.02083415791004708,0.134541950175743,0.42767920549341926,positive,0.3541806844708003,21,tie,False,False
S_D_050,Vanilla PageRank,repropagation,future_child_becomes_parent_share_3m,lift,0.1,3,0.1623091611909162,0.2197969530043298,-0.3836967386881882,0.7083150610700206,0.32922881069610177,-0.07352437475024409,0.36145159040290853,mixed,1.0,21,tie,False,False
S_D_050,Vanilla PageRank,repropagation,future_child_future_child_count_mean_3m,lift,0.1,3,0.12951624982403231,0.13752702931540953,-0.21211983007913598,0.4711523297272006,0.24443488867047827,-0.004976193887612723,0.26988921597135196,mixed,1.0,21,tie,False,False
S_D_050,Vanilla PageRank,repropagation,future_child_future_child_count_median_3m,lift,0.1,3,0.11419678348994289,0.1606186133150267,-0.2848019710500141,0.5131955380298998,0.3433039125881512,-0.04328995617682452,0.2777740148710066,mixed,1.0,21,tie,False,False
S_D_050,Vanilla PageRank,repropagation,future_child_second_order_diffusion_share_3m,lift,0.1,3,0.1742082812426015,0.14424643738538012,-0.1841197336476134,0.5325362961328164,0.1715620073250287,0.04653216140517813,0.3306807894827628,positive,1.0,21,tie,False,False
S_D_050,Vanilla PageRank,adoption_breadth,future_child_owner_breadth_3m,lift,0.1,6,0.3221658918336651,0.21604671730637878,0.09543876680981869,0.5488930168575116,0.014707522353548347,0.1679888690862191,0.4755455078078003,positive,0.3088579694245153,21,tie,False,False
S_D_050,Vanilla PageRank,adoption_breadth,future_high_download_child_owner_breadth_3m,lift,0.1,6,0.1430897261681623,0.3897222901789536,-0.2658987348075163,0.5520781871438409,0.4096857299801777,-0.14356768336250667,0.4182435105919911,mixed,1.0,21,tie,False,False
S_D_050,Vanilla PageRank,adoption_breadth,future_high_like_child_owner_breadth_3m,lift,0.1,6,0.12920576601021075,0.11015022174653001,0.013610197566956458,0.24480133445346502,0.03486226032021148,0.050422081025736976,0.2053056440877182,positive,0.5229339048031723,21,tie,False,False
S_D_050,Vanilla PageRank,adoption_breadth,future_cross_owner_reuse_share_3m,lift,0.1,6,0.43014235872340695,0.3682643658714671,0.043672608274195,0.8166121091726188,0.03536224391362884,0.16333420864387402,0.6969252385150572,positive,0.5229339048031723,21,tie,False,False
S_D_065,AllTime DerivCount,quantity,future_direct_children_3m,lift,0.1,6,0.348505335027596,0.25109314428181956,0.08499924048471003,0.6120114295704819,0.019255742090097106,0.1650511480405504,0.5264415288766893,positive,0.2888361313514566,21,tie,False,False
S_D_065,AllTime DerivCount,quantity,future_active_parent_months_3m,lift,0.1,6,0.3579388880872374,0.2520901093288875,0.09338654289222775,0.622491233282247,0.017696817136643263,0.17736026012434905,0.5377999464369053,positive,0.2831490741862922,21,tie,False,False
S_D_065,AllTime DerivCount,quantity,future_active_parent_binary_3m,auc,0.01,6,0.03339071809848535,0.03888119698448295,-0.0074125957388473315,0.07419403193581803,0.0893449853034652,0.0068708267625628055,0.06255132687227717,positive,0.9827948383381172,21,tie,False,False
S_D_065,AllTime DerivCount,descendant_quality,future_child_download_quality_sum_3m,lift,0.1,6,0.2606387746302994,0.27669198560350755,-0.029731656335608037,0.5510092055962068,0.06913331038436234,0.05690447085939051,0.45443072104693605,positive,0.8295997246123481,21,tie,False,False
S_D_065,AllTime DerivCount,descendant_quality,future_child_like_quality_sum_3m,lift,0.1,6,0.21081821426966774,0.10755942326509332,0.09794152208862152,0.32369490645071397,0.004879179714186645,0.13923829930043663,0.29108910349079964,positive,0.09804513055433502,21,tie,False,False
S_D_065,AllTime DerivCount,descendant_quality,future_high_download_child_count_3m,lift,0.1,6,0.13570065030979397,0.422990348719069,-0.30820049696802776,0.5796017975876157,0.46755629863755194,-0.1797688191845442,0.4421182998202675,mixed,1.0,21,tie,False,False
S_D_065,AllTime DerivCount,descendant_quality,future_high_like_child_count_3m,lift,0.1,6,0.11005791185190088,0.1357543547889812,-0.03240754633474009,0.25252337003854186,0.10380102876866049,0.0096691179190563,0.2072900770696502,positive,0.9827948383381172,21,tie,False,False
S_D_065,AllTime DerivCount,descendant_quality,future_nonzero_like_child_share_3m,lift,0.1,6,0.1607407649301531,0.19283119151310837,-0.04162315992731086,0.36310468978761706,0.09664042913434107,0.02419527430233881,0.3009042523545076,positive,0.9827948383381172,21,tie,False,False
S_D_065,AllTime DerivCount,descendant_quality,future_nonzero_download_child_share_3m,lift,0.1,6,0.28959894206476244,0.2652806847610185,0.011203936900538058,0.5679939472289868,0.04413450811300345,0.09998991775239123,0.47920796637713364,positive,0.5737486054690448,21,tie,False,False
S_D_065,AllTime DerivCount,descendant_quality,future_child_download_quality_mean_3m,lift,0.1,6,0.25754629560048276,0.36558538014152564,-0.1261120317449559,0.6412046229459214,0.14501004821362504,-0.014062575126902269,0.513095918766887,mixed,1.0,21,tie,False,False
S_D_065,AllTime DerivCount,descendant_quality,future_child_download_quality_median_3m,lift,0.1,6,0.2599437901247315,0.36725807397739363,-0.1254699217467013,0.6453575019961644,0.1434982361326059,-0.010413393509965877,0.5269536049591901,mixed,1.0,21,tie,False,False
S_D_065,AllTime DerivCount,descendant_quality,future_child_like_quality_mean_3m,lift,0.1,6,0.2910696745907739,0.1469673211022028,0.13683692992608507,0.44530241925546266,0.00466881574068262,0.17973324091314322,0.39932130820874673,positive,0.09804513055433502,21,tie,False,False
S_D_065,AllTime DerivCount,descendant_quality,future_child_like_quality_median_3m,lift,0.1,6,0.29005528719777524,0.1541848233503394,0.12824823844286254,0.45186233595268793,0.005797963858578648,0.17564784029437078,0.4039720143097819,positive,0.11016131331299431,21,tie,False,False
S_D_065,AllTime DerivCount,repropagation,future_child_becomes_parent_share_3m,lift,0.1,3,0.1623091611909168,0.21979695300432994,-0.3836967386881879,0.7083150610700214,0.32922881069610077,-0.07352437475024409,0.36145159040290853,mixed,1.0,21,tie,False,False
S_D_065,AllTime DerivCount,repropagation,future_child_future_child_count_mean_3m,lift,0.1,3,0.12951624982403112,0.13752702931540867,-0.21211983007913507,0.47115232972719734,0.2444348886704792,-0.004976193887612723,0.2698892159713502,mixed,1.0,21,tie,False,False
S_D_065,AllTime DerivCount,repropagation,future_child_future_child_count_median_3m,lift,0.1,3,0.11419678348994289,0.1606186133150267,-0.2848019710500141,0.5131955380298998,0.3433039125881512,-0.04328995617682452,0.2777740148710066,mixed,1.0,21,tie,False,False
S_D_065,AllTime DerivCount,repropagation,future_child_second_order_diffusion_share_3m,lift,0.1,3,0.1742082812426015,0.14424643738538012,-0.1841197336476134,0.5325362961328164,0.1715620073250287,0.04653216140517813,0.3306807894827628,positive,1.0,21,tie,False,False
S_D_065,AllTime DerivCount,adoption_breadth,future_child_owner_breadth_3m,lift,0.1,6,0.31613802504298033,0.20905217936057782,0.09675121742406226,0.5355248326618984,0.013938108648366348,0.1697386734918895,0.46058375047468275,positive,0.25088595567059424,21,tie,False,False
S_D_065,AllTime DerivCount,adoption_breadth,future_high_download_child_owner_breadth_3m,lift,0.1,6,0.131024979780052,0.3704894568180595,-0.25777986041052386,0.5198298199706279,0.4259483226054613,-0.14345259400966404,0.40363004259440705,mixed,1.0,21,tie,False,False
S_D_065,AllTime DerivCount,adoption_breadth,future_high_like_child_owner_breadth_3m,lift,0.1,6,0.13508918782284077,0.08936195739272998,0.0413095648840435,0.22886881076163804,0.013957132421017095,0.07658415593861993,0.20465064425920199,positive,0.25088595567059424,21,tie,False,False
S_D_065,AllTime DerivCount,adoption_breadth,future_cross_owner_reuse_share_3m,lift,0.1,6,0.4177213878882989,0.3623916740586917,0.03741464952953877,0.798028126247059,0.03695715238571482,0.15280161896168254,0.6826411568149152,positive,0.5174001334000075,21,tie,False,False
S_D_065,Current DerivCount,quantity,future_direct_children_3m,lift,0.1,6,1.8818722766583846,0.6200725598594374,1.231146033020355,2.532598520296414,0.0006941797778697304,1.421309850067363,2.313838833386097,positive,0.009718516890176226,21,win,True,False
S_D_065,Current DerivCount,quantity,future_active_parent_months_3m,lift,0.1,6,2.3665720258723684,0.730887672920371,1.5995524531490921,3.1335915985956446,0.0005132343638352574,1.841071249683816,2.89207280206092,positive,0.007698515457528861,21,win,True,False
S_D_065,Current DerivCount,quantity,future_active_parent_binary_3m,auc,0.01,6,0.1704123416347393,0.03838528256272863,0.13012945806593404,0.21069522520354458,0.00011420361310669737,0.1428825770508638,0.19861003769313967,positive,0.002055665035920553,21,win,True,False
S_D_065,Current DerivCount,descendant_quality,future_child_download_quality_sum_3m,lift,0.1,6,1.4777996450381128,0.503560815000165,0.9493449789218712,2.0062543111543545,0.000811013765736022,1.101371021239532,1.814815642214622,positive,0.009985160185728256,21,win,True,False
S_D_065,Current DerivCount,descendant_quality,future_child_like_quality_sum_3m,lift,0.1,6,1.7162951469612835,0.7778949674932595,0.8999444439781288,2.532645849944438,0.002931838577010334,1.128651585414401,2.2632977131049823,positive,0.026386547193093007,21,win,True,False
S_D_065,Current DerivCount,descendant_quality,future_high_download_child_count_3m,lift,0.1,6,0.387566567829898,0.22577000384311252,0.1506354793774824,0.6244976562823137,0.008449594486984412,0.24557379907672416,0.5680090273295333,positive,0.042247972434922065,21,win,True,False
S_D_065,Current DerivCount,descendant_quality,future_high_like_child_count_3m,lift,0.1,6,1.7569913576793479,0.6994723938957264,1.0229400984018104,2.4910426169568853,0.0016491286153412972,1.195556190961098,2.1744157173282175,positive,0.01649128615341297,21,win,True,False
S_D_065,Current DerivCount,descendant_quality,future_nonzero_like_child_share_3m,lift,0.1,6,2.4376510410894916,0.45179756329420795,1.963518576150388,2.9117835060285953,4.4310786833869646e-05,2.146658437287388,2.7950898954329184,positive,0.0008419049498435233,21,win,True,False
S_D_065,Current DerivCount,descendant_quality,future_nonzero_download_child_share_3m,lift,0.1,6,2.2851834152794464,0.7695750393356218,1.4775639414262909,3.092802889132602,0.0007680892450560197,1.7272620763714397,2.8241025206748316,positive,0.009985160185728256,21,win,True,False
S_D_065,Current DerivCount,descendant_quality,future_child_download_quality_mean_3m,lift,0.1,6,1.9086871877639553,0.8710470811671257,0.9945793367598034,2.822795038768107,0.003020949520540929,1.2779159489279566,2.5327535578403353,positive,0.026386547193093007,21,win,True,False
S_D_065,Current DerivCount,descendant_quality,future_child_download_quality_median_3m,lift,0.1,6,1.9105621855995312,0.8754035280381728,0.9918825239855891,2.8292418472134733,0.003074200687492188,1.278446239429177,2.5233962142471387,positive,0.026386547193093007,21,win,True,False
S_D_065,Current DerivCount,descendant_quality,future_child_like_quality_mean_3m,lift,0.1,6,2.7316716628197804,0.42451181442933456,2.286173835200726,3.1771694904388346,1.8693175056049543e-05,2.41136056996332,3.0333700927345952,positive,0.00037386350112099084,21,win,True,False
S_D_065,Current DerivCount,descendant_quality,future_child_like_quality_median_3m,lift,0.1,6,2.814004385703651,0.3974513450271506,2.3969047791075635,3.2311039922997384,1.1678149747185034e-05,2.512495355658715,3.09163795891735,positive,0.00024524114469088573,21,win,True,False
S_D_065,Current DerivCount,repropagation,future_child_becomes_parent_share_3m,lift,0.1,3,5.2016738391575,1.1270670157904825,2.401884161597154,8.001463516717847,0.015291174577377126,4.342230308612113,6.477739312054717,positive,0.061164698309508506,21,tie,False,False
S_D_065,Current DerivCount,repropagation,future_child_future_child_count_mean_3m,lift,0.1,3,5.528789139624223,1.4819676817229144,1.847377333906742,9.210200945341704,0.023122079466869873,4.335877531536863,7.187765358125437,positive,0.06936623840060963,21,tie,False,False
S_D_065,Current DerivCount,repropagation,future_child_future_child_count_median_3m,lift,0.1,3,5.951100439060812,1.9527059757895957,1.1003098847017636,10.80189099341986,0.034065457948936416,4.632025310920147,8.194333438694724,positive,0.06936623840060963,21,tie,False,False
S_D_065,Current DerivCount,repropagation,future_child_second_order_diffusion_share_3m,lift,0.1,3,5.6538868379415375,1.6914602029258101,1.4520667599807373,9.855706915902338,0.028561781023449237,4.50996500350053,7.596840003717321,positive,0.06936623840060963,21,tie,False,False
S_D_065,Current DerivCount,adoption_breadth,future_child_owner_breadth_3m,lift,0.1,6,1.9074774008002828,0.5744273790777359,1.304652836664066,2.5103019649364997,0.00045595849790859577,1.4748698373693039,2.298481609023242,positive,0.007295335966537532,21,win,True,False
S_D_065,Current DerivCount,adoption_breadth,future_high_download_child_owner_breadth_3m,lift,0.1,6,0.39629337804674064,0.21631108812124067,0.16928881286762978,0.6232979432258515,0.006473152057747145,0.2571096848885548,0.5705425727670663,positive,0.03883891234648287,21,win,True,False
S_D_065,Current DerivCount,adoption_breadth,future_high_like_child_owner_breadth_3m,lift,0.1,6,1.9881739133035776,0.5424905611959895,1.4188649840773329,2.557482842529822,0.00028611596601533075,1.56880604931078,2.3600812073620014,positive,0.004863971422260623,21,win,True,False
S_D_065,Current DerivCount,adoption_breadth,future_cross_owner_reuse_share_3m,lift,0.1,6,2.5034053416394557,0.9390495296750341,1.5179332975709134,3.488877385707998,0.0012599273827214495,1.828604522677381,3.1620903277563563,positive,0.013859201209935943,21,win,True,False
S_D_065,Vanilla PageRank,quantity,future_direct_children_3m,lift,0.1,6,0.348505335027596,0.25109314428181956,0.08499924048471003,0.6120114295704819,0.019255742090097106,0.1650511480405504,0.5319595220146417,positive,0.2888361313514566,21,tie,False,False
S_D_065,Vanilla PageRank,quantity,future_active_parent_months_3m,lift,0.1,6,0.3579388880872374,0.2520901093288875,0.09338654289222775,0.622491233282247,0.017696817136643263,0.1716735307693448,0.5377999464369053,positive,0.2831490741862922,21,tie,False,False
S_D_065,Vanilla PageRank,quantity,future_active_parent_binary_3m,auc,0.01,6,0.034238144104493606,0.038948782173723856,-0.006636096039157595,0.07511238424814481,0.08390091824309516,0.007364969249877913,0.06314451609463445,positive,0.9229101006740468,21,tie,False,False
S_D_065,Vanilla PageRank,descendant_quality,future_child_download_quality_sum_3m,lift,0.1,6,0.26063877463029916,0.2766919856035079,-0.02973165633560859,0.5510092055962069,0.06913331038436273,0.04696211350511829,0.45443072104693605,positive,0.8295997246123528,21,tie,False,False
S_D_065,Vanilla PageRank,descendant_quality,future_child_like_quality_sum_3m,lift,0.1,6,0.2108182142696676,0.10755942326509324,0.09794152208862146,0.32369490645071375,0.004879179714186645,0.13442549236480908,0.291078706153897,positive,0.09804513055433611,21,tie,False,False
S_D_065,Vanilla PageRank,descendant_quality,future_high_download_child_count_3m,lift,0.1,6,0.13570065030979397,0.422990348719069,-0.30820049696802776,0.5796017975876157,0.46755629863755194,-0.1760488403667646,0.4369490820712391,mixed,1.0,21,tie,False,False
S_D_065,Vanilla PageRank,descendant_quality,future_high_like_child_count_3m,lift,0.1,6,0.11005791185190088,0.1357543547889812,-0.03240754633474009,0.25252337003854186,0.10380102876866049,0.008703051254734584,0.20490578702374793,positive,0.9664042913434081,21,tie,False,False
S_D_065,Vanilla PageRank,descendant_quality,future_nonzero_like_child_share_3m,lift,0.1,6,0.1607407649301531,0.19283119151310812,-0.04162315992731061,0.3631046897876168,0.09664042913434082,0.02419527430233896,0.3014761520235248,positive,0.9664042913434081,21,tie,False,False
S_D_065,Vanilla PageRank,descendant_quality,future_nonzero_download_child_share_3m,lift,0.1,6,0.28959894206476244,0.2652806847610186,0.011203936900538003,0.5679939472289869,0.04413450811300348,0.098502780544015,0.47355242751642357,positive,0.5737486054690452,21,tie,False,False
S_D_065,Vanilla PageRank,descendant_quality,future_child_download_quality_mean_3m,lift,0.1,6,0.25754629560048303,0.36558538014152603,-0.126112031744956,0.6412046229459221,0.14501004821362504,-0.015122375777006999,0.5166103051631981,mixed,1.0,21,tie,False,False
S_D_065,Vanilla PageRank,descendant_quality,future_child_download_quality_median_3m,lift,0.1,6,0.259943790124731,0.36725807397739346,-0.12546992174670163,0.6453575019961637,0.14349823613260637,-0.01376076231020503,0.5269536049591895,mixed,1.0,21,tie,False,False
S_D_065,Vanilla PageRank,descendant_quality,future_child_like_quality_mean_3m,lift,0.1,6,0.2910696745907739,0.14696732110220315,0.13683692992608473,0.445302419255463,0.004668815740682672,0.18415020982861666,0.39681549380985937,positive,0.09804513055433611,21,tie,False,False
S_D_065,Vanilla PageRank,descendant_quality,future_child_like_quality_median_3m,lift,0.1,6,0.2900552871977748,0.15418482335033934,0.12824823844286212,0.45186233595268743,0.005797963858578674,0.17659204275635534,0.40393522143149,positive,0.11016131331299481,21,tie,False,False
S_D_065,Vanilla PageRank,repropagation,future_child_becomes_parent_share_3m,lift,0.1,3,0.1623091611909168,0.21979695300432994,-0.3836967386881879,0.7083150610700214,0.32922881069610077,-0.07352437475024409,0.36145159040290853,mixed,1.0,21,tie,False,False
S_D_065,Vanilla PageRank,repropagation,future_child_future_child_count_mean_3m,lift,0.1,3,0.12951624982403112,0.13752702931540867,-0.21211983007913507,0.47115232972719734,0.2444348886704792,-0.004976193887612723,0.2698892159713502,mixed,1.0,21,tie,False,False
S_D_065,Vanilla PageRank,repropagation,future_child_future_child_count_median_3m,lift,0.1,3,0.11419678348994289,0.1606186133150267,-0.2848019710500141,0.5131955380298998,0.3433039125881512,-0.04328995617682452,0.2777740148710066,mixed,1.0,21,tie,False,False
S_D_065,Vanilla PageRank,repropagation,future_child_second_order_diffusion_share_3m,lift,0.1,3,0.1742082812426015,0.14424643738538012,-0.1841197336476134,0.5325362961328164,0.1715620073250287,0.04653216140517813,0.3306807894827628,positive,1.0,21,tie,False,False
S_D_065,Vanilla PageRank,adoption_breadth,future_child_owner_breadth_3m,lift,0.1,6,0.31613802504298033,0.20905217936057782,0.09675121742406226,0.5355248326618984,0.013938108648366348,0.16548444521771918,0.46058375047468275,positive,0.25088595567059424,21,tie,False,False
S_D_065,Vanilla PageRank,adoption_breadth,future_high_download_child_owner_breadth_3m,lift,0.1,6,0.131024979780052,0.3704894568180595,-0.25777986041052386,0.5198298199706279,0.4259483226054613,-0.14345259400966404,0.40550255356976805,mixed,1.0,21,tie,False,False
S_D_065,Vanilla PageRank,adoption_breadth,future_high_like_child_owner_breadth_3m,lift,0.1,6,0.13508918782284077,0.08936195739272998,0.0413095648840435,0.22886881076163804,0.013957132421017095,0.0769396119531951,0.20500610027377716,positive,0.25088595567059424,21,tie,False,False
S_D_065,Vanilla PageRank,adoption_breadth,future_cross_owner_reuse_share_3m,lift,0.1,6,0.4177213878882988,0.3623916740586917,0.03741464952953871,0.798028126247059,0.03695715238571483,0.15280161896168246,0.6826411568149151,positive,0.5174001334000076,21,tie,False,False
S_D_075,AllTime DerivCount,quantity,future_direct_children_3m,lift,0.1,6,0.3332252529038344,0.2335656217166342,0.08811316521993504,0.5783373405877338,0.017383530698197255,0.16000607763576813,0.5033949809260796,positive,0.26596538163618505,21,tie,False,False
S_D_075,AllTime DerivCount,quantity,future_active_parent_months_3m,lift,0.1,6,0.3522307387218047,0.24396006061554404,0.09621035640066816,0.6082511210429413,0.016622836352261566,0.17421909913347453,0.5240976881125007,positive,0.26596538163618505,21,tie,False,False
S_D_075,AllTime DerivCount,quantity,future_active_parent_binary_3m,auc,0.01,6,0.0334139490080493,0.03877420730712908,-0.007277086048767249,0.07410498406486585,0.0885247148139517,0.006880970205221215,0.06225376847287717,positive,0.7967224333255654,21,tie,False,False
S_D_075,AllTime DerivCount,descendant_quality,future_child_download_quality_sum_3m,lift,0.1,6,0.2520468897106923,0.26320265436272616,-0.02416735629277683,0.5282611357141613,0.06591396417334096,0.05528342363060582,0.435724899566315,positive,0.6591396417334096,21,tie,False,False
S_D_075,AllTime DerivCount,descendant_quality,future_child_like_quality_sum_3m,lift,0.1,6,0.2245532964163716,0.09826731740975905,0.1214280712895993,0.32767852154314386,0.002513356907744568,0.1572618025258478,0.2979984600065288,positive,0.05026713815489136,21,tie,False,False
S_D_075,AllTime DerivCount,descendant_quality,future_high_download_child_count_3m,lift,0.1,6,0.13292971164420364,0.40860412194803586,-0.2958740165364701,0.5617334398248774,0.4616647019109279,-0.17234914460009476,0.42668898272146055,mixed,1.0,21,tie,False,False
S_D_075,AllTime DerivCount,descendant_quality,future_high_like_child_count_3m,lift,0.1,6,0.1345821226646405,0.12807846794377925,0.00017201370116320946,0.2689922316281178,0.04980082828004467,0.03658833587438659,0.22502051134628553,positive,0.5976099393605361,21,tie,False,False
S_D_075,AllTime DerivCount,descendant_quality,future_nonzero_like_child_share_3m,lift,0.1,6,0.18508962126953485,0.1774045827246479,-0.001085070522586079,0.37126431306165575,0.05091815005473282,0.05741517184548014,0.3142345964113775,positive,0.5976099393605361,21,tie,False,False
S_D_075,AllTime DerivCount,descendant_quality,future_nonzero_download_child_share_3m,lift,0.1,6,0.2871569371187457,0.25820780272535765,0.01618446643952387,0.5581294077979675,0.041570561313537896,0.10095724617812112,0.46889819360684065,positive,0.5404172970759926,21,tie,False,False
S_D_075,AllTime DerivCount,descendant_quality,future_child_download_quality_mean_3m,lift,0.1,6,0.2557344506336145,0.3504322143929799,-0.1120216045180491,0.6234905057852781,0.1338848680007904,-0.006117549453082886,0.5084868685395341,mixed,1.0,21,tie,False,False
S_D_075,AllTime DerivCount,descendant_quality,future_child_download_quality_median_3m,lift,0.1,6,0.25806389141727415,0.3508482872430354,-0.1101288054120308,0.6262565882465791,0.1314688186315363,-0.0018518789499435417,0.5091812645156732,mixed,1.0,21,tie,False,False
S_D_075,AllTime DerivCount,descendant_quality,future_child_like_quality_mean_3m,lift,0.1,6,0.3090370447219781,0.13152260923744538,0.17101253113609016,0.4470615583078661,0.0022220563027728363,0.21267281760495557,0.39772088565046976,positive,0.04666318235822956,21,win,True,False
S_D_075,AllTime DerivCount,descendant_quality,future_child_like_quality_median_3m,lift,0.1,6,0.3108156187070346,0.14023070640097693,0.1636525176020595,0.4579787198120097,0.002873715476032848,0.2082479517090685,0.4073734456049138,positive,0.05460059404462411,21,tie,False,False
S_D_075,AllTime DerivCount,repropagation,future_child_becomes_parent_share_3m,lift,0.1,3,0.1623091611909168,0.21979695300432994,-0.3836967386881879,0.7083150610700214,0.32922881069610077,-0.07352437475024409,0.36145159040290853,mixed,1.0,21,tie,False,False
S_D_075,AllTime DerivCount,repropagation,future_child_future_child_count_mean_3m,lift,0.1,3,0.12951624982403112,0.13752702931540867,-0.21211983007913507,0.47115232972719734,0.2444348886704792,-0.004976193887612723,0.2698892159713502,mixed,1.0,21,tie,False,False
S_D_075,AllTime DerivCount,repropagation,future_child_future_child_count_median_3m,lift,0.1,3,0.11419678348994289,0.1606186133150267,-0.2848019710500141,0.5131955380298998,0.3433039125881512,-0.04328995617682452,0.2777740148710066,mixed,1.0,21,tie,False,False
S_D_075,AllTime DerivCount,repropagation,future_child_second_order_diffusion_share_3m,lift,0.1,3,0.1742082812426009,0.14424643738538032,-0.18411973364761453,0.5325362961328164,0.17156200732502994,0.04653216140517813,0.3306807894827628,positive,1.0,21,tie,False,False
S_D_075,AllTime DerivCount,adoption_breadth,future_child_owner_breadth_3m,lift,0.1,6,0.3131708812298006,0.20974585873442178,0.09305610175330994,0.5332856607062912,0.014635746000602173,0.16446726307511317,0.45772838583345754,positive,0.24880768201023692,21,tie,False,False
S_D_075,AllTime DerivCount,adoption_breadth,future_high_download_child_owner_breadth_3m,lift,0.1,6,0.13646398582067798,0.36890121338864085,-0.25067409511023536,0.5236020667515913,0.40642035279386773,-0.13391558912955523,0.40684356077091116,mixed,1.0,21,tie,False,False
S_D_075,AllTime DerivCount,adoption_breadth,future_high_like_child_owner_breadth_3m,lift,0.1,6,0.15470804355302473,0.08619836366472425,0.06424840862254808,0.24516767848350138,0.007046064456832339,0.09855830678991422,0.22107809094683897,positive,0.1268291602229821,21,tie,False,False
S_D_075,AllTime DerivCount,adoption_breadth,future_cross_owner_reuse_share_3m,lift,0.1,6,0.41427931233611076,0.35086860815821064,0.046065290014185634,0.7824933346580358,0.034100272929669224,0.1591316099593175,0.66544090205104,positive,0.47740382101536916,21,tie,False,False
S_D_075,Current DerivCount,quantity,future_direct_children_3m,lift,0.1,6,1.866592194534623,0.6015551084033811,1.2352988244146226,2.4978855646546236,0.0006261858796700281,1.3970919724045512,2.275270615960726,positive,0.008766602315380394,21,win,True,False
S_D_075,Current DerivCount,quantity,future_active_parent_months_3m,lift,0.1,6,2.3608638765069356,0.7140461298176896,1.6115184193464573,3.110209333667414,0.0004653220815149543,1.8406695994212683,2.8736983831318157,positive,0.006979831222724314,21,win,True,False
S_D_075,Current DerivCount,quantity,future_active_parent_binary_3m,auc,0.01,6,0.17043557254430328,0.03815063267585439,0.13039893892968138,0.21047220615892517,0.0001108000369037707,0.1430530211433246,0.19823373395198488,positive,0.0019944006642678724,21,win,True,False
S_D_075,Current DerivCount,descendant_quality,future_child_download_quality_sum_3m,lift,0.1,6,1.4692077601185058,0.48227879801520074,0.9630872011151574,1.9753283191218542,0.0006821293148415387,1.1032762014601496,1.7959917844756124,positive,0.008867681092940002,21,win,True,False
S_D_075,Current DerivCount,descendant_quality,future_child_like_quality_sum_3m,lift,0.1,6,1.7300302291079872,0.7659905362171201,0.9261724605787057,2.533887997637269,0.002646141815475294,1.1642925561274533,2.269242416838847,positive,0.023815276339277644,21,win,True,False
S_D_075,Current DerivCount,descendant_quality,future_high_download_child_count_3m,lift,0.1,6,0.3847956291643077,0.22555787816470582,0.1480871529589492,0.6215041053696662,0.008665303927814831,0.24417416930714508,0.5622468070026435,positive,0.043326519639074156,21,win,True,False
S_D_075,Current DerivCount,descendant_quality,future_high_like_child_count_3m,lift,0.1,6,1.7815155684920878,0.6844635235632086,1.0632151526560718,2.499815984328104,0.001404636838865064,1.221564020451357,2.18554432524101,positive,0.01404636838865064,21,win,True,False
S_D_075,Current DerivCount,descendant_quality,future_nonzero_like_child_share_3m,lift,0.1,6,2.4619998974288735,0.4535930212905332,1.98598321487849,2.938016579979257,4.303752169503441e-05,2.1722273897675257,2.8111040825923035,positive,0.0008177129122056537,21,win,True,False
S_D_075,Current DerivCount,descendant_quality,future_nonzero_download_child_share_3m,lift,0.1,6,2.282741410333429,0.7557627508914524,1.4896170442421086,3.0758657764247497,0.0007097580362443554,1.72472099360606,2.8103411924962693,positive,0.008867681092940002,21,win,True,False
S_D_075,Current DerivCount,descendant_quality,future_child_download_quality_mean_3m,lift,0.1,6,1.9068753427970868,0.8502648865231834,1.0145770675275434,2.7991736180666305,0.0027293614591454582,1.2862804753561343,2.531301593132896,positive,0.023815276339277644,21,win,True,False
S_D_075,Current DerivCount,descendant_quality,future_child_download_quality_median_3m,lift,0.1,6,1.9086822868920736,0.8536398525069596,1.0128422020357188,2.8045223717484284,0.00276568734342238,1.2880149305589255,2.5076727909422227,positive,0.023815276339277644,21,win,True,False
S_D_075,Current DerivCount,descendant_quality,future_child_like_quality_mean_3m,lift,0.1,6,2.7496390329509843,0.41144592152596676,2.3178530190117885,3.18142504689018,1.5520341089600057e-05,2.4434560972052584,3.034554094124111,positive,0.00031040682179200114,21,win,True,False
S_D_075,Current DerivCount,descendant_quality,future_child_like_quality_median_3m,lift,0.1,6,2.8347647172129107,0.38341164202342554,2.432398875322487,3.2371305591033344,9.431563950507204e-06,2.5481024893329796,3.1017753247250166,positive,0.00019806284296065128,21,win,True,False
S_D_075,Current DerivCount,repropagation,future_child_becomes_parent_share_3m,lift,0.1,3,5.2016738391575,1.1270670157904825,2.401884161597154,8.001463516717847,0.015291174577377126,4.342230308612113,6.477739312054717,positive,0.061164698309508506,21,tie,False,False
S_D_075,Current DerivCount,repropagation,future_child_future_child_count_mean_3m,lift,0.1,3,5.528789139624223,1.4819676817229144,1.847377333906742,9.210200945341704,0.023122079466869873,4.335877531536863,7.187765358125437,positive,0.06936623840060963,21,tie,False,False
S_D_075,Current DerivCount,repropagation,future_child_future_child_count_median_3m,lift,0.1,3,5.951100439060812,1.9527059757895957,1.1003098847017636,10.80189099341986,0.034065457948936416,4.632025310920147,8.194333438694724,positive,0.06936623840060963,21,tie,False,False
S_D_075,Current DerivCount,repropagation,future_child_second_order_diffusion_share_3m,lift,0.1,3,5.653886837941536,1.6914602029258108,1.4520667599807338,9.855706915902338,0.02856178102344927,4.509965003500528,7.596840003717321,positive,0.06936623840060963,21,tie,False,False
S_D_075,Current DerivCount,adoption_breadth,future_child_owner_breadth_3m,lift,0.1,6,1.904510256987103,0.5680617209660973,1.3083660413446325,2.5006544726295736,0.00043586622899418866,1.4877028540226862,2.29684116479104,positive,0.0069738596639070186,21,win,True,False
S_D_075,Current DerivCount,adoption_breadth,future_high_download_child_owner_breadth_3m,lift,0.1,6,0.4017323840873666,0.21775291574386715,0.17321471361448504,0.6302500545602482,0.006288289537698299,0.25881952748293235,0.5715559632287304,positive,0.037729737226189795,21,win,True,False
S_D_075,Current DerivCount,adoption_breadth,future_high_like_child_owner_breadth_3m,lift,0.1,6,2.007792769033762,0.5302287107541409,1.4513518626722672,2.5642336753952564,0.0002449218296188195,1.6191245912522174,2.3788609629175683,positive,0.004163671103519931,21,win,True,False
S_D_075,Current DerivCount,adoption_breadth,future_cross_owner_reuse_share_3m,lift,0.1,6,2.499963266087268,0.9210248641360366,1.5334069484325545,3.4665195837419813,0.0011607016794512434,1.8373722973713271,3.166870176637406,positive,0.012767718473963678,21,win,True,False
S_D_075,Vanilla PageRank,quantity,future_direct_children_3m,lift,0.1,6,0.3332252529038344,0.2335656217166342,0.08811316521993504,0.5783373405877338,0.017383530698197255,0.16305552488158925,0.5033949809260796,positive,0.26596538163618505,21,tie,False,False
S_D_075,Vanilla PageRank,quantity,future_active_parent_months_3m,lift,0.1,6,0.3522307387218047,0.24396006061554404,0.09621035640066816,0.6082511210429413,0.016622836352261566,0.18036378933110875,0.5240976881125007,positive,0.26596538163618505,21,tie,False,False
S_D_075,Vanilla PageRank,quantity,future_active_parent_binary_3m,auc,0.01,6,0.03426137501405755,0.038841896111116395,-0.006500695086085223,0.07502344511420032,0.08312101656116153,0.00780230809362877,0.06327415309632689,positive,0.7480891490504538,21,tie,False,False
S_D_075,Vanilla PageRank,descendant_quality,future_child_download_quality_sum_3m,lift,0.1,6,0.25204688971069206,0.2632026543627264,-0.024167356292777276,0.5282611357141613,0.06591396417334132,0.0552834236306056,0.435724899566315,positive,0.6591396417334132,21,tie,False,False
S_D_075,Vanilla PageRank,descendant_quality,future_child_like_quality_sum_3m,lift,0.1,6,0.22455329641637145,0.09826731740975898,0.12142807128959923,0.3276785215431437,0.0025133569077445705,0.15757786346778696,0.29799846000652863,positive,0.05026713815489141,21,tie,False,False
S_D_075,Vanilla PageRank,descendant_quality,future_high_download_child_count_3m,lift,0.1,6,0.13292971164420364,0.40860412194803586,-0.2958740165364701,0.5617334398248774,0.4616647019109279,-0.1740872788736949,0.4247821755191979,mixed,1.0,21,tie,False,False
S_D_075,Vanilla PageRank,descendant_quality,future_high_like_child_count_3m,lift,0.1,6,0.1345821226646405,0.12807846794377925,0.00017201370116320946,0.2689922316281178,0.04980082828004467,0.0369002292785674,0.22502051134628553,positive,0.5976099393605361,21,tie,False,False
S_D_075,Vanilla PageRank,descendant_quality,future_nonzero_like_child_share_3m,lift,0.1,6,0.18508962126953485,0.17740458272464765,-0.0010850705225858293,0.3712643130616555,0.0509181500547326,0.059106423116101744,0.31423459641137735,positive,0.5976099393605361,21,tie,False,False
S_D_075,Vanilla PageRank,descendant_quality,future_nonzero_download_child_share_3m,lift,0.1,6,0.2871569371187457,0.25820780272535776,0.016184466439523815,0.5581294077979675,0.0415705613135379,0.10335933025568862,0.46855245990423594,positive,0.5404172970759927,21,tie,False,False
S_D_075,Vanilla PageRank,descendant_quality,future_child_download_quality_mean_3m,lift,0.1,6,0.2557344506336148,0.3504322143929803,-0.11202160451804921,0.6234905057852788,0.1338848680007904,-0.00047951155579058674,0.5063103749257278,mixed,1.0,21,tie,False,False
S_D_075,Vanilla PageRank,descendant_quality,future_child_download_quality_median_3m,lift,0.1,6,0.25806389141727365,0.3508482872430353,-0.11012880541203118,0.6262565882465785,0.1314688186315368,-0.0038460535588048885,0.5091812645156727,mixed,1.0,21,tie,False,False
S_D_075,Vanilla PageRank,descendant_quality,future_child_like_quality_mean_3m,lift,0.1,6,0.3090370447219781,0.1315226092374457,0.17101253113608983,0.4470615583078664,0.002222056302772861,0.21267281760495513,0.3979507655032835,positive,0.04666318235823008,21,win,True,False
S_D_075,Vanilla PageRank,descendant_quality,future_child_like_quality_median_3m,lift,0.1,6,0.31081561870703417,0.14023070640097693,0.16365251760205907,0.45797871981200927,0.0028737154760328635,0.20849059529459982,0.41277613240168815,positive,0.054600594044624404,21,tie,False,False
S_D_075,Vanilla PageRank,repropagation,future_child_becomes_parent_share_3m,lift,0.1,3,0.1623091611909168,0.21979695300432994,-0.3836967386881879,0.7083150610700214,0.32922881069610077,-0.07352437475024409,0.36145159040290853,mixed,1.0,21,tie,False,False
S_D_075,Vanilla PageRank,repropagation,future_child_future_child_count_mean_3m,lift,0.1,3,0.12951624982403112,0.13752702931540867,-0.21211983007913507,0.47115232972719734,0.2444348886704792,-0.004976193887612723,0.2698892159713502,mixed,1.0,21,tie,False,False
S_D_075,Vanilla PageRank,repropagation,future_child_future_child_count_median_3m,lift,0.1,3,0.11419678348994289,0.1606186133150267,-0.2848019710500141,0.5131955380298998,0.3433039125881512,-0.04328995617682452,0.2777740148710066,mixed,1.0,21,tie,False,False
S_D_075,Vanilla PageRank,repropagation,future_child_second_order_diffusion_share_3m,lift,0.1,3,0.1742082812426009,0.14424643738538032,-0.18411973364761453,0.5325362961328164,0.17156200732502994,0.04653216140517813,0.3306807894827628,positive,1.0,21,tie,False,False
S_D_075,Vanilla PageRank,adoption_breadth,future_child_owner_breadth_3m,lift,0.1,6,0.3131708812298006,0.20974585873442178,0.09305610175330994,0.5332856607062912,0.014635746000602173,0.16446726307511317,0.46075410983271814,positive,0.24880768201023692,21,tie,False,False
S_D_075,Vanilla PageRank,adoption_breadth,future_high_download_child_owner_breadth_3m,lift,0.1,6,0.13646398582067798,0.36890121338864085,-0.25067409511023536,0.5236020667515913,0.40642035279386773,-0.13391558912955523,0.40684356077091116,mixed,1.0,21,tie,False,False
S_D_075,Vanilla PageRank,adoption_breadth,future_high_like_child_owner_breadth_3m,lift,0.1,6,0.15470804355302473,0.08619836366472425,0.06424840862254808,0.24516767848350138,0.007046064456832339,0.09809137097677863,0.22107809094683897,positive,0.1268291602229821,21,tie,False,False
S_D_075,Vanilla PageRank,adoption_breadth,future_cross_owner_reuse_share_3m,lift,0.1,6,0.41427931233611065,0.35086860815821064,0.04606529001418552,0.7824933346580358,0.034100272929669245,0.1591316099593174,0.6694270147129039,positive,0.47740382101536943,21,tie,False,False
S_D_090,AllTime DerivCount,quantity,future_direct_children_3m,lift,0.1,6,0.31393136663770943,0.21129914338109534,0.0921865148940963,0.5356762183813226,0.014915104638915806,0.1624850920303773,0.46998837392073717,positive,0.2237265695837371,21,tie,False,False
S_D_090,AllTime DerivCount,quantity,future_active_parent_months_3m,lift,0.1,6,0.3558992453972885,0.21064396087335202,0.13484196552793765,0.5769565252666393,0.009009271564473127,0.20543629819412423,0.5034730766713662,positive,0.15315761659604316,21,tie,False,False
S_D_090,AllTime DerivCount,quantity,future_active_parent_binary_3m,auc,0.01,6,0.033363364122071325,0.03869962366467274,-0.007249400202198289,0.07397612844634094,0.0884275194180348,0.005544048270119913,0.062169694906237395,positive,0.7952936109786152,21,tie,False,False
S_D_090,AllTime DerivCount,descendant_quality,future_child_download_quality_sum_3m,lift,0.1,6,0.2544293676597284,0.2265520516971957,0.01667757031713374,0.49218116500232306,0.04026714832629938,0.08946034595004937,0.41674936166489057,positive,0.4026714832629938,21,tie,False,False
S_D_090,AllTime DerivCount,descendant_quality,future_child_like_quality_sum_3m,lift,0.1,6,0.2255782388654052,0.09226826932592992,0.12874862860325292,0.3224078491275575,0.0018620076216774636,0.16649476429576326,0.2968479198569585,positive,0.03351613719019435,21,win,True,False
S_D_090,AllTime DerivCount,descendant_quality,future_high_download_child_count_3m,lift,0.1,6,0.1537893734500847,0.34768241971994807,-0.21108094916930314,0.5186596960694725,0.3280566369935736,-0.10400710430133901,0.40013782524304103,mixed,0.7952936109786152,21,tie,False,False
S_D_090,AllTime DerivCount,descendant_quality,future_high_like_child_count_3m,lift,0.1,6,0.14609656311431732,0.10267989119726331,0.03834062579126726,0.2538525004373674,0.017560165486716888,0.06939428773172307,0.22003306716757454,positive,0.24254275159399638,21,tie,False,False
S_D_090,AllTime DerivCount,descendant_quality,future_nonzero_like_child_share_3m,lift,0.1,6,0.1948485860233684,0.1364499438137906,0.05165315192337197,0.3380440201233649,0.017324482256714027,0.09645271896320222,0.28986944623091654,positive,0.24254275159399638,21,tie,False,False
S_D_090,AllTime DerivCount,descendant_quality,future_nonzero_download_child_share_3m,lift,0.1,6,0.2982962307070516,0.22356120644216232,0.06368313296850275,0.5329093284456003,0.02223942021015725,0.12863046144128765,0.45562450058823645,positive,0.2523618253774117,21,tie,False,False
S_D_090,AllTime DerivCount,descendant_quality,future_child_download_quality_mean_3m,lift,0.1,6,0.26657968001445104,0.31128395673596,-0.06009279831210501,0.5932521583410071,0.09001420458524963,0.03368578764512701,0.4848157850213546,positive,0.7952936109786152,21,tie,False,False
S_D_090,AllTime DerivCount,descendant_quality,future_child_download_quality_median_3m,lift,0.1,6,0.26878432529225904,0.31169360734096074,-0.05831805497908976,0.5958867055636079,0.08836595677540168,0.03888718855012815,0.48701397318543577,positive,0.7952936109786152,21,tie,False,False
S_D_090,AllTime DerivCount,descendant_quality,future_child_like_quality_mean_3m,lift,0.1,6,0.30561430272970885,0.1090761218014454,0.19114593304963667,0.42008267240978103,0.001003841326614575,0.22582967006270907,0.38391995768824555,positive,0.021080667858906072,21,win,True,False
S_D_090,AllTime DerivCount,descendant_quality,future_child_like_quality_median_3m,lift,0.1,6,0.3090048179837181,0.11502376397979455,0.18829478062833774,0.4297148553390985,0.0012166496425660613,0.2255992324090744,0.3919026359080345,positive,0.024332992851321227,21,win,True,False
S_D_090,AllTime DerivCount,repropagation,future_child_becomes_parent_share_3m,lift,0.1,3,0.21342236288894778,0.14137099223071622,-0.13776265025458528,0.5646073760324808,0.12040642239532515,0.07981523034384885,0.36145159040290853,positive,0.7952936109786152,21,tie,False,False
S_D_090,AllTime DerivCount,repropagation,future_child_future_child_count_mean_3m,lift,0.1,3,0.15347570187549722,0.10473181966794944,-0.10669256097866678,0.41364396472966125,0.12644480542056483,0.06690216226678558,0.2698892159713502,positive,0.7952936109786152,21,tie,False,False
S_D_090,AllTime DerivCount,repropagation,future_child_future_child_count_median_3m,lift,0.1,3,0.14305675427449258,0.12108610393883597,-0.1577378028851625,0.4438513114341477,0.17734275923654969,0.04328995617682452,0.2777740148710066,positive,0.7952936109786152,21,tie,False,False
S_D_090,AllTime DerivCount,repropagation,future_child_second_order_diffusion_share_3m,lift,0.1,3,0.1742082812426015,0.14424643738538012,-0.1841197336476134,0.5325362961328164,0.1715620073250287,0.04653216140517813,0.3306807894827628,positive,0.7952936109786152,21,tie,False,False
S_D_090,AllTime DerivCount,adoption_breadth,future_child_owner_breadth_3m,lift,0.1,6,0.3090180836592,0.1842452441529268,0.11566455796378144,0.5023716093546187,0.009279160214243397,0.17957369876971585,0.43992372176114797,positive,0.15315761659604316,21,tie,False,False
S_D_090,AllTime DerivCount,adoption_breadth,future_high_download_child_owner_breadth_3m,lift,0.1,6,0.14768220292824807,0.31579292926330005,-0.1837221518678105,0.47908655772430664,0.30384644719656356,-0.0801979976862297,0.37856754149233907,mixed,0.7952936109786152,21,tie,False,False
S_D_090,AllTime DerivCount,adoption_breadth,future_high_like_child_owner_breadth_3m,lift,0.1,6,0.16358426433668694,0.0633705335346644,0.09708096792618646,0.2300875607471874,0.001458102359531988,0.12083808165200811,0.2120046629415183,positive,0.02770394483110777,21,win,True,False
S_D_090,AllTime DerivCount,adoption_breadth,future_cross_owner_reuse_share_3m,lift,0.1,6,0.4202090575704481,0.3101180100643237,0.09476016523532521,0.7456579499055709,0.021030152114784307,0.19501321901649651,0.6454048961243997,positive,0.2523618253774117,21,tie,False,False
S_D_090,Current DerivCount,quantity,future_direct_children_3m,lift,0.1,6,1.847298308268498,0.554215667900485,1.2656846341849721,2.428911982352024,0.00044796795828717066,1.4233496837918835,2.224203241351609,positive,0.006271551416020389,21,win,True,False
S_D_090,Current DerivCount,quantity,future_active_parent_months_3m,lift,0.1,6,2.3645323831824197,0.6851407034858201,1.6455213106009932,3.083543455763846,0.0003802722499849824,1.8670519095946958,2.8480896697275386,positive,0.005704083749774736,21,win,True,False
S_D_090,Current DerivCount,quantity,future_active_parent_binary_3m,auc,0.01,6,0.1703849876583253,0.03789451642598531,0.13061713156427252,0.21015284375237808,0.00010740775404656213,0.14311917593442008,0.1980483202137067,positive,0.0019333395728381182,21,win,True,False
S_D_090,Current DerivCount,descendant_quality,future_child_download_quality_sum_3m,lift,0.1,6,1.4715902380675416,0.44345598307743767,1.006211724700968,1.9369687514341152,0.00045738068151378943,1.1354381982033364,1.7758411670907002,positive,0.006271551416020389,21,win,True,False
S_D_090,Current DerivCount,descendant_quality,future_child_like_quality_sum_3m,lift,0.1,6,1.7310551715570206,0.791977021329986,0.8999262593946711,2.5621840837193703,0.0030543478468679024,1.1351426568037228,2.295433925374547,positive,0.021380434928075318,21,win,True,False
S_D_090,Current DerivCount,descendant_quality,future_high_download_child_count_3m,lift,0.1,6,0.40565529097018876,0.2647343055203013,0.1278336756540724,0.6834769062863051,0.01324750675609685,0.22791851913243244,0.6129403145348192,positive,0.06623753378048425,21,tie,False,False
S_D_090,Current DerivCount,descendant_quality,future_high_like_child_count_3m,lift,0.1,6,1.7930300089417646,0.7178110329771505,1.039733528224991,2.5463264896585383,0.001690989674903181,1.2073792115752557,2.2099273826879835,positive,0.01690989674903181,21,win,True,False
S_D_090,Current DerivCount,descendant_quality,future_nonzero_like_child_share_3m,lift,0.1,6,2.4717588621827074,0.431000202768293,2.019451888595265,2.9240658357701497,3.2884207219551663e-05,2.1900541000675497,2.8056184401673536,positive,0.0006247999371714816,21,win,True,False
S_D_090,Current DerivCount,descendant_quality,future_nonzero_download_child_share_3m,lift,0.1,6,2.2938807039217353,0.7234278112106662,1.5346897759453184,3.053071631898152,0.0005660435359093457,1.7636884058267184,2.8023082309526823,positive,0.0067925224309121485,21,win,True,False
S_D_090,Current DerivCount,descendant_quality,future_child_download_quality_mean_3m,lift,0.1,6,1.9177205721779236,0.812170281448292,1.0654001331617335,2.7700410111941136,0.002174257072510306,1.3290597964144952,2.485234697264379,positive,0.019568313652592755,21,win,True,False
S_D_090,Current DerivCount,descendant_quality,future_child_download_quality_median_3m,lift,0.1,6,1.9194027207670585,0.8156822171967657,1.0633967312113954,2.7754087103227216,0.002207690432954538,1.33076230882334,2.5039679058489153,positive,0.019568313652592755,21,win,True,False
S_D_090,Current DerivCount,descendant_quality,future_child_like_quality_mean_3m,lift,0.1,6,2.7462162909587153,0.3931946833455256,2.3335837768383048,3.158848805079126,1.2488844613706169e-05,2.4503265134532586,3.0209902144249354,positive,0.00024977689227412335,21,win,True,False
S_D_090,Current DerivCount,descendant_quality,future_child_like_quality_median_3m,lift,0.1,6,2.8329539164895934,0.3586819188378884,2.4565403274748343,3.2093675055043525,6.8064936681532955e-06,2.5664718454498643,3.081366092916775,positive,0.0001429363670312192,21,win,True,False
S_D_090,Current DerivCount,repropagation,future_child_becomes_parent_share_3m,lift,0.1,3,5.252787040855531,1.0706684849531303,2.5930990806338294,7.912475001077233,0.013567509018571915,4.4955699137062055,6.477739312054717,positive,0.06623753378048425,21,tie,False,False
S_D_090,Current DerivCount,repropagation,future_child_future_child_count_mean_3m,lift,0.1,3,5.552748591675688,1.453342991269504,1.9424444589998227,9.163052724351553,0.022081368250371543,4.407755887691262,7.187765358125437,positive,0.06624410475111463,21,tie,False,False
S_D_090,Current DerivCount,repropagation,future_child_future_child_count_median_3m,lift,0.1,3,5.979960409845361,1.923890306811476,1.2007519454832867,10.759168874207436,0.03281314758105625,4.718605223273796,8.194333438694724,positive,0.06624410475111463,21,tie,False,False
S_D_090,Current DerivCount,repropagation,future_child_second_order_diffusion_share_3m,lift,0.1,3,5.6538868379415375,1.6914602029258101,1.4520667599807373,9.855706915902338,0.028561781023449237,4.50996500350053,7.596840003717321,positive,0.06624410475111463,21,tie,False,False
S_D_090,Current DerivCount,adoption_breadth,future_child_owner_breadth_3m,lift,0.1,6,1.900357459416502,0.5382417493928285,1.3355073847237051,2.465207534109299,0.0003414698299806359,1.4984960186863177,2.269326993733296,positive,0.005463517279690174,21,win,True,False
S_D_090,Current DerivCount,adoption_breadth,future_high_download_child_owner_breadth_3m,lift,0.1,6,0.4129506011949367,0.25497285646653695,0.14537299841286955,0.6805282039770039,0.010666340062358984,0.23711878777195947,0.6036221190613292,positive,0.06399804037415391,21,tie,False,False
S_D_090,Current DerivCount,adoption_breadth,future_high_like_child_owner_breadth_3m,lift,0.1,6,2.016668989817424,0.5407575851136719,1.4491787074550508,2.5841592721797975,0.00026336676970020224,1.610585766898123,2.376074870481902,positive,0.004477235084903438,21,win,True,False
S_D_090,Current DerivCount,adoption_breadth,future_cross_owner_reuse_share_3m,lift,0.1,6,2.505893011321606,0.8879298992947433,1.5740677292724499,3.4377182933707617,0.0009710751933003156,1.8637100209216877,3.1303668289439748,positive,0.01068182712630347,21,win,True,False
S_D_090,Vanilla PageRank,quantity,future_direct_children_3m,lift,0.1,6,0.31393136663770943,0.21129914338109534,0.0921865148940963,0.5356762183813226,0.014915104638915806,0.16553974782526262,0.4687884827191473,positive,0.2237265695837371,21,tie,False,False
S_D_090,Vanilla PageRank,quantity,future_active_parent_months_3m,lift,0.1,6,0.3558992453972885,0.21064396087335202,0.13484196552793765,0.5769565252666393,0.009009271564473127,0.20600634189187653,0.5034730766713662,positive,0.15315761659604316,21,tie,False,False
S_D_090,Vanilla PageRank,quantity,future_active_parent_binary_3m,auc,0.01,6,0.03421079012807957,0.03876752268073888,-0.006473229843563716,0.07489481009972286,0.08302143892434367,0.007812788744298138,0.06304742228366707,positive,0.747192950319093,21,tie,False,False
S_D_090,Vanilla PageRank,descendant_quality,future_child_download_quality_sum_3m,lift,0.1,6,0.2544293676597282,0.22655205169719597,0.016677570317133183,0.4921811650023232,0.04026714832629966,0.08561260313082279,0.418503410589758,positive,0.40267148326299657,21,tie,False,False
S_D_090,Vanilla PageRank,descendant_quality,future_child_like_quality_sum_3m,lift,0.1,6,0.22557823886540507,0.09226826932592992,0.12874862860325278,0.3224078491275574,0.001862007621677468,0.16649476429576313,0.29968222326391647,positive,0.033516137190194424,21,win,True,False
S_D_090,Vanilla PageRank,descendant_quality,future_high_download_child_count_3m,lift,0.1,6,0.1537893734500847,0.34768241971994807,-0.21108094916930314,0.5186596960694725,0.3280566369935736,-0.11506912522400896,0.40784207069996103,mixed,0.747192950319093,21,tie,False,False
S_D_090,Vanilla PageRank,descendant_quality,future_high_like_child_count_3m,lift,0.1,6,0.14609656311431732,0.10267989119726331,0.03834062579126726,0.2538525004373674,0.017560165486716888,0.07044279530466313,0.22003306716757454,positive,0.24254275159399435,21,tie,False,False
S_D_090,Vanilla PageRank,descendant_quality,future_nonzero_like_child_share_3m,lift,0.1,6,0.1948485860233684,0.13644994381379028,0.051653151923372304,0.33804402012336454,0.01732448225671388,0.09849165145648191,0.2898631720757974,positive,0.24254275159399435,21,tie,False,False
S_D_090,Vanilla PageRank,descendant_quality,future_nonzero_download_child_share_3m,lift,0.1,6,0.2982962307070516,0.22356120644216237,0.06368313296850264,0.5329093284456006,0.022239420210157276,0.138987042132429,0.45562450058823645,positive,0.2523618253774122,21,tie,False,False
S_D_090,Vanilla PageRank,descendant_quality,future_child_download_quality_mean_3m,lift,0.1,6,0.2665796800144513,0.3112839567359603,-0.06009279831210512,0.5932521583410078,0.09001420458524963,0.036429191094187775,0.48451816850042295,positive,0.747192950319093,21,tie,False,False
S_D_090,Vanilla PageRank,descendant_quality,future_child_download_quality_median_3m,lift,0.1,6,0.26878432529225854,0.3116936073409607,-0.058318054979090206,0.5958867055636072,0.08836595677540209,0.0388871885501277,0.4870670056753448,positive,0.747192950319093,21,tie,False,False
S_D_090,Vanilla PageRank,descendant_quality,future_child_like_quality_mean_3m,lift,0.1,6,0.30561430272970885,0.10907612180144584,0.19114593304963623,0.4200826724097815,0.001003841326614593,0.2258296700627088,0.3839199576882459,positive,0.02108066785890645,21,win,True,False
S_D_090,Vanilla PageRank,descendant_quality,future_child_like_quality_median_3m,lift,0.1,6,0.30900481798371765,0.11502376397979468,0.18829478062833716,0.42971485533909815,0.0012166496425660746,0.2255992324090741,0.3919026359080342,positive,0.02433299285132149,21,win,True,False
S_D_090,Vanilla PageRank,repropagation,future_child_becomes_parent_share_3m,lift,0.1,3,0.21342236288894778,0.14137099223071622,-0.13776265025458528,0.5646073760324808,0.12040642239532515,0.07981523034384885,0.36145159040290853,positive,0.747192950319093,21,tie,False,False
S_D_090,Vanilla PageRank,repropagation,future_child_future_child_count_mean_3m,lift,0.1,3,0.15347570187549722,0.10473181966794944,-0.10669256097866678,0.41364396472966125,0.12644480542056483,0.06690216226678558,0.2698892159713502,positive,0.747192950319093,21,tie,False,False
S_D_090,Vanilla PageRank,repropagation,future_child_future_child_count_median_3m,lift,0.1,3,0.14305675427449258,0.12108610393883597,-0.1577378028851625,0.4438513114341477,0.17734275923654969,0.04328995617682452,0.2777740148710066,positive,0.747192950319093,21,tie,False,False
S_D_090,Vanilla PageRank,repropagation,future_child_second_order_diffusion_share_3m,lift,0.1,3,0.1742082812426015,0.14424643738538012,-0.1841197336476134,0.5325362961328164,0.1715620073250287,0.04653216140517813,0.3306807894827628,positive,0.747192950319093,21,tie,False,False
S_D_090,Vanilla PageRank,adoption_breadth,future_child_owner_breadth_3m,lift,0.1,6,0.3090180836592,0.1842452441529268,0.11566455796378144,0.5023716093546187,0.009279160214243397,0.17729900065334103,0.44735261411277544,positive,0.15315761659604316,21,tie,False,False
S_D_090,Vanilla PageRank,adoption_breadth,future_high_download_child_owner_breadth_3m,lift,0.1,6,0.14768220292824807,0.31579292926330005,-0.1837221518678105,0.47908655772430664,0.30384644719656356,-0.07878475968101888,0.3833682463693533,mixed,0.747192950319093,21,tie,False,False
S_D_090,Vanilla PageRank,adoption_breadth,future_high_like_child_owner_breadth_3m,lift,0.1,6,0.16358426433668694,0.0633705335346644,0.09708096792618646,0.2300875607471874,0.001458102359531988,0.12139993326153098,0.21347365842233657,positive,0.02770394483110777,21,win,True,False
S_D_090,Vanilla PageRank,adoption_breadth,future_cross_owner_reuse_share_3m,lift,0.1,6,0.420209057570448,0.3101180100643237,0.09476016523532516,0.7456579499055709,0.02103015211478435,0.19088944907373198,0.6454048961243996,positive,0.2523618253774122,21,tie,False,False
S_D_095,AllTime DerivCount,quantity,future_direct_children_3m,lift,0.1,6,0.3207191562089533,0.21886047160193559,0.09103917714543916,0.5503991352724674,0.015716458826147254,0.16682126490878627,0.47993217797547355,positive,0.22003042356606156,21,tie,False,False
S_D_095,AllTime DerivCount,quantity,future_active_parent_months_3m,lift,0.1,6,0.363416423604445,0.20863701458159864,0.14446530470101723,0.5823675425078727,0.007964035095075912,0.21670874862312525,0.5056698414747208,positive,0.1353885966162905,21,tie,False,False
S_D_095,AllTime DerivCount,quantity,future_active_parent_binary_3m,auc,0.01,6,0.03327333613876243,0.03872379751189535,-0.007364797082335985,0.07391146935986084,0.08921752262917608,0.00526520254624733,0.061897810591072744,positive,0.717214577105581,21,tie,False,False
S_D_095,AllTime DerivCount,descendant_quality,future_child_download_quality_sum_3m,lift,0.1,6,0.26085833089242,0.23027950883579143,0.019194807182398244,0.5025218546024417,0.039144176473183245,0.0926654701351733,0.4290511916496667,positive,0.39144176473183245,21,tie,False,False
S_D_095,AllTime DerivCount,descendant_quality,future_child_like_quality_sum_3m,lift,0.1,6,0.22891053995050537,0.08996260951646921,0.13450057126587694,0.3233205086351338,0.0015560105684811396,0.17217481794380518,0.2996600893675101,positive,0.029564200801141652,21,win,True,False
S_D_095,AllTime DerivCount,descendant_quality,future_high_download_child_count_3m,lift,0.1,6,0.15886206558436247,0.3434244429304318,-0.20153978443825712,0.519263915606982,0.3085670451022996,-0.09761827082391306,0.40518056625802834,mixed,0.7224385343719508,21,tie,False,False
S_D_095,AllTime DerivCount,descendant_quality,future_high_like_child_count_3m,lift,0.1,6,0.1509647203662686,0.10438787715560438,0.041416361706093516,0.26051307902644366,0.016519874909986375,0.07569141726266133,0.22408080430748858,positive,0.22003042356606156,21,tie,False,False
S_D_095,AllTime DerivCount,descendant_quality,future_nonzero_like_child_share_3m,lift,0.1,6,0.2053316371490097,0.13725596851611585,0.061290331999756614,0.34937294229826277,0.014528338587930173,0.10515291786207086,0.30071145186962783,positive,0.2179250788189526,21,tie,False,False
S_D_095,AllTime DerivCount,descendant_quality,future_nonzero_download_child_share_3m,lift,0.1,6,0.3075111317942382,0.22426512837504395,0.0721593132916189,0.5428629502968576,0.020135880182024217,0.14666222765869494,0.4683600359297815,positive,0.22563339219233144,21,tie,False,False
S_D_095,AllTime DerivCount,descendant_quality,future_child_download_quality_mean_3m,lift,0.1,6,0.2734593079691972,0.3073663861442192,-0.0491019321565776,0.5960205480949721,0.08118724632651456,0.04665407322816736,0.4901117895006785,positive,0.717214577105581,21,tie,False,False
S_D_095,AllTime DerivCount,descendant_quality,future_child_download_quality_median_3m,lift,0.1,6,0.2755516258031978,0.30763461169879697,-0.04729109977908186,0.5983943513854775,0.07969050856728678,0.048374308435478894,0.49809215678901836,positive,0.717214577105581,21,tie,False,False
S_D_095,AllTime DerivCount,descendant_quality,future_child_like_quality_mean_3m,lift,0.1,6,0.3126675258243772,0.1054162111561321,0.2020399968143315,0.42329505483442287,0.0007721496248225157,0.2365320609527144,0.38880299069603996,positive,0.01621514212127283,21,win,True,False
S_D_095,AllTime DerivCount,descendant_quality,future_child_like_quality_median_3m,lift,0.1,6,0.3165425624155689,0.11124770054616821,0.19979526060594402,0.4332898642251938,0.0009352002460028057,0.23540979326569675,0.3966815533472108,positive,0.018704004920056114,21,win,True,False
S_D_095,AllTime DerivCount,repropagation,future_child_becomes_parent_share_3m,lift,0.1,3,0.21342236288894778,0.14137099223071622,-0.13776265025458528,0.5646073760324808,0.12040642239532515,0.07981523034384885,0.36145159040290853,positive,0.7224385343719508,21,tie,False,False
S_D_095,AllTime DerivCount,repropagation,future_child_future_child_count_mean_3m,lift,0.1,3,0.15347570187549722,0.10473181966794944,-0.10669256097866678,0.41364396472966125,0.12644480542056483,0.06690216226678558,0.2698892159713502,positive,0.7224385343719508,21,tie,False,False
S_D_095,AllTime DerivCount,repropagation,future_child_future_child_count_median_3m,lift,0.1,3,0.14305675427449258,0.12108610393883597,-0.1577378028851625,0.4438513114341477,0.17734275923654969,0.04328995617682452,0.2777740148710066,positive,0.7224385343719508,21,tie,False,False
S_D_095,AllTime DerivCount,repropagation,future_child_second_order_diffusion_share_3m,lift,0.1,3,0.1742082812426015,0.14424643738538012,-0.1841197336476134,0.5325362961328164,0.1715620073250287,0.04653216140517813,0.3306807894827628,positive,0.7224385343719508,21,tie,False,False
S_D_095,AllTime DerivCount,adoption_breadth,future_child_owner_breadth_3m,lift,0.1,6,0.31408835872371893,0.1833683748802963,0.12165505089452844,0.5065216665529094,0.008524919486939377,0.1860527463136195,0.44982541447939545,positive,0.13639871179103003,21,tie,False,False
S_D_095,AllTime DerivCount,adoption_breadth,future_high_download_child_owner_breadth_3m,lift,0.1,6,0.15223355094377364,0.31328434173706265,-0.1765382026964529,0.48100530458400015,0.28736533973529294,-0.07857780963226335,0.3808727125364256,mixed,0.7224385343719508,21,tie,False,False
S_D_095,AllTime DerivCount,adoption_breadth,future_high_like_child_owner_breadth_3m,lift,0.1,6,0.1682035759854336,0.06685400951969554,0.09804459572551968,0.2383625562453475,0.0016370659925699026,0.12504152001974514,0.22099563171567005,positive,0.029564200801141652,21,win,True,False
S_D_095,AllTime DerivCount,adoption_breadth,future_cross_owner_reuse_share_3m,lift,0.1,6,0.4273949140578621,0.3059553998634168,0.10631441322256557,0.7484754148931587,0.018802782682694287,0.20078914633607545,0.6479881428182628,positive,0.22563339219233144,21,tie,False,False
S_D_095,Current DerivCount,quantity,future_direct_children_3m,lift,0.1,6,1.854086097839742,0.554548314109298,1.2721233329692117,2.4360488627102725,0.00044155392234859644,1.4296625505715959,2.2389284741916597,positive,0.0061817549128803505,21,win,True,False
S_D_095,Current DerivCount,quantity,future_active_parent_months_3m,lift,0.1,6,2.3720495613895753,0.6808762642206552,1.657513743357185,3.0865853794219658,0.00036373318511092093,1.8678868117939051,2.8795000881008908,positive,0.005455997776663814,21,win,True,False
S_D_095,Current DerivCount,quantity,future_active_parent_binary_3m,auc,0.01,6,0.17029495967501637,0.03784565896663261,0.13057837634008307,0.21001154300994967,0.00010701335045989602,0.1431171648779469,0.19747275447208587,positive,0.0019262403082781284,21,win,True,False
S_D_095,Current DerivCount,descendant_quality,future_child_download_quality_sum_3m,lift,0.1,6,1.4780192013002333,0.44252673547196714,1.0136158734891285,1.9424225291113382,0.00044371004295354224,1.145144280756455,1.7823797679474387,positive,0.0061817549128803505,21,win,True,False
S_D_095,Current DerivCount,descendant_quality,future_child_like_quality_sum_3m,lift,0.1,6,1.734387472642121,0.7912321404174055,0.9040402650569117,2.56473468022733,0.0030164283795823146,1.1574490265996558,2.2977816779374884,positive,0.021114998657076202,21,win,True,False
S_D_095,Current DerivCount,descendant_quality,future_high_download_child_count_3m,lift,0.1,6,0.41072798310446657,0.26905285035094945,0.12837433293057943,0.6930816332783537,0.013441007811055346,0.23049534752395703,0.6196650141412431,positive,0.06720503905527672,21,tie,False,False
S_D_095,Current DerivCount,descendant_quality,future_high_like_child_count_3m,lift,0.1,6,1.797898166193716,0.7186872972347607,1.0436821025350393,2.5521142298523927,0.001679694998265132,1.2122473688272073,2.2082320422781057,positive,0.01679694998265132,21,win,True,False
S_D_095,Current DerivCount,descendant_quality,future_nonzero_like_child_share_3m,lift,0.1,6,2.4822419133083486,0.43884699824268614,2.0217002328911033,2.942783593725594,3.518287355686425e-05,2.194200655719016,2.8206588147056437,positive,0.0006684745975804208,21,win,True,False
S_D_095,Current DerivCount,descendant_quality,future_nonzero_download_child_share_3m,lift,0.1,6,2.303095605008922,0.7177440171178477,1.549869453123339,3.056321756894505,0.0005354224842241862,1.7932157845213343,2.8097458705947633,positive,0.006425069810690234,21,win,True,False
S_D_095,Current DerivCount,descendant_quality,future_child_download_quality_mean_3m,lift,0.1,6,1.9246002001326696,0.8048985720090028,1.0799109521650379,2.7692894481003014,0.0020560269462613643,1.3411262887226396,2.499646263633435,positive,0.018504242516352278,21,win,True,False
S_D_095,Current DerivCount,descendant_quality,future_child_download_quality_median_3m,lift,0.1,6,1.926170021277997,0.8082782459967983,1.0779340229763432,2.7744060195796507,0.0020871423555396166,1.3437304722595833,2.5022709237976515,positive,0.018504242516352278,21,win,True,False
S_D_095,Current DerivCount,descendant_quality,future_child_like_quality_mean_3m,lift,0.1,6,2.753269514053384,0.3942342417412571,2.3395460503027397,3.166992977804028,1.2493482160914136e-05,2.4574124335389027,3.0337734101122096,positive,0.00024986964321828273,21,win,True,False
S_D_095,Current DerivCount,descendant_quality,future_child_like_quality_median_3m,lift,0.1,6,2.8404916609214452,0.3597763899971189,2.4629294948653517,3.2180538269775387,6.8196127344188135e-06,2.576240453006716,3.091154896690973,positive,0.00014321186742279507,21,win,True,False
S_D_095,Current DerivCount,repropagation,future_child_becomes_parent_share_3m,lift,0.1,3,5.252787040855531,1.0706684849531303,2.5930990806338294,7.912475001077233,0.013567509018571915,4.4955699137062055,6.477739312054717,positive,0.06720503905527672,21,tie,False,False
S_D_095,Current DerivCount,repropagation,future_child_future_child_count_mean_3m,lift,0.1,3,5.552748591675688,1.453342991269504,1.9424444589998227,9.163052724351553,0.022081368250371543,4.407755887691262,7.187765358125437,positive,0.06720503905527672,21,tie,False,False
S_D_095,Current DerivCount,repropagation,future_child_future_child_count_median_3m,lift,0.1,3,5.979960409845361,1.923890306811476,1.2007519454832867,10.759168874207436,0.03281314758105625,4.718605223273796,8.194333438694724,positive,0.06720503905527672,21,tie,False,False
S_D_095,Current DerivCount,repropagation,future_child_second_order_diffusion_share_3m,lift,0.1,3,5.6538868379415375,1.6914602029258101,1.4520667599807373,9.855706915902338,0.028561781023449237,4.50996500350053,7.596840003717321,positive,0.06720503905527672,21,tie,False,False
S_D_095,Current DerivCount,adoption_breadth,future_child_owner_breadth_3m,lift,0.1,6,1.9054277344810213,0.5366213299822004,1.3422781856693167,2.468577283292726,0.00033241409181577585,1.5074373916731176,2.2730052343518623,positive,0.005318625469052414,21,win,True,False
S_D_095,Current DerivCount,adoption_breadth,future_high_download_child_owner_breadth_3m,lift,0.1,6,0.4175019492104623,0.260565395150246,0.14405533701621392,0.6909485614047106,0.011128237343108928,0.23839789203019168,0.6115047049067955,positive,0.06676942405865356,21,tie,False,False
S_D_095,Current DerivCount,adoption_breadth,future_high_like_child_owner_breadth_3m,lift,0.1,6,2.0212883014661704,0.5418967496225645,1.4526025392684605,2.58997406366388,0.00026313689280641216,1.5960208315800115,2.391233282729832,positive,0.004473327177709006,21,win,True,False
S_D_095,Current DerivCount,adoption_breadth,future_cross_owner_reuse_share_3m,lift,0.1,6,2.5130788678090195,0.8811157208092973,1.588404627519103,3.437753108098936,0.0009250331991277365,1.8791728406050099,3.136031267850683,positive,0.0101753651904051,21,win,True,False
S_D_095,Vanilla PageRank,quantity,future_direct_children_3m,lift,0.1,6,0.3207191562089533,0.21886047160193559,0.09103917714543916,0.5503991352724674,0.015716458826147254,0.16777069384807053,0.47971307232696264,positive,0.22003042356606156,21,tie,False,False
S_D_095,Vanilla PageRank,quantity,future_active_parent_months_3m,lift,0.1,6,0.363416423604445,0.20863701458159864,0.14446530470101723,0.5823675425078727,0.007964035095075912,0.21445215248765384,0.5101240985857647,positive,0.1353885966162905,21,tie,False,False
S_D_095,Vanilla PageRank,quantity,future_active_parent_binary_3m,auc,0.01,6,0.03412076214477069,0.038791754671678016,-0.006588687741789771,0.07483021203133114,0.08376272571463239,0.007680995463920666,0.06291903149916717,positive,0.7172145771055836,21,tie,False,False
S_D_095,Vanilla PageRank,descendant_quality,future_child_download_quality_sum_3m,lift,0.1,6,0.2608583308924198,0.23027950883579165,0.0191948071823978,0.5025218546024417,0.0391441764731835,0.0894823632683611,0.42231172058044086,positive,0.391441764731835,21,tie,False,False
S_D_095,Vanilla PageRank,descendant_quality,future_child_like_quality_sum_3m,lift,0.1,6,0.22891053995050523,0.0899626095164692,0.1345005712658768,0.3233205086351336,0.0015560105684811452,0.17217481794380504,0.30066677178607487,positive,0.02956420080114176,21,win,True,False
S_D_095,Vanilla PageRank,descendant_quality,future_high_download_child_count_3m,lift,0.1,6,0.15886206558436247,0.3434244429304318,-0.20153978443825712,0.519263915606982,0.3085670451022996,-0.10550862675855803,0.40295146943723764,mixed,0.7224385343719508,21,tie,False,False
S_D_095,Vanilla PageRank,descendant_quality,future_high_like_child_count_3m,lift,0.1,6,0.1509647203662686,0.10438787715560438,0.041416361706093516,0.26051307902644366,0.016519874909986375,0.07600012258577059,0.2238381955049015,positive,0.22003042356606156,21,tie,False,False
S_D_095,Vanilla PageRank,descendant_quality,future_nonzero_like_child_share_3m,lift,0.1,6,0.2053316371490097,0.13725596851611555,0.06129033199975692,0.3493729422982625,0.014528338587930047,0.1051529178620713,0.30248133724285714,positive,0.2179250788189507,21,tie,False,False
S_D_095,Vanilla PageRank,descendant_quality,future_nonzero_download_child_share_3m,lift,0.1,6,0.3075111317942382,0.22426512837504403,0.07215931329161882,0.5428629502968576,0.02013588018202425,0.14615263692615468,0.4680460020422001,positive,0.2256333921923316,21,tie,False,False
S_D_095,Vanilla PageRank,descendant_quality,future_child_download_quality_mean_3m,lift,0.1,6,0.27345930796919754,0.30736638614421957,-0.04910193215657771,0.5960205480949727,0.08118724632651447,0.04665407322816736,0.4901117895006791,positive,0.7172145771055836,21,tie,False,False
S_D_095,Vanilla PageRank,descendant_quality,future_child_download_quality_median_3m,lift,0.1,6,0.2755516258031973,0.30763461169879686,-0.04729109977908219,0.5983943513854768,0.07969050856728706,0.04474464175605871,0.4891918192523195,positive,0.7172145771055836,21,tie,False,False
S_D_095,Vanilla PageRank,descendant_quality,future_child_like_quality_mean_3m,lift,0.1,6,0.3126675258243772,0.10541621115613253,0.20203999681433105,0.4232950548344233,0.0007721496248225305,0.2365320609527141,0.38880299069604024,positive,0.01621514212127314,21,win,True,False
S_D_095,Vanilla PageRank,descendant_quality,future_child_like_quality_median_3m,lift,0.1,6,0.31654256241556844,0.11124770054616832,0.19979526060594344,0.43328986422519344,0.0009352002460028147,0.23540979326569644,0.39648120991830854,positive,0.01870400492005629,21,win,True,False
S_D_095,Vanilla PageRank,repropagation,future_child_becomes_parent_share_3m,lift,0.1,3,0.21342236288894778,0.14137099223071622,-0.13776265025458528,0.5646073760324808,0.12040642239532515,0.07981523034384885,0.36145159040290853,positive,0.7224385343719508,21,tie,False,False
S_D_095,Vanilla PageRank,repropagation,future_child_future_child_count_mean_3m,lift,0.1,3,0.15347570187549722,0.10473181966794944,-0.10669256097866678,0.41364396472966125,0.12644480542056483,0.06690216226678558,0.2698892159713502,positive,0.7224385343719508,21,tie,False,False
S_D_095,Vanilla PageRank,repropagation,future_child_future_child_count_median_3m,lift,0.1,3,0.14305675427449258,0.12108610393883597,-0.1577378028851625,0.4438513114341477,0.17734275923654969,0.04328995617682452,0.2777740148710066,positive,0.7224385343719508,21,tie,False,False
S_D_095,Vanilla PageRank,repropagation,future_child_second_order_diffusion_share_3m,lift,0.1,3,0.1742082812426015,0.14424643738538012,-0.1841197336476134,0.5325362961328164,0.1715620073250287,0.04653216140517813,0.3306807894827628,positive,0.7224385343719508,21,tie,False,False
S_D_095,Vanilla PageRank,adoption_breadth,future_child_owner_breadth_3m,lift,0.1,6,0.31408835872371893,0.1833683748802963,0.12165505089452844,0.5065216665529094,0.008524919486939377,0.1828701957896389,0.44982541447939545,positive,0.13639871179103003,21,tie,False,False
S_D_095,Vanilla PageRank,adoption_breadth,future_high_download_child_owner_breadth_3m,lift,0.1,6,0.15223355094377364,0.31328434173706265,-0.1765382026964529,0.48100530458400015,0.28736533973529294,-0.07423341166549331,0.3808727125364256,mixed,0.7224385343719508,21,tie,False,False
S_D_095,Vanilla PageRank,adoption_breadth,future_high_like_child_owner_breadth_3m,lift,0.1,6,0.1682035759854336,0.06685400951969554,0.09804459572551968,0.2383625562453475,0.0016370659925699026,0.12504152001974514,0.22099563171567005,positive,0.02956420080114176,21,win,True,False
S_D_095,Vanilla PageRank,adoption_breadth,future_cross_owner_reuse_share_3m,lift,0.1,6,0.42739491405786206,0.3059553998634168,0.10631441322256552,0.7484754148931586,0.0188027826826943,0.20680168529746137,0.6445517290581847,positive,0.2256333921923316,21,tie,False,False
S_D_099,AllTime DerivCount,quantity,future_direct_children_3m,lift,0.1,6,0.32099421420857216,0.2121627589613189,0.09834305349590297,0.5436453749212413,0.013912714991741454,0.16914984878022934,0.47602876675762246,positive,0.18086529489263892,21,tie,False,False
S_D_099,AllTime DerivCount,quantity,future_active_parent_months_3m,lift,0.1,6,0.3675925681125533,0.20475841480025045,0.15271179005256508,0.5824733461725415,0.007038655637130623,0.2245868933679756,0.5124997008116949,positive,0.11965714583122058,21,tie,False,False
S_D_099,AllTime DerivCount,quantity,future_active_parent_binary_3m,auc,0.01,6,0.03314336807670798,0.03874320013862968,-0.007515126952393043,0.073801863105809,0.09027334588595184,0.006604395663106259,0.06200229065756774,positive,0.652729198610514,21,tie,False,False
S_D_099,AllTime DerivCount,descendant_quality,future_child_download_quality_sum_3m,lift,0.1,6,0.2602476339104948,0.22070093163567797,0.028636210493767245,0.4918590573272224,0.03425042089380577,0.1001773243666207,0.4199983894531951,positive,0.34250420893805766,21,tie,False,False
S_D_099,AllTime DerivCount,descendant_quality,future_child_like_quality_sum_3m,lift,0.1,6,0.2298608048727572,0.08537765220295383,0.14026245380033356,0.3194591559451808,0.00120467348658439,0.17454629361784235,0.29818374258416597,positive,0.021684122758519022,21,win,True,False
S_D_099,AllTime DerivCount,descendant_quality,future_high_download_child_count_3m,lift,0.1,6,0.15353406053821883,0.33752929101498497,-0.2006812069617298,0.5077493280381675,0.3158602960026837,-0.0977358840828549,0.40480400515929255,mixed,0.7224385343719613,21,tie,False,False
S_D_099,AllTime DerivCount,descendant_quality,future_high_like_child_count_3m,lift,0.1,6,0.15429865088775707,0.09590944194323761,0.05364786430998876,0.2549494374655254,0.010951910066414269,0.08571890696322404,0.2238904112958009,positive,0.15332674092979975,21,tie,False,False
S_D_099,AllTime DerivCount,descendant_quality,future_nonzero_like_child_share_3m,lift,0.1,6,0.2109445481306119,0.12541534177983946,0.07932921867711251,0.34255987758411127,0.009174253760616079,0.12389847124690524,0.30275991720325734,positive,0.13761380640924117,21,tie,False,False
S_D_099,AllTime DerivCount,descendant_quality,future_nonzero_download_child_share_3m,lift,0.1,6,0.3118505457079701,0.2175449615082695,0.08355110982139205,0.5401499815945482,0.01707617725069054,0.15514940766366,0.46477610985450174,positive,0.20491412700828648,21,tie,False,False
S_D_099,AllTime DerivCount,descendant_quality,future_child_download_quality_mean_3m,lift,0.1,6,0.2764885130141063,0.300303486972454,-0.03866066899982634,0.591637695028039,0.07379076501271839,0.053944383097041415,0.4878717188225596,positive,0.652729198610514,21,tie,False,False
S_D_099,AllTime DerivCount,descendant_quality,future_child_download_quality_median_3m,lift,0.1,6,0.27842189192311756,0.3005632660803234,-0.03699991154511362,0.5938436953913487,0.07252546651227934,0.058555254006112424,0.4864387491675566,positive,0.652729198610514,21,tie,False,False
S_D_099,AllTime DerivCount,descendant_quality,future_child_like_quality_mean_3m,lift,0.1,6,0.31488271912144095,0.10447374314900107,0.2052442496275403,0.4245211886153416,0.0007168414325250795,0.23548481750332376,0.38686556252672366,positive,0.01505367008302667,21,win,True,False
S_D_099,AllTime DerivCount,descendant_quality,future_child_like_quality_median_3m,lift,0.1,6,0.31985969179644513,0.11083222389576247,0.20354840599130064,0.4361709776015896,0.0008761520453406243,0.23819000731594034,0.39717844245632605,positive,0.016716136276358762,21,win,True,False
S_D_099,AllTime DerivCount,repropagation,future_child_becomes_parent_share_3m,lift,0.1,3,0.2134223628889472,0.14137099223071709,-0.13776265025458798,0.5646073760324823,0.12040642239532687,0.07981523034384708,0.36145159040290853,positive,0.7224385343719613,21,tie,False,False
S_D_099,AllTime DerivCount,repropagation,future_child_future_child_count_mean_3m,lift,0.1,3,0.15347570187549722,0.10473181966794944,-0.10669256097866678,0.41364396472966125,0.12644480542056483,0.06690216226678558,0.2698892159713502,positive,0.7224385343719613,21,tie,False,False
S_D_099,AllTime DerivCount,repropagation,future_child_future_child_count_median_3m,lift,0.1,3,0.14305675427449258,0.12108610393883597,-0.1577378028851625,0.4438513114341477,0.17734275923654969,0.04328995617682452,0.2777740148710066,positive,0.7224385343719613,21,tie,False,False
S_D_099,AllTime DerivCount,repropagation,future_child_second_order_diffusion_share_3m,lift,0.1,3,0.1742082812426015,0.14424643738538012,-0.1841197336476134,0.5325362961328164,0.1715620073250287,0.04653216140517813,0.3306807894827628,positive,0.7224385343719613,21,tie,False,False
S_D_099,AllTime DerivCount,adoption_breadth,future_child_owner_breadth_3m,lift,0.1,6,0.31617228928470237,0.18030203457114147,0.12695690825998865,0.5053876703094161,0.007749565359439889,0.19240508698006287,0.4511167575728671,positive,0.12399304575103823,21,tie,False,False
S_D_099,AllTime DerivCount,adoption_breadth,future_high_download_child_owner_breadth_3m,lift,0.1,6,0.14953424325721554,0.3063923629458986,-0.17200482221015623,0.4710733087245873,0.2855050536822185,-0.07488871288973502,0.3739571994041661,mixed,0.7224385343719613,21,tie,False,False
S_D_099,AllTime DerivCount,adoption_breadth,future_high_like_child_owner_breadth_3m,lift,0.1,6,0.17280573566772595,0.05926879536281593,0.11060694948028507,0.23500452185516682,0.0008358068138179381,0.13796109646265067,0.22124487171392268,positive,0.016716136276358762,21,win,True,False
S_D_099,AllTime DerivCount,adoption_breadth,future_cross_owner_reuse_share_3m,lift,0.1,6,0.430619730338369,0.305104186358694,0.1104325232920893,0.7508069373846487,0.018097247457894868,0.2092132094165812,0.6520262512601568,positive,0.20491412700828648,21,tie,False,False
S_D_099,Current DerivCount,quantity,future_direct_children_3m,lift,0.1,6,1.8543611558393607,0.5476026761071975,1.2796873910300506,2.4290349206486708,0.00041583731603577455,1.434775971105048,2.2387522272161573,positive,0.0056733425665428895,21,win,True,False
S_D_099,Current DerivCount,quantity,future_active_parent_months_3m,lift,0.1,6,2.376225705897684,0.6810933082207133,1.661462114156207,3.0909892976391613,0.0003612665355555384,1.8837493151697506,2.856523544717298,positive,0.005418998033333076,21,win,True,False
S_D_099,Current DerivCount,quantity,future_active_parent_binary_3m,auc,0.01,6,0.17016499161296195,0.03781061348727392,0.13048518625308492,0.20984479697283898,0.00010692914980479626,0.1430128509886245,0.1975273570855455,positive,0.0019247246964863326,21,win,True,False
S_D_099,Current DerivCount,descendant_quality,future_child_download_quality_sum_3m,lift,0.1,6,1.4774085043183083,0.4339018590746818,1.0220564291882124,1.9327605794484042,0.0004052387547530635,1.152304741933768,1.7745178464903233,positive,0.0056733425665428895,21,win,True,False
S_D_099,Current DerivCount,descendant_quality,future_child_like_quality_sum_3m,lift,0.1,6,1.7353377375643726,0.7899326287801249,0.9063542838057852,2.5643211913229598,0.0029877145548121028,1.1414334502732315,2.295889521356169,positive,0.02091400188368472,21,win,True,False
S_D_099,Current DerivCount,descendant_quality,future_high_download_child_count_3m,lift,0.1,6,0.4053999780583229,0.2547326403695686,0.13807446660969103,0.6727254895069548,0.011428908902938604,0.22950122946977933,0.6013500205344399,positive,0.05876046260169199,21,tie,False,False
S_D_099,Current DerivCount,descendant_quality,future_high_like_child_count_3m,lift,0.1,6,1.8012320967152045,0.7197617885552526,1.045888423570045,2.556575769860364,0.0016769894022655532,1.216061199695001,2.21827826284502,positive,0.01676989402265553,21,win,True,False
S_D_099,Current DerivCount,descendant_quality,future_nonzero_like_child_share_3m,lift,0.1,6,2.4878548242899505,0.43646889939997285,2.029808805553444,2.945900843026457,3.388352299501231e-05,2.1983937059664242,2.8212760805074826,positive,0.0006437869369052339,21,win,True,False
S_D_099,Current DerivCount,descendant_quality,future_nonzero_download_child_share_3m,lift,0.1,6,2.307435018922654,0.7157810845339182,1.55626883844936,3.058601199395948,0.0005239683496781443,1.7976526580213774,2.811240893647175,positive,0.006287620196137732,21,win,True,False
S_D_099,Current DerivCount,descendant_quality,future_child_download_quality_mean_3m,lift,0.1,6,1.9276294051775789,0.8031503960916258,1.0847747553224503,2.7704840550327074,0.0020219968693722733,1.3353455662195106,2.49438117490916,positive,0.01819797182435046,21,win,True,False
S_D_099,Current DerivCount,descendant_quality,future_child_download_quality_median_3m,lift,0.1,6,1.9290402873979173,0.8067082630100365,1.0824518851966016,2.775628689599233,0.0020554911384954174,1.3491546683874338,2.5096700743253764,positive,0.01819797182435046,21,win,True,False
S_D_099,Current DerivCount,descendant_quality,future_child_like_quality_mean_3m,lift,0.1,6,2.755484707350447,0.3925522251027096,2.3435264118071926,3.1674430028937017,1.21845847794096e-05,2.4465637515798924,3.0238302488089004,positive,0.000243691695588192,21,win,True,False
S_D_099,Current DerivCount,descendant_quality,future_child_like_quality_median_3m,lift,0.1,6,2.8438087903023206,0.35805999638785035,2.468047868871883,3.219569711732758,6.621956908219834e-06,2.577551102732226,3.09221008818829,positive,0.0001390610950726165,21,win,True,False
S_D_099,Current DerivCount,repropagation,future_child_becomes_parent_share_3m,lift,0.1,3,5.252787040855531,1.0706684849531312,2.5930990806338268,7.912475001077235,0.013567509018571934,4.495569913706204,6.477739312054717,positive,0.05876046260169199,21,tie,False,False
S_D_099,Current DerivCount,repropagation,future_child_future_child_count_mean_3m,lift,0.1,3,5.552748591675688,1.453342991269504,1.9424444589998227,9.163052724351553,0.022081368250371543,4.407755887691262,7.187765358125437,positive,0.06624410475111463,21,tie,False,False
S_D_099,Current DerivCount,repropagation,future_child_future_child_count_median_3m,lift,0.1,3,5.979960409845361,1.923890306811476,1.2007519454832867,10.759168874207436,0.03281314758105625,4.718605223273796,8.194333438694724,positive,0.06624410475111463,21,tie,False,False
S_D_099,Current DerivCount,repropagation,future_child_second_order_diffusion_share_3m,lift,0.1,3,5.6538868379415375,1.6914602029258101,1.4520667599807373,9.855706915902338,0.028561781023449237,4.50996500350053,7.596840003717321,positive,0.06624410475111463,21,tie,False,False
S_D_099,Current DerivCount,adoption_breadth,future_child_owner_breadth_3m,lift,0.1,6,1.9075116650420043,0.5336812383861499,1.3474475531357537,2.467575776948255,0.00032220539173378993,1.5081229481337022,2.271306123882074,positive,0.005155286267740639,21,win,True,False
S_D_099,Current DerivCount,adoption_breadth,future_high_download_child_owner_breadth_3m,lift,0.1,6,0.41480264152390417,0.25067295746994084,0.15173750599681796,0.6778677770509904,0.009793410433615332,0.24036792050445413,0.5931285625381408,positive,0.05876046260169199,21,tie,False,False
S_D_099,Current DerivCount,adoption_breadth,future_high_like_child_owner_breadth_3m,lift,0.1,6,2.0258904611484625,0.5439250985169689,1.455076077330821,2.596704844966104,0.0002649730882923507,1.6035727942089846,2.394243154365663,positive,0.004504542500969962,21,win,True,False
S_D_099,Current DerivCount,adoption_breadth,future_cross_owner_reuse_share_3m,lift,0.1,6,2.516303684089526,0.8814330857195999,1.5912963897518857,3.4413109784271665,0.0009211163847825284,1.8897358418265477,3.1366872185952306,positive,0.010132280232607812,21,win,True,False
S_D_099,Vanilla PageRank,quantity,future_direct_children_3m,lift,0.1,6,0.32099421420857216,0.2121627589613189,0.09834305349590297,0.5436453749212413,0.013912714991741454,0.16914984878022934,0.47602876675762246,positive,0.18086529489263892,21,tie,False,False
S_D_099,Vanilla PageRank,quantity,future_active_parent_months_3m,lift,0.1,6,0.3675925681125533,0.20475841480025045,0.15271179005256508,0.5824733461725415,0.007038655637130623,0.2246022879363546,0.5122188691327559,positive,0.11965714583122058,21,tie,False,False
S_D_099,Vanilla PageRank,quantity,future_active_parent_binary_3m,auc,0.01,6,0.033990794082716234,0.038811206711365946,-0.006739069467561407,0.07472065763299388,0.08475158958310888,0.007513265700718752,0.06278064735535506,positive,0.6527291986105169,21,tie,False,False
S_D_099,Vanilla PageRank,descendant_quality,future_child_download_quality_sum_3m,lift,0.1,6,0.2602476339104946,0.22070093163567828,0.028636210493766717,0.49185905732722246,0.03425042089380603,0.10017732436662026,0.4203179434543689,positive,0.34250420893806033,21,tie,False,False
S_D_099,Vanilla PageRank,descendant_quality,future_child_like_quality_sum_3m,lift,0.1,6,0.22986080487275706,0.08537765220295382,0.14026245380033342,0.3194591559451807,0.0012046734865843933,0.1745462936178422,0.2981837425841658,positive,0.02168412275851908,21,win,True,False
S_D_099,Vanilla PageRank,descendant_quality,future_high_download_child_count_3m,lift,0.1,6,0.15353406053821883,0.33752929101498497,-0.2006812069617298,0.5077493280381675,0.3158602960026837,-0.09776134111856126,0.40295146943723764,mixed,0.7224385343719613,21,tie,False,False
S_D_099,Vanilla PageRank,descendant_quality,future_high_like_child_count_3m,lift,0.1,6,0.15429865088775707,0.09590944194323761,0.05364786430998876,0.2549494374655254,0.010951910066414269,0.08398438262045319,0.2244179606575191,positive,0.15332674092979975,21,tie,False,False
S_D_099,Vanilla PageRank,descendant_quality,future_nonzero_like_child_share_3m,lift,0.1,6,0.2109445481306119,0.12541534177983918,0.07932921867711279,0.342559877584111,0.009174253760615996,0.12262098975075879,0.30334085743527855,positive,0.13761380640923992,21,tie,False,False
S_D_099,Vanilla PageRank,descendant_quality,future_nonzero_download_child_share_3m,lift,0.1,6,0.3118505457079701,0.21754496150826957,0.08355110982139197,0.5401499815945483,0.017076177250690557,0.15502452074555226,0.46477610985450174,positive,0.20491412700828668,21,tie,False,False
S_D_099,Vanilla PageRank,descendant_quality,future_child_download_quality_mean_3m,lift,0.1,6,0.2764885130141066,0.3003034869724544,-0.03866066899982645,0.5916376950280396,0.07379076501271839,0.056808534183219406,0.4877367620028596,positive,0.6527291986105169,21,tie,False,False
S_D_099,Vanilla PageRank,descendant_quality,future_child_download_quality_median_3m,lift,0.1,6,0.278421891923117,0.30056326608032335,-0.03699991154511412,0.5938436953913482,0.07252546651227966,0.058555254006112056,0.4943453336563853,positive,0.6527291986105169,21,tie,False,False
S_D_099,Vanilla PageRank,descendant_quality,future_child_like_quality_mean_3m,lift,0.1,6,0.31488271912144095,0.10447374314900153,0.20524424962753984,0.42452118861534205,0.0007168414325250936,0.23619982031640982,0.38686556252672394,positive,0.015053670083026965,21,win,True,False
S_D_099,Vanilla PageRank,descendant_quality,future_child_like_quality_median_3m,lift,0.1,6,0.3198596917964447,0.11083222389576257,0.2035484059913001,0.4361709776015893,0.0008761520453406346,0.2381900073159402,0.3976753315654407,positive,0.016716136276358762,21,win,True,False
S_D_099,Vanilla PageRank,repropagation,future_child_becomes_parent_share_3m,lift,0.1,3,0.2134223628889472,0.14137099223071709,-0.13776265025458798,0.5646073760324823,0.12040642239532687,0.07981523034384708,0.36145159040290853,positive,0.7224385343719613,21,tie,False,False
S_D_099,Vanilla PageRank,repropagation,future_child_future_child_count_mean_3m,lift,0.1,3,0.15347570187549722,0.10473181966794944,-0.10669256097866678,0.41364396472966125,0.12644480542056483,0.06690216226678558,0.2698892159713502,positive,0.7224385343719613,21,tie,False,False
S_D_099,Vanilla PageRank,repropagation,future_child_future_child_count_median_3m,lift,0.1,3,0.14305675427449258,0.12108610393883597,-0.1577378028851625,0.4438513114341477,0.17734275923654969,0.04328995617682452,0.2777740148710066,positive,0.7224385343719613,21,tie,False,False
S_D_099,Vanilla PageRank,repropagation,future_child_second_order_diffusion_share_3m,lift,0.1,3,0.1742082812426015,0.14424643738538012,-0.1841197336476134,0.5325362961328164,0.1715620073250287,0.04653216140517813,0.3306807894827628,positive,0.7224385343719613,21,tie,False,False
S_D_099,Vanilla PageRank,adoption_breadth,future_child_owner_breadth_3m,lift,0.1,6,0.31617228928470237,0.18030203457114147,0.12695690825998865,0.5053876703094161,0.007749565359439889,0.1892201743527151,0.4431244042166897,positive,0.12399304575103823,21,tie,False,False
S_D_099,Vanilla PageRank,adoption_breadth,future_high_download_child_owner_breadth_3m,lift,0.1,6,0.14953424325721554,0.3063923629458986,-0.17200482221015623,0.4710733087245873,0.2855050536822185,-0.07488871288973502,0.37513502294156553,mixed,0.7224385343719613,21,tie,False,False
S_D_099,Vanilla PageRank,adoption_breadth,future_high_like_child_owner_breadth_3m,lift,0.1,6,0.17280573566772595,0.05926879536281593,0.11060694948028507,0.23500452185516682,0.0008358068138179381,0.13796109646265067,0.22124487171392268,positive,0.016716136276358762,21,win,True,False
S_D_099,Vanilla PageRank,adoption_breadth,future_cross_owner_reuse_share_3m,lift,0.1,6,0.4306197303383689,0.305104186358694,0.11043252329208925,0.7508069373846487,0.018097247457894896,0.2076956598599072,0.6520262512601567,positive,0.20491412700828668,21,tie,False,False
S_MEM_01,AllTime DerivCount,quantity,future_direct_children_3m,lift,0.1,6,-0.11334277852954873,0.43115344729186683,-0.5658105723816486,0.33912501532255107,0.5479916306261607,-0.427946467003072,0.20331830641407164,mixed,1.0,21,tie,False,True
S_MEM_01,AllTime DerivCount,quantity,future_active_parent_months_3m,lift,0.1,6,-0.04566308291783631,0.26584743354332885,-0.3246528544530848,0.23332668861741215,0.6914204106988767,-0.2232815449750465,0.14528195852166967,mixed,1.0,21,tie,False,False
S_MEM_01,AllTime DerivCount,quantity,future_active_parent_binary_3m,auc,0.01,6,0.01018086272638008,0.04443174132936517,-0.036447390167295105,0.056809115620055264,0.5988401565026761,-0.019810155314023692,0.043369113799632895,mixed,1.0,21,tie,False,False
S_MEM_01,AllTime DerivCount,descendant_quality,future_child_download_quality_sum_3m,lift,0.1,6,-0.010131682809856546,0.3517893981003003,-0.37931201491386835,0.35904864929415525,0.9464935251863678,-0.261488516303982,0.23989290033265123,mixed,1.0,21,tie,False,False
S_MEM_01,AllTime DerivCount,descendant_quality,future_child_like_quality_sum_3m,lift,0.1,6,-0.12675804806840252,0.2799794852159048,-0.42057849829370386,0.16706240215689883,0.31790796099950636,-0.3322067628391927,0.07384038709125036,mixed,1.0,21,tie,False,True
S_MEM_01,AllTime DerivCount,descendant_quality,future_high_download_child_count_3m,lift,0.1,6,0.1501069665136859,0.4491421022584629,-0.32123876297415177,0.6214526960015235,0.4502324508081733,-0.17953961529317994,0.4716268199024583,mixed,1.0,21,tie,False,False
S_MEM_01,AllTime DerivCount,descendant_quality,future_high_like_child_count_3m,lift,0.1,6,-0.276852932569341,0.2525407287577628,-0.541878173853042,-0.01182769128564004,0.043542740213616565,-0.45406626203179146,-0.09826851781902501,negative,0.7402265836314816,21,tie,False,True
S_MEM_01,AllTime DerivCount,descendant_quality,future_nonzero_like_child_share_3m,lift,0.1,6,-0.4247868280660823,0.461095349820354,-0.9086767215578682,0.059103065425703594,0.07366424473343798,-0.7425158863342065,-0.09621236599951406,negative,1.0,21,tie,False,True
S_MEM_01,AllTime DerivCount,descendant_quality,future_nonzero_download_child_share_3m,lift,0.1,6,-0.1461802009045313,0.27118567734704807,-0.4307721157418566,0.13841171393279403,0.2439188725027136,-0.32920983821814404,0.03725098697349353,mixed,1.0,21,tie,False,True
S_MEM_01,AllTime DerivCount,descendant_quality,future_child_download_quality_mean_3m,lift,0.1,6,-0.015965336158567583,0.2913182753810971,-0.3216851168965238,0.2897544445793886,0.8984479969965316,-0.2228337848455554,0.1970457368026819,mixed,1.0,21,tie,False,False
S_MEM_01,AllTime DerivCount,descendant_quality,future_child_download_quality_median_3m,lift,0.1,6,-0.015294175894382608,0.2923732126020457,-0.3221210453498551,0.2915326935610899,0.9030371945122848,-0.2227717232795814,0.19737767012268467,mixed,1.0,21,tie,False,False
S_MEM_01,AllTime DerivCount,descendant_quality,future_child_like_quality_mean_3m,lift,0.1,6,-0.2865781864802135,0.45694241307361516,-0.766109840139738,0.19295346717931106,0.18508075138378025,-0.624749216196203,0.04972389531841707,mixed,1.0,21,tie,False,True
S_MEM_01,AllTime DerivCount,descendant_quality,future_child_like_quality_median_3m,lift,0.1,6,-0.3267740942798274,0.4749736861615223,-0.825228408550499,0.17168021999084415,0.1527621770943562,-0.6724901573368666,0.02600692792065546,mixed,1.0,21,tie,False,True
S_MEM_01,AllTime DerivCount,repropagation,future_child_becomes_parent_share_3m,lift,0.1,3,-1.236995552022199,0.12952540464569176,-1.5587544943282958,-0.915236609716102,0.0036347914375108544,-1.338729075098752,-1.091183816101628,negative,0.07633062018772795,21,tie,False,True
S_MEM_01,AllTime DerivCount,repropagation,future_child_future_child_count_mean_3m,lift,0.1,3,-0.8462624535790869,0.21611309677213103,-1.3831171472672332,-0.3094077598909406,0.021054454494595316,-1.0651693436535261,-0.6330559329012218,negative,0.400034635397311,21,tie,False,True
S_MEM_01,AllTime DerivCount,repropagation,future_child_future_child_count_median_3m,lift,0.1,3,-1.099226770629686,0.13630201248268875,-1.4378197400212014,-0.7606338012381707,0.0050861073187480855,-1.2432223554199355,-0.9722090520485276,negative,0.10172214637496171,21,tie,False,True
S_MEM_01,AllTime DerivCount,repropagation,future_child_second_order_diffusion_share_3m,lift,0.1,3,-0.5045012983935889,0.3871504258045818,-1.4662362712430306,0.4572336744558527,0.1526014008498732,-0.8841110666983543,-0.1102269298275882,negative,1.0,21,tie,False,True
S_MEM_01,AllTime DerivCount,adoption_breadth,future_child_owner_breadth_3m,lift,0.1,6,0.0118403245683291,0.18250345166124274,-0.179685302009013,0.2033659511456712,0.8799544234114443,-0.11264836516606347,0.14298441502219275,mixed,1.0,21,tie,False,False
S_MEM_01,AllTime DerivCount,adoption_breadth,future_high_download_child_owner_breadth_3m,lift,0.1,6,0.139550723835577,0.39494962705342374,-0.274923490757913,0.5540249384290671,0.42633440402071965,-0.12139927702694808,0.400474881118585,mixed,1.0,21,tie,False,False
S_MEM_01,AllTime DerivCount,adoption_breadth,future_high_like_child_owner_breadth_3m,lift,0.1,6,-0.30698278594686723,0.24658370153208414,-0.5657565105521103,-0.048209061341624115,0.028441305074255494,-0.4829875093032426,-0.1244725608150629,negative,0.5119434913365989,21,tie,False,True
S_MEM_01,AllTime DerivCount,adoption_breadth,future_cross_owner_reuse_share_3m,lift,0.1,6,0.03131603229460297,0.34427733762553847,-0.32998087581813984,0.39261294040734573,0.8324997446379605,-0.20244492319583615,0.2965589009114489,mixed,1.0,21,tie,False,False
S_MEM_01,Current DerivCount,quantity,future_direct_children_3m,lift,0.1,6,1.42002416310124,0.7147749762014554,0.6699138285696289,2.1701344976328514,0.004607584683835581,0.8688583916071395,1.907283327916095,positive,0.036860677470684645,21,win,True,False
S_MEM_01,Current DerivCount,quantity,future_active_parent_months_3m,lift,0.1,6,1.9629700548672944,0.6112234389875028,1.3215303940540202,2.6044097156805686,0.0005332851685327571,1.507887573992054,2.396666256308801,positive,0.007999277527991356,21,win,True,False
S_MEM_01,Current DerivCount,quantity,future_active_parent_binary_3m,auc,0.01,6,0.14720248626263402,0.0434634695742045,0.10159037225792908,0.19281460026733896,0.0004155578851432803,0.11600550581233073,0.178474411724214,positive,0.007064484047435765,21,win,True,False
S_MEM_01,Current DerivCount,descendant_quality,future_child_download_quality_sum_3m,lift,0.1,6,1.2070291875979569,0.549326874737114,0.6305459872961525,1.7835123878997612,0.002984923638072133,0.8082582740334409,1.590448554850023,positive,0.026864312742649197,21,win,True,False
S_MEM_01,Current DerivCount,descendant_quality,future_child_like_quality_sum_3m,lift,0.1,6,1.378718884623213,0.7736033620099589,0.566871945386607,2.190565823859819,0.0072527285084704775,0.853343882878633,1.9738725374050554,positive,0.050769099559293346,21,tie,False,False
S_MEM_01,Current DerivCount,descendant_quality,future_high_download_child_count_3m,lift,0.1,6,0.40197288403378995,0.3212715817815898,0.06481903602643219,0.7391267320411476,0.027949230802427404,0.2325084955803569,0.6748519471955942,positive,0.14975242967913333,21,tie,False,False
S_MEM_01,Current DerivCount,descendant_quality,future_high_like_child_count_3m,lift,0.1,6,1.3700805132581066,0.577024672608285,0.7645302567236603,1.975630769792553,0.0021212310453351834,0.9223209317082562,1.7362169942569314,positive,0.025454772544022203,21,win,True,False
S_MEM_01,Current DerivCount,descendant_quality,future_nonzero_like_child_share_3m,lift,0.1,6,1.8521234480932565,0.2347445399544617,1.6057741615940575,2.0984727345924554,6.841883001645293e-06,1.6732412997669321,2.0115770285041195,positive,0.00014367954303455115,21,win,True,False
S_MEM_01,Current DerivCount,descendant_quality,future_nonzero_download_child_share_3m,lift,0.1,6,1.8494042723101523,0.6217066628741956,1.1969631427291738,2.5018454018911305,0.000761759860047858,1.3672546043835965,2.2828465568365015,positive,0.010664638040670011,21,win,True,False
S_MEM_01,Current DerivCount,descendant_quality,future_child_download_quality_mean_3m,lift,0.1,6,1.6351755560049046,0.6915258350147301,0.9094636988316165,2.360887413178193,0.0021605660120669213,1.130692783686288,2.1279471663858893,positive,0.025454772544022203,21,win,True,False
S_MEM_01,Current DerivCount,descendant_quality,future_child_download_quality_median_3m,lift,0.1,6,1.635324219580417,0.6937132088690594,0.907316854326619,2.363331584834215,0.002190191539295252,1.1030824233937597,2.1082636204501575,positive,0.025454772544022203,21,win,True,False
S_MEM_01,Current DerivCount,descendant_quality,future_child_like_quality_mean_3m,lift,0.1,6,2.1540238017487927,0.37431109584889705,1.7612083973564383,2.546839206141147,3.2336933240423616e-05,1.8782525053631043,2.4529923151027875,positive,0.0006144017315680487,21,win,True,False
S_MEM_01,Current DerivCount,descendant_quality,future_child_like_quality_median_3m,lift,0.1,6,2.197175004226048,0.35456152240504235,1.8250855060784181,2.569264502373678,2.2494399212051168e-05,1.9347399359966742,2.469554500065741,positive,0.00044988798424102337,21,win,True,False
S_MEM_01,Current DerivCount,repropagation,future_child_becomes_parent_share_3m,lift,0.1,3,3.802369125944385,1.060416093070765,1.168149519032994,6.436588732855776,0.024958738279855553,3.1346809184961404,5.02510390555018,positive,0.14975242967913333,21,tie,False,False
S_MEM_01,Current DerivCount,repropagation,future_child_future_child_count_mean_3m,lift,0.1,3,4.553010436221105,1.5113812404127418,0.7985313001263479,8.307489572315863,0.03482342409906345,3.5002916412419633,6.284820209252866,positive,0.14975242967913333,21,tie,False,False
S_MEM_01,Current DerivCount,repropagation,future_child_future_child_count_median_3m,lift,0.1,3,4.737676884941183,1.9114809528066166,-0.010705035159342735,9.486058805041708,0.0502094583182952,3.593066362676376,6.944350371775189,positive,0.14975242967913333,21,tie,False,False
S_MEM_01,Current DerivCount,repropagation,future_child_second_order_diffusion_share_3m,lift,0.1,3,4.975177258305346,1.8890004527997601,0.28263999605016465,9.667714520560528,0.04484579384330178,3.8453872120058414,7.15593228440697,positive,0.14975242967913333,21,tie,False,False
S_MEM_01,Current DerivCount,adoption_breadth,future_child_owner_breadth_3m,lift,0.1,6,1.6031797003256312,0.4893447775569342,1.089643850560412,2.1167155500908503,0.0004857582691693331,1.2227329642094245,1.9247177919685725,positive,0.00777213230670933,21,win,True,False
S_MEM_01,Current DerivCount,adoption_breadth,future_high_download_child_owner_breadth_3m,lift,0.1,6,0.40481912210226567,0.37253652906957463,0.013866011333507677,0.7957722328710237,0.04478953575276408,0.1745419760508519,0.710509207502616,positive,0.14975242967913333,21,tie,False,False
S_MEM_01,Current DerivCount,adoption_breadth,future_high_like_child_owner_breadth_3m,lift,0.1,6,1.5461019395338695,0.42587189063508274,1.099176799471529,1.9930270795962102,0.00029923942450242255,1.210844615072226,1.8300625766897045,positive,0.005386309641043606,21,win,True,False
S_MEM_01,Current DerivCount,adoption_breadth,future_cross_owner_reuse_share_3m,lift,0.1,6,2.11699998604576,0.7783211460271183,1.3002020361202153,2.9337979359713047,0.0011497788015689932,1.52539320366338,2.6515636493597,positive,0.01494712442039691,21,win,True,False
S_MEM_01,Vanilla PageRank,quantity,future_direct_children_3m,lift,0.1,6,-0.11334277852954873,0.43115344729186683,-0.5658105723816486,0.33912501532255107,0.5479916306261607,-0.40954329550911966,0.21084248103112424,mixed,1.0,21,tie,False,True
S_MEM_01,Vanilla PageRank,quantity,future_active_parent_months_3m,lift,0.1,6,-0.04566308291783631,0.26584743354332885,-0.3246528544530848,0.23332668861741215,0.6914204106988767,-0.22803292738503536,0.15125796226174856,mixed,1.0,21,tie,False,False
S_MEM_01,Vanilla PageRank,quantity,future_active_parent_binary_3m,auc,0.01,6,0.011028288732388333,0.044495942319009496,-0.0356673389679362,0.05772391643271287,0.5702924689204578,-0.01902120176644197,0.044265872460084954,mixed,1.0,21,tie,False,False
S_MEM_01,Vanilla PageRank,descendant_quality,future_child_download_quality_sum_3m,lift,0.1,6,-0.010131682809856768,0.35178939810030047,-0.37931201491386873,0.3590486492941552,0.9464935251863666,-0.26677869180724506,0.23989290033265123,mixed,1.0,21,tie,False,False
S_MEM_01,Vanilla PageRank,descendant_quality,future_child_like_quality_sum_3m,lift,0.1,6,-0.12675804806840266,0.27997948521590493,-0.4205784982937041,0.1670624021568988,0.31790796099950597,-0.3273564832280557,0.07384038709125036,mixed,1.0,21,tie,False,True
S_MEM_01,Vanilla PageRank,descendant_quality,future_high_download_child_count_3m,lift,0.1,6,0.1501069665136859,0.4491421022584629,-0.32123876297415177,0.6214526960015235,0.4502324508081733,-0.16852816585966165,0.46874209888703344,mixed,1.0,21,tie,False,False
S_MEM_01,Vanilla PageRank,descendant_quality,future_high_like_child_count_3m,lift,0.1,6,-0.276852932569341,0.2525407287577628,-0.541878173853042,-0.01182769128564004,0.043542740213616565,-0.45406626203179146,-0.09689743253115941,negative,0.7402265836314816,21,tie,False,True
S_MEM_01,Vanilla PageRank,descendant_quality,future_nonzero_like_child_share_3m,lift,0.1,6,-0.4247868280660823,0.46109534982035366,-0.9086767215578679,0.05910306542570326,0.07366424473343781,-0.7470239794964213,-0.09036906103042124,negative,1.0,21,tie,False,True
S_MEM_01,Vanilla PageRank,descendant_quality,future_nonzero_download_child_share_3m,lift,0.1,6,-0.1461802009045313,0.2711856773470477,-0.43077211574185614,0.13841171393279358,0.24391887250271302,-0.32920983821814315,0.039612467854138154,mixed,1.0,21,tie,False,True
S_MEM_01,Vanilla PageRank,descendant_quality,future_child_download_quality_mean_3m,lift,0.1,6,-0.015965336158567284,0.2913182753810973,-0.3216851168965236,0.2897544445793891,0.8984479969965334,-0.22569780325794517,0.1909031125284207,mixed,1.0,21,tie,False,False
S_MEM_01,Vanilla PageRank,descendant_quality,future_child_download_quality_median_3m,lift,0.1,6,-0.015294175894383125,0.29237321260204574,-0.3221210453498557,0.2915326935610894,0.9030371945122817,-0.22277172327958197,0.1964313506936864,mixed,1.0,21,tie,False,False
S_MEM_01,Vanilla PageRank,descendant_quality,future_child_like_quality_mean_3m,lift,0.1,6,-0.2865781864802135,0.4569424130736156,-0.7661098401397385,0.1929534671793115,0.1850807513837806,-0.6226977779529541,0.05159284323577632,mixed,1.0,21,tie,False,True
S_MEM_01,Vanilla PageRank,descendant_quality,future_child_like_quality_median_3m,lift,0.1,6,-0.32677409427982784,0.47497368616152275,-0.8252284085504998,0.17168021999084415,0.15276217709435602,-0.6773370292059618,0.025974084420892662,mixed,1.0,21,tie,False,True
S_MEM_01,Vanilla PageRank,repropagation,future_child_becomes_parent_share_3m,lift,0.1,3,-1.236995552022199,0.12952540464569176,-1.5587544943282958,-0.915236609716102,0.0036347914375108544,-1.338729075098752,-1.091183816101628,negative,0.07633062018772795,21,tie,False,True
S_MEM_01,Vanilla PageRank,repropagation,future_child_future_child_count_mean_3m,lift,0.1,3,-0.8462624535790869,0.21611309677213103,-1.3831171472672332,-0.3094077598909406,0.021054454494595316,-1.0651693436535261,-0.6330559329012218,negative,0.400034635397311,21,tie,False,True
S_MEM_01,Vanilla PageRank,repropagation,future_child_future_child_count_median_3m,lift,0.1,3,-1.099226770629686,0.13630201248268875,-1.4378197400212014,-0.7606338012381707,0.0050861073187480855,-1.2432223554199355,-0.9722090520485276,negative,0.10172214637496171,21,tie,False,True
S_MEM_01,Vanilla PageRank,repropagation,future_child_second_order_diffusion_share_3m,lift,0.1,3,-0.5045012983935889,0.3871504258045818,-1.4662362712430306,0.4572336744558527,0.1526014008498732,-0.8841110666983543,-0.1102269298275882,negative,1.0,21,tie,False,True
S_MEM_01,Vanilla PageRank,adoption_breadth,future_child_owner_breadth_3m,lift,0.1,6,0.0118403245683291,0.18250345166124274,-0.179685302009013,0.2033659511456712,0.8799544234114443,-0.11360363368947612,0.1420291464987801,mixed,1.0,21,tie,False,False
S_MEM_01,Vanilla PageRank,adoption_breadth,future_high_download_child_owner_breadth_3m,lift,0.1,6,0.139550723835577,0.39494962705342374,-0.274923490757913,0.5540249384290671,0.42633440402071965,-0.12139927702694808,0.39530609667348177,mixed,1.0,21,tie,False,False
S_MEM_01,Vanilla PageRank,adoption_breadth,future_high_like_child_owner_breadth_3m,lift,0.1,6,-0.30698278594686723,0.24658370153208414,-0.5657565105521103,-0.048209061341624115,0.028441305074255494,-0.48112447390508706,-0.12772531170277737,negative,0.5119434913365989,21,tie,False,True
S_MEM_01,Vanilla PageRank,adoption_breadth,future_cross_owner_reuse_share_3m,lift,0.1,6,0.03131603229460289,0.34427733762553864,-0.32998087581814006,0.39261294040734585,0.832499744637961,-0.2024449231958363,0.2965589009114491,mixed,1.0,21,tie,False,False
S_MEM_03,AllTime DerivCount,quantity,future_direct_children_3m,lift,0.1,6,0.18230811633160812,0.35201353319921924,-0.18710743113336079,0.551723663796577,0.26043897983487335,-0.06615447554169318,0.4451334211712967,mixed,1.0,21,tie,False,False
S_MEM_03,AllTime DerivCount,quantity,future_active_parent_months_3m,lift,0.1,6,0.28873071148281565,0.1852660570801706,0.09430590831988087,0.48315551464575046,0.012405426100218489,0.1594911609058185,0.4227074502041563,positive,0.22329766980393279,21,tie,False,False
S_MEM_03,AllTime DerivCount,quantity,future_active_parent_binary_3m,auc,0.01,6,0.025006252175302834,0.043040669135977164,-0.0201621599809627,0.07017466433156837,0.21398293715353478,-0.005841633517212434,0.056335300432613734,mixed,1.0,21,tie,False,False
S_MEM_03,AllTime DerivCount,descendant_quality,future_child_download_quality_sum_3m,lift,0.1,6,0.2551482996270337,0.2790853490263175,-0.037733812213993856,0.5480304114680613,0.07527150864274867,0.07665888152503153,0.47236701374265033,positive,0.8279865950702354,21,tie,False,False
S_MEM_03,AllTime DerivCount,descendant_quality,future_child_like_quality_sum_3m,lift,0.1,6,0.10995396044203794,0.28412104511741654,-0.1882127903486739,0.40812071123274973,0.3866868419698433,-0.09889180505214641,0.3187997259362223,mixed,1.0,21,tie,False,False
S_MEM_03,AllTime DerivCount,descendant_quality,future_high_download_child_count_3m,lift,0.1,6,0.4448035872927269,0.24664273370849288,0.18596791221765985,0.703639262367794,0.006908126413957061,0.27028777044529523,0.6231144715157825,positive,0.1450706546930983,21,tie,False,False
S_MEM_03,AllTime DerivCount,descendant_quality,future_high_like_child_count_3m,lift,0.1,6,0.03459168835751777,0.2360542554815141,-0.21313206029389514,0.2823154370089307,0.7342913052123694,-0.14192616356035467,0.20192672426166056,mixed,1.0,21,tie,False,False
S_MEM_03,AllTime DerivCount,descendant_quality,future_nonzero_like_child_share_3m,lift,0.1,6,-0.01228798684455675,0.43332199568403257,-0.46703153266623443,0.44245555897712097,0.9473145521739523,-0.33827124587642565,0.29068915876970464,mixed,1.0,21,tie,False,False
S_MEM_03,AllTime DerivCount,descendant_quality,future_nonzero_download_child_share_3m,lift,0.1,6,0.1831060445151612,0.20746636183051614,-0.0346165496693383,0.4008286386996607,0.08299015812130225,0.040144400861284346,0.33698494613096425,positive,0.8299015812130226,21,tie,False,False
S_MEM_03,AllTime DerivCount,descendant_quality,future_child_download_quality_mean_3m,lift,0.1,6,0.3040510981280862,0.20187918609091382,0.09219188529108754,0.5159103109650848,0.014157600952809919,0.16967960925013248,0.4578472075373774,positive,0.22329766980393279,21,tie,False,False
S_MEM_03,AllTime DerivCount,descendant_quality,future_child_download_quality_median_3m,lift,0.1,6,0.30593907959705846,0.20163105199138778,0.09434026752757596,0.517537891666541,0.013759574973927383,0.17190648356037933,0.4600953005669943,positive,0.22329766980393279,21,tie,False,False
S_MEM_03,AllTime DerivCount,descendant_quality,future_child_like_quality_mean_3m,lift,0.1,6,0.057912494930696536,0.4818634018123474,-0.44777213249270004,0.5635971223540931,0.7802898123409472,-0.28854135598938324,0.400294685133255,mixed,1.0,21,tie,False,False
S_MEM_03,AllTime DerivCount,descendant_quality,future_child_like_quality_median_3m,lift,0.1,6,0.042318521155478926,0.4999009050920128,-0.4822953050643392,0.5669323473752971,0.8439105177238153,-0.3224838631266512,0.3914743144222526,mixed,1.0,21,tie,False,False
S_MEM_03,AllTime DerivCount,repropagation,future_child_becomes_parent_share_3m,lift,0.1,3,-0.8858877170889515,0.15928477436261984,-1.2815730319858742,-0.49020240219202893,0.010605183544549448,-1.067365073389544,-0.7692431282933683,negative,0.20149848734643952,21,tie,False,True
S_MEM_03,AllTime DerivCount,repropagation,future_child_future_child_count_mean_3m,lift,0.1,3,-0.63282664482883,0.25096801427846094,-1.2562657535333241,-0.009387536124335738,0.04863322097026343,-0.9225127351285005,-0.48117030341051237,negative,0.5835986516431612,21,tie,False,True
S_MEM_03,AllTime DerivCount,repropagation,future_child_future_child_count_median_3m,lift,0.1,3,-0.8082824325287815,0.23730797458891292,-1.3977881214968837,-0.21877674356067933,0.027550856731168565,-1.0810629177564657,-0.6493493426523589,negative,0.35816113750519135,21,tie,False,True
S_MEM_03,AllTime DerivCount,repropagation,future_child_second_order_diffusion_share_3m,lift,0.1,3,-0.4157479834152233,0.4059638375224084,-1.4242180617990243,0.5927220949685776,0.21809530141832847,-0.8841110666983543,-0.16472440985765857,negative,1.0,21,tie,False,True
S_MEM_03,AllTime DerivCount,adoption_breadth,future_child_owner_breadth_3m,lift,0.1,6,0.2716431510812334,0.15736256351074607,0.10650126854766112,0.43678503361480564,0.008261172395590516,0.16525632071922777,0.38903622100320756,positive,0.16522344791181032,21,tie,False,False
S_MEM_03,AllTime DerivCount,adoption_breadth,future_high_download_child_owner_breadth_3m,lift,0.1,6,0.40140883865030186,0.2596167317377039,0.1289577876514405,0.6738598896491632,0.012793746597553788,0.2168575131713233,0.5953035346303533,positive,0.22329766980393279,21,tie,False,False
S_MEM_03,AllTime DerivCount,adoption_breadth,future_high_like_child_owner_breadth_3m,lift,0.1,6,0.0033005872325773122,0.2803860596096388,-0.29094653665177755,0.2975477111169322,0.9781122021799036,-0.20830513956343033,0.20743446257863804,mixed,1.0,21,tie,False,False
S_MEM_03,AllTime DerivCount,adoption_breadth,future_cross_owner_reuse_share_3m,lift,0.1,6,0.34891188941980755,0.23004334289087547,0.10749620666931031,0.5903275721703047,0.013780498514358405,0.1957953205743681,0.5178533467193857,positive,0.22329766980393279,21,tie,False,False
S_MEM_03,Current DerivCount,quantity,future_direct_children_3m,lift,0.1,6,1.7156750579623967,0.670193319816693,1.0123503025265514,2.418999813398242,0.0015140510293082262,1.2018899570958321,2.174511802267166,positive,0.013626459263774036,21,win,True,False
S_MEM_03,Current DerivCount,quantity,future_active_parent_months_3m,lift,0.1,6,2.297363849267946,0.49373327439171694,1.779222554518735,2.8155051440171572,9.10060301137254e-05,1.9243948740863175,2.652799597268134,positive,0.001638108542047057,21,win,True,False
S_MEM_03,Current DerivCount,quantity,future_active_parent_binary_3m,auc,0.01,6,0.16202787571155677,0.03851157668005335,0.12161245459492172,0.20244329682819184,0.00014794135612192618,0.1342822134669607,0.18944859914000797,positive,0.0022191203418288927,21,win,True,False
S_MEM_03,Current DerivCount,descendant_quality,future_child_download_quality_sum_3m,lift,0.1,6,1.472309170034847,0.45401449279022427,0.9958501802714872,1.9487681597982067,0.0005095927315072012,1.1304179953946403,1.7954170623020682,positive,0.005095927315072012,21,win,True,False
S_MEM_03,Current DerivCount,descendant_quality,future_child_like_quality_sum_3m,lift,0.1,6,1.6154308931336534,0.8654910202980864,0.7071537704229028,2.523708015844404,0.005991243395069073,0.9720563442483617,2.2326438833058346,positive,0.04193870376548351,21,win,True,False
S_MEM_03,Current DerivCount,descendant_quality,future_high_download_child_count_3m,lift,0.1,6,0.696669504812831,0.475528614578275,0.19763282888402806,1.1957061807416338,0.015731194752346078,0.3676364475523484,1.0539631361346553,positive,0.09438716851407647,21,tie,False,False
S_MEM_03,Current DerivCount,descendant_quality,future_high_like_child_count_3m,lift,0.1,6,1.681525134184965,0.7127174066665998,0.9335740864547954,2.4294761819151347,0.002182100548486844,1.1197701295373932,2.1168303444662038,positive,0.01745680438789475,21,win,True,False
S_MEM_03,Current DerivCount,descendant_quality,future_nonzero_like_child_share_3m,lift,0.1,6,2.2646222893147825,0.20634166845253252,2.048079988445094,2.4811645901844708,1.3318784586228226e-06,2.125146961928454,2.4170986335193962,positive,2.7969447631079274e-05,21,win,True,False
S_MEM_03,Current DerivCount,descendant_quality,future_nonzero_download_child_share_3m,lift,0.1,6,2.178690517729845,0.5019756405992045,1.651899390125422,2.7054816453342676,0.00012736470022612704,1.802244578690603,2.532084441102858,positive,0.0020378352036180326,21,win,True,False
S_MEM_03,Current DerivCount,descendant_quality,future_child_download_quality_mean_3m,lift,0.1,6,1.9551919902915584,0.5417198469074131,1.3866918761079225,2.5236921044751943,0.0003076719424832562,1.5440914731363844,2.337863860196722,positive,0.003996082066479345,21,win,True,False
S_MEM_03,Current DerivCount,descendant_quality,future_child_download_quality_median_3m,lift,0.1,6,1.9565574750718582,0.5437821712659191,1.3858930842053807,2.5272218659383356,0.0003122296709477125,1.5569436104133139,2.3408551855252084,positive,0.003996082066479345,21,win,True,False
S_MEM_03,Current DerivCount,descendant_quality,future_child_like_quality_mean_3m,lift,0.1,6,2.498514483159703,0.39551208176463587,2.0834500085464396,2.9135789577729665,2.0468000251396734e-05,2.223241081732638,2.7739812212956534,positive,0.00038889200477653795,21,win,True,False
S_MEM_03,Current DerivCount,descendant_quality,future_child_like_quality_median_3m,lift,0.1,6,2.5662676196613545,0.37364006074124556,2.174156423426591,2.958378815896118,1.356382778173837e-05,2.3110766595614156,2.8310888031307884,positive,0.0002712765556347674,21,win,True,False
S_MEM_03,Current DerivCount,repropagation,future_child_becomes_parent_share_3m,lift,0.1,3,4.153476960877632,1.0343583860526908,1.5839882866507784,6.722965635104486,0.020052976060472422,3.5186865554960423,5.34704459335844,positive,0.10026488030236211,21,tie,False,False
S_MEM_03,Current DerivCount,repropagation,future_child_future_child_count_mean_3m,lift,0.1,3,4.766446244971362,1.4368293221795396,1.1971643404407342,8.335728149501989,0.02897978573474933,3.8596834220139637,6.423079246206609,positive,0.10026488030236211,21,tie,False,False
S_MEM_03,Current DerivCount,repropagation,future_child_future_child_count_median_3m,lift,0.1,3,5.028621223042088,1.9019585187560852,0.30389434047384967,9.753348105610327,0.044524562780376566,3.837773358035454,7.222124386646197,positive,0.10026488030236211,21,tie,False,False
S_MEM_03,Current DerivCount,repropagation,future_child_second_order_diffusion_share_3m,lift,0.1,3,5.063930573283712,1.7408223775280256,0.7394880558610639,9.38837309070636,0.037207718041488896,3.924212278503228,7.067750740544901,positive,0.10026488030236211,21,tie,False,False
S_MEM_03,Current DerivCount,adoption_breadth,future_child_owner_breadth_3m,lift,0.1,6,1.8629825268385354,0.4223995672125061,1.4197013667290923,2.3062636869479785,0.00011787869464741706,1.5466952871154762,2.150411266688615,positive,0.00200393780900609,21,win,True,False
S_MEM_03,Current DerivCount,adoption_breadth,future_high_download_child_owner_breadth_3m,lift,0.1,6,0.6666772369169905,0.5117500942978684,0.12962844924067662,1.2037260245933044,0.024236554414403897,0.3285758774234151,1.0465461512787693,positive,0.10026488030236211,21,tie,False,False
S_MEM_03,Current DerivCount,adoption_breadth,future_high_like_child_owner_breadth_3m,lift,0.1,6,1.8563853127133143,0.5142446369077258,1.3167186631169772,2.3960519623096515,0.00030739092819071883,1.4637325600402937,2.1971187633364915,positive,0.003996082066479345,21,win,True,False
S_MEM_03,Current DerivCount,adoption_breadth,future_cross_owner_reuse_share_3m,lift,0.1,6,2.4345958431709644,0.6588278711094536,1.7431983946719058,3.125993291670023,0.00027508865478994925,1.9375195501519293,2.901107534134566,positive,0.0038512411670592896,21,win,True,False
S_MEM_03,Vanilla PageRank,quantity,future_direct_children_3m,lift,0.1,6,0.18230811633160812,0.35201353319921924,-0.18710743113336079,0.551723663796577,0.26043897983487335,-0.06615447554169318,0.4392567178617941,mixed,1.0,21,tie,False,False
S_MEM_03,Vanilla PageRank,quantity,future_active_parent_months_3m,lift,0.1,6,0.28873071148281565,0.1852660570801706,0.09430590831988087,0.48315551464575046,0.012405426100218489,0.1594911609058185,0.42113998722193974,positive,0.22329766980393279,21,tie,False,False
S_MEM_03,Vanilla PageRank,quantity,future_active_parent_binary_3m,auc,0.01,6,0.025853678181311086,0.04311007252810209,-0.01938756836818002,0.07109492473080219,0.20177608204478897,-0.005007948632319553,0.05773691415325256,mixed,1.0,21,tie,False,False
S_MEM_03,Vanilla PageRank,descendant_quality,future_child_download_quality_sum_3m,lift,0.1,6,0.2551482996270335,0.2790853490263177,-0.0377338122139943,0.5480304114680613,0.07527150864274897,0.07038796189703274,0.4723670137426501,positive,0.8279865950702386,21,tie,False,False
S_MEM_03,Vanilla PageRank,descendant_quality,future_child_like_quality_sum_3m,lift,0.1,6,0.1099539604420378,0.28412104511741676,-0.18821279034867422,0.40812071123274984,0.386686841969844,-0.10254959494547711,0.31828054822812746,mixed,1.0,21,tie,False,False
S_MEM_03,Vanilla PageRank,descendant_quality,future_high_download_child_count_3m,lift,0.1,6,0.4448035872927269,0.24664273370849288,0.18596791221765985,0.703639262367794,0.006908126413957061,0.27551330552091674,0.624238968812851,positive,0.1450706546930983,21,tie,False,False
S_MEM_03,Vanilla PageRank,descendant_quality,future_high_like_child_count_3m,lift,0.1,6,0.03459168835751777,0.2360542554815141,-0.21313206029389514,0.2823154370089307,0.7342913052123694,-0.13734385709809427,0.19706720870782343,mixed,1.0,21,tie,False,False
S_MEM_03,Vanilla PageRank,descendant_quality,future_nonzero_like_child_share_3m,lift,0.1,6,-0.01228798684455675,0.4333219956840325,-0.4670315326662343,0.44245555897712086,0.9473145521739523,-0.33228860000252486,0.29409836742776624,mixed,1.0,21,tie,False,False
S_MEM_03,Vanilla PageRank,descendant_quality,future_nonzero_download_child_share_3m,lift,0.1,6,0.1831060445151612,0.20746636183051576,-0.034616549669337915,0.4008286386996603,0.08299015812130182,0.04109030852271056,0.3367043088746139,positive,0.8299015812130183,21,tie,False,False
S_MEM_03,Vanilla PageRank,descendant_quality,future_child_download_quality_mean_3m,lift,0.1,6,0.30405109812808645,0.20187918609091385,0.09219188529108782,0.5159103109650851,0.014157600952809902,0.16967960925013278,0.46154253920833926,positive,0.22329766980393279,21,tie,False,False
S_MEM_03,Vanilla PageRank,descendant_quality,future_child_download_quality_median_3m,lift,0.1,6,0.30593907959705796,0.20163105199138798,0.09434026752757527,0.5175378916665406,0.013759574973927527,0.1719064835603786,0.4638470122522953,positive,0.22329766980393279,21,tie,False,False
S_MEM_03,Vanilla PageRank,descendant_quality,future_child_like_quality_mean_3m,lift,0.1,6,0.057912494930696536,0.4818634018123477,-0.44777213249270037,0.5635971223540934,0.7802898123409473,-0.2885413559893835,0.39972387186590436,mixed,1.0,21,tie,False,False
S_MEM_03,Vanilla PageRank,descendant_quality,future_child_like_quality_median_3m,lift,0.1,6,0.04231852115547848,0.49990090509201324,-0.4822953050643401,0.5669323473752971,0.8439105177238171,-0.3192211727238048,0.39672303446688745,mixed,1.0,21,tie,False,False
S_MEM_03,Vanilla PageRank,repropagation,future_child_becomes_parent_share_3m,lift,0.1,3,-0.8858877170889515,0.15928477436261984,-1.2815730319858742,-0.49020240219202893,0.010605183544549448,-1.067365073389544,-0.7692431282933683,negative,0.20149848734643952,21,tie,False,True
S_MEM_03,Vanilla PageRank,repropagation,future_child_future_child_count_mean_3m,lift,0.1,3,-0.63282664482883,0.25096801427846094,-1.2562657535333241,-0.009387536124335738,0.04863322097026343,-0.9225127351285005,-0.48117030341051237,negative,0.5835986516431612,21,tie,False,True
S_MEM_03,Vanilla PageRank,repropagation,future_child_future_child_count_median_3m,lift,0.1,3,-0.8082824325287815,0.23730797458891292,-1.3977881214968837,-0.21877674356067933,0.027550856731168565,-1.0810629177564657,-0.6493493426523589,negative,0.35816113750519135,21,tie,False,True
S_MEM_03,Vanilla PageRank,repropagation,future_child_second_order_diffusion_share_3m,lift,0.1,3,-0.4157479834152233,0.4059638375224084,-1.4242180617990243,0.5927220949685776,0.21809530141832847,-0.8841110666983543,-0.16472440985765857,negative,1.0,21,tie,False,True
S_MEM_03,Vanilla PageRank,adoption_breadth,future_child_owner_breadth_3m,lift,0.1,6,0.2716431510812334,0.15736256351074607,0.10650126854766112,0.43678503361480564,0.008261172395590516,0.16518306777655814,0.3891076426223104,positive,0.16522344791181032,21,tie,False,False
S_MEM_03,Vanilla PageRank,adoption_breadth,future_high_download_child_owner_breadth_3m,lift,0.1,6,0.40140883865030186,0.2596167317377039,0.1289577876514405,0.6738598896491632,0.012793746597553788,0.2168575131713233,0.5971932214109009,positive,0.22329766980393279,21,tie,False,False
S_MEM_03,Vanilla PageRank,adoption_breadth,future_high_like_child_owner_breadth_3m,lift,0.1,6,0.0033005872325773122,0.2803860596096388,-0.29094653665177755,0.2975477111169322,0.9781122021799036,-0.2102623820525992,0.20146682888750211,mixed,1.0,21,tie,False,False
S_MEM_03,Vanilla PageRank,adoption_breadth,future_cross_owner_reuse_share_3m,lift,0.1,6,0.3489118894198075,0.23004334289087564,0.10749620666931012,0.5903275721703048,0.013780498514358445,0.1957953205743681,0.5178533467193855,positive,0.22329766980393279,21,tie,False,False
S_MEM_06,AllTime DerivCount,quantity,future_direct_children_3m,lift,0.1,6,0.3269780672397186,0.354956691158213,-0.04552613508126191,0.6994822695606991,0.07368201667284505,0.07212788814813131,0.5849554696582437,positive,0.5550244493035529,21,tie,False,False
S_MEM_06,AllTime DerivCount,quantity,future_active_parent_months_3m,lift,0.1,6,0.3967966269626511,0.19091520338197204,0.1964434083356193,0.5971498455896829,0.0037989297174499813,0.26680079944725943,0.5459167200436722,positive,0.07977752406644961,21,tie,False,False
S_MEM_06,AllTime DerivCount,quantity,future_active_parent_binary_3m,auc,0.01,6,0.030887346445997128,0.04282442187197733,-0.014054128124396988,0.07582882101639124,0.13752966061354152,0.00044513858731267303,0.06356206385406056,positive,0.6876483030677076,21,tie,False,False
S_MEM_06,AllTime DerivCount,descendant_quality,future_child_download_quality_sum_3m,lift,0.1,6,0.34199552801829963,0.30366405601947016,0.023319645076096962,0.6606714109605023,0.03989668484787683,0.1398634919603543,0.5779271889205037,positive,0.39896684847876834,21,tie,False,False
S_MEM_06,AllTime DerivCount,descendant_quality,future_child_like_quality_sum_3m,lift,0.1,6,0.19418850264142176,0.20103286166465767,-0.01678254717974914,0.40515955246259266,0.0642632057545558,0.053406643429223,0.3433182018745926,positive,0.5550244493035529,21,tie,False,False
S_MEM_06,AllTime DerivCount,descendant_quality,future_high_download_child_count_3m,lift,0.1,6,0.45621943821735583,0.3261959992610331,0.11389773100134354,0.7985411454333682,0.018718957983735757,0.21708237517965445,0.6828528161852132,positive,0.2483232444561379,21,tie,False,False
S_MEM_06,AllTime DerivCount,descendant_quality,future_high_like_child_count_3m,lift,0.1,6,0.11453809537943749,0.14320096494215762,-0.03574210089835808,0.26481829165723303,0.10739731686922976,0.01850663036295841,0.22733251704993265,positive,0.6443839012153786,21,tie,False,False
S_MEM_06,AllTime DerivCount,descendant_quality,future_nonzero_like_child_share_3m,lift,0.1,6,0.08460420664974011,0.31910491321583134,-0.25027586214486836,0.4194842754443486,0.5447076535743711,-0.135541361866109,0.3047497751655892,mixed,1.0,21,tie,False,False
S_MEM_06,AllTime DerivCount,descendant_quality,future_nonzero_download_child_share_3m,lift,0.1,6,0.29797269982822444,0.21406667322730374,0.07332350362952436,0.5226218960269245,0.019051672807463588,0.1582388807874716,0.4686153089375342,positive,0.2483232444561379,21,tie,False,False
S_MEM_06,AllTime DerivCount,descendant_quality,future_child_download_quality_mean_3m,lift,0.1,6,0.3610231855572276,0.22971270670158594,0.1199544842076102,0.602091886906845,0.012004916595034417,0.2039302457798319,0.5374617555391643,positive,0.20259466276106733,21,tie,False,False
S_MEM_06,AllTime DerivCount,descendant_quality,future_child_download_quality_median_3m,lift,0.1,6,0.3634649167828529,0.22984932018140367,0.1222528483786246,0.6046769851870812,0.011719599832574076,0.20654230934886986,0.5404498508057208,positive,0.20259466276106733,21,tie,False,False
S_MEM_06,AllTime DerivCount,descendant_quality,future_child_like_quality_mean_3m,lift,0.1,6,0.17223829018243508,0.36497355902883505,-0.2107779702821052,0.5552545506469754,0.29992700586275456,-0.09151761504267182,0.4233325666731025,mixed,1.0,21,tie,False,False
S_MEM_06,AllTime DerivCount,descendant_quality,future_child_like_quality_median_3m,lift,0.1,6,0.1717994684365789,0.3757380342917953,-0.22251341601369057,0.5661123528868484,0.3136149639024552,-0.09511284069635935,0.42374004399249143,mixed,1.0,21,tie,False,False
S_MEM_06,AllTime DerivCount,repropagation,future_child_becomes_parent_share_3m,lift,0.1,3,-0.5194724845851324,0.1676455188447916,-0.9359270401482689,-0.10301792902199586,0.03300738560298178,-0.7055464044439352,-0.3802035849384291,negative,0.3630812416327996,21,tie,False,True
S_MEM_06,AllTime DerivCount,repropagation,future_child_future_child_count_mean_3m,lift,0.1,3,-0.3634454353265723,0.07801613511903609,-0.5572482586983775,-0.16964261195476713,0.015014183276225711,-0.44699070671174823,-0.29248961850521304,negative,0.22521274914338565,21,tie,False,True
S_MEM_06,AllTime DerivCount,repropagation,future_child_future_child_count_median_3m,lift,0.1,3,-0.4952296980705544,0.09177732455025676,-0.7232172110665713,-0.26724218507453745,0.011255259042281519,-0.555548029742015,-0.38960960559141533,negative,0.20259466276106733,21,tie,False,True
S_MEM_06,AllTime DerivCount,repropagation,future_child_second_order_diffusion_share_3m,lift,0.1,3,-0.27540917409785,0.12428447315369359,-0.5841489208401357,0.03333057264443573,0.06166938325595032,-0.4187894526465872,-0.19840847368965697,negative,0.5550244493035529,21,tie,False,True
S_MEM_06,AllTime DerivCount,adoption_breadth,future_child_owner_breadth_3m,lift,0.1,6,0.3573962023221932,0.17967781467286298,0.16883589990586517,0.5459565047385213,0.004583795698145043,0.23404060241601043,0.4983590148796468,positive,0.09167591396290087,21,tie,False,False
S_MEM_06,AllTime DerivCount,adoption_breadth,future_high_download_child_owner_breadth_3m,lift,0.1,6,0.40421772771171827,0.2848581700618736,0.1052774117332369,0.7031580436901996,0.01773737460400985,0.21246779314034522,0.6271782789364462,positive,0.2483232444561379,21,tie,False,False
S_MEM_06,AllTime DerivCount,adoption_breadth,future_high_like_child_owner_breadth_3m,lift,0.1,6,0.0797256679255794,0.1831273374320577,-0.11245468661487988,0.2719060224660387,0.33500431666277436,-0.05414743228033,0.21513070004987775,mixed,1.0,21,tie,False,False
S_MEM_06,AllTime DerivCount,adoption_breadth,future_cross_owner_reuse_share_3m,lift,0.1,6,0.4618126458737009,0.24362565345077208,0.2061432023495126,0.7174820893978893,0.005616392475100337,0.2918502684927271,0.6362570671988265,positive,0.1067114570269064,21,tie,False,False
S_MEM_06,Current DerivCount,quantity,future_direct_children_3m,lift,0.1,6,1.8603450088705074,0.6724382447004676,1.1546643492527395,2.566025668488275,0.0010638557191760723,1.3229686814303303,2.29389862771495,positive,0.00957470147258465,21,win,True,False
S_MEM_06,Current DerivCount,quantity,future_active_parent_months_3m,lift,0.1,6,2.405429764747782,0.5408713109243386,1.8378201344665186,2.973039395029045,0.00011324008472717456,1.9894244098030514,2.7916918313148664,positive,0.002038321525089142,21,win,True,False
S_MEM_06,Current DerivCount,quantity,future_active_parent_binary_3m,auc,0.01,6,0.16790896998225105,0.038445370945976526,0.1275630275225217,0.2082549124419804,0.0001235820468136865,0.14034300375185413,0.19554772241660287,positive,0.0021008947958326704,21,win,True,False
S_MEM_06,Current DerivCount,descendant_quality,future_child_download_quality_sum_3m,lift,0.1,6,1.5591563984261132,0.4861559631241142,1.04896700417571,2.0693457926765166,0.0005367409455795738,1.183952015500597,1.8961821508247327,positive,0.005569449526201307,21,win,True,False
S_MEM_06,Current DerivCount,descendant_quality,future_child_like_quality_sum_3m,lift,0.1,6,1.6996654353330374,0.8480033060452344,0.8097405432195466,2.589590327446528,0.004437527307605256,1.0846384128475257,2.320161227416372,positive,0.031062691153236788,21,win,True,False
S_MEM_06,Current DerivCount,descendant_quality,future_high_download_child_count_3m,lift,0.1,6,0.7080853557374599,0.45937503579717315,0.22600082109341285,1.190169890381507,0.01294732311062304,0.4006723972019928,1.0703868607614437,positive,0.07768393866373824,21,tie,False,False
S_MEM_06,Current DerivCount,descendant_quality,future_high_like_child_count_3m,lift,0.1,6,1.761471541206885,0.722119762159926,1.0036533265230472,2.519289755890723,0.001880863667001329,1.1640049077033083,2.185296792321425,positive,0.015046909336010631,21,win,True,False
S_MEM_06,Current DerivCount,descendant_quality,future_nonzero_like_child_share_3m,lift,0.1,6,2.361514482809079,0.18026332577415688,2.1723397241754983,2.55068924144266,5.520790726802426e-07,2.2149945314615875,2.4807255281643448,positive,1.1593660526285095e-05,21,win,True,False
S_MEM_06,Current DerivCount,descendant_quality,future_nonzero_download_child_share_3m,lift,0.1,6,2.2935571730429083,0.5494868649627295,1.716906073296308,2.8702082727895086,0.00015369169959271854,1.869973975932002,2.671804144522085,positive,0.0024590671934834967,21,win,True,False
S_MEM_06,Current DerivCount,descendant_quality,future_child_download_quality_mean_3m,lift,0.1,6,2.0121640777207,0.6082465380981229,1.3738484827971793,2.6504796726442206,0.00046412079385010896,1.5613981769389975,2.436088648124706,positive,0.005569449526201307,21,win,True,False
S_MEM_06,Current DerivCount,descendant_quality,future_child_download_quality_median_3m,lift,0.1,6,2.0140833122576525,0.6102920445004892,1.373621090013853,2.6545455345014517,0.00046938919350123545,1.5673260716352824,2.4396177902593137,positive,0.005569449526201307,21,win,True,False
S_MEM_06,Current DerivCount,descendant_quality,future_child_like_quality_mean_3m,lift,0.1,6,2.6128402784114417,0.3347281178663218,2.26156466184722,2.9641158949756634,7.214032220081414e-06,2.3679848989567653,2.8499409113606142,positive,0.00013706661218154686,21,win,True,False
S_MEM_06,Current DerivCount,descendant_quality,future_child_like_quality_median_3m,lift,0.1,6,2.6957485669424543,0.2929752553430294,2.388289892377853,3.003207241507056,3.1957059711235015e-06,2.485782028487963,2.9100322870512954,positive,6.391411942247003e-05,21,win,True,False
S_MEM_06,Current DerivCount,repropagation,future_child_becomes_parent_share_3m,lift,0.1,3,4.519892193381451,0.9762598921150827,2.0947281789391186,6.945056207823783,0.015197237269547841,3.880505224441651,5.6436202572787755,positive,0.07768393866373824,21,tie,False,False
S_MEM_06,Current DerivCount,repropagation,future_child_future_child_count_mean_3m,lift,0.1,3,5.03582745447362,1.3444843964722928,1.6959430623783036,8.375711846568937,0.022945500139256298,4.048364106919263,6.567020161391331,positive,0.07768393866373824,21,tie,False,False
S_MEM_06,Current DerivCount,repropagation,future_child_future_child_count_median_3m,lift,0.1,3,5.341673957500315,1.7494103043539815,0.9958978471838211,9.687450067816808,0.03394274197313387,4.285705661505556,7.361011394081703,positive,0.07768393866373824,21,tie,False,False
S_MEM_06,Current DerivCount,repropagation,future_child_second_order_diffusion_share_3m,lift,0.1,3,5.204269382601086,1.6180581858476728,1.1847900233803683,9.223748741821804,0.03074345422147541,4.1555235147033605,7.067750740544901,positive,0.07768393866373824,21,tie,False,False
S_MEM_06,Current DerivCount,adoption_breadth,future_child_owner_breadth_3m,lift,0.1,6,1.9487355780794953,0.47376377909097,1.4515509834096234,2.445920172749367,0.00016488929454239813,1.5992673870664158,2.277391872973039,positive,0.002473339418135972,21,win,True,False
S_MEM_06,Current DerivCount,adoption_breadth,future_high_download_child_owner_breadth_3m,lift,0.1,6,0.669486125978407,0.48003750817448937,0.16571765641323788,1.173254595543576,0.018916060936791327,0.3382594526724092,1.0418689771877248,positive,0.07768393866373824,21,tie,False,False
S_MEM_06,Current DerivCount,adoption_breadth,future_high_like_child_owner_breadth_3m,lift,0.1,6,1.9328103934063163,0.5137641691729726,1.393647963774649,2.4719728230379836,0.00025264282761031147,1.5192483084910746,2.2571557198668426,positive,0.0035369995865443607,21,win,True,False
S_MEM_06,Current DerivCount,adoption_breadth,future_cross_owner_reuse_share_3m,lift,0.1,6,2.5474965996248584,0.7102811114141927,1.8021022869618741,3.2928909122878425,0.0003169823450173223,2.03818108895343,3.0532619719533898,positive,0.00412077048522519,21,win,True,False
S_MEM_06,Vanilla PageRank,quantity,future_direct_children_3m,lift,0.1,6,0.3269780672397186,0.354956691158213,-0.04552613508126191,0.6994822695606991,0.07368201667284505,0.07212788814813131,0.5849554696582437,positive,0.5550244493035529,21,tie,False,False
S_MEM_06,Vanilla PageRank,quantity,future_active_parent_months_3m,lift,0.1,6,0.3967966269626511,0.19091520338197204,0.1964434083356193,0.5971498455896829,0.0037989297174499813,0.26680079944725943,0.5459167200436722,positive,0.07977752406644961,21,tie,False,False
S_MEM_06,Vanilla PageRank,quantity,future_active_parent_binary_3m,auc,0.01,6,0.03173477245200538,0.04289239470229159,-0.013278035229065122,0.07674758013307588,0.12968748164828467,0.0012047042118791078,0.06276167908938907,positive,0.6484374082414234,21,tie,False,False
S_MEM_06,Vanilla PageRank,descendant_quality,future_child_download_quality_sum_3m,lift,0.1,6,0.3419955280182994,0.30366405601947033,0.023319645076096573,0.6606714109605023,0.039896684847876944,0.13986349196035408,0.5779271889205037,positive,0.39896684847876945,21,tie,False,False
S_MEM_06,Vanilla PageRank,descendant_quality,future_child_like_quality_sum_3m,lift,0.1,6,0.19418850264142162,0.20103286166465784,-0.016782547179749474,0.4051595524625927,0.06426320575455606,0.05340664342922271,0.34393855457767925,positive,0.5550244493035529,21,tie,False,False
S_MEM_06,Vanilla PageRank,descendant_quality,future_high_download_child_count_3m,lift,0.1,6,0.45621943821735583,0.3261959992610331,0.11389773100134354,0.7985411454333682,0.018718957983735757,0.21443021357548195,0.6828528161852132,positive,0.2483232444561379,21,tie,False,False
S_MEM_06,Vanilla PageRank,descendant_quality,future_high_like_child_count_3m,lift,0.1,6,0.11453809537943749,0.14320096494215762,-0.03574210089835808,0.26481829165723303,0.10739731686922976,0.017439059851209526,0.22472250323347617,positive,0.6443839012153786,21,tie,False,False
S_MEM_06,Vanilla PageRank,descendant_quality,future_nonzero_like_child_share_3m,lift,0.1,6,0.08460420664974011,0.31910491321583123,-0.25027586214486824,0.41948427544434846,0.5447076535743709,-0.13719290362518569,0.30474977516558904,mixed,1.0,21,tie,False,False
S_MEM_06,Vanilla PageRank,descendant_quality,future_nonzero_download_child_share_3m,lift,0.1,6,0.29797269982822444,0.2140666732273034,0.07332350362952472,0.5226218960269242,0.01905167280746347,0.15763364801967036,0.4680100761697327,positive,0.2483232444561379,21,tie,False,False
S_MEM_06,Vanilla PageRank,descendant_quality,future_child_download_quality_mean_3m,lift,0.1,6,0.3610231855572279,0.22971270670158606,0.1199544842076104,0.6020918869068455,0.012004916595034394,0.20738664972924958,0.5383983369190087,positive,0.20259466276106733,21,tie,False,False
S_MEM_06,Vanilla PageRank,descendant_quality,future_child_download_quality_median_3m,lift,0.1,6,0.36346491678285237,0.22984932018140375,0.12225284837862394,0.6046769851870808,0.011719599832574161,0.2102399301433291,0.5414268336937885,positive,0.20259466276106733,21,tie,False,False
S_MEM_06,Vanilla PageRank,descendant_quality,future_child_like_quality_mean_3m,lift,0.1,6,0.17223829018243508,0.3649735590288354,-0.21077797028210554,0.5552545506469757,0.29992700586275517,-0.08919463159571217,0.42333256667310293,mixed,1.0,21,tie,False,False
S_MEM_06,Vanilla PageRank,descendant_quality,future_child_like_quality_median_3m,lift,0.1,6,0.17179946843657845,0.3757380342917957,-0.2225134160136914,0.5661123528868484,0.31361496390245663,-0.10097405477926132,0.42797735584903557,mixed,1.0,21,tie,False,False
S_MEM_06,Vanilla PageRank,repropagation,future_child_becomes_parent_share_3m,lift,0.1,3,-0.5194724845851324,0.1676455188447916,-0.9359270401482689,-0.10301792902199586,0.03300738560298178,-0.7055464044439352,-0.3802035849384291,negative,0.3630812416327996,21,tie,False,True
S_MEM_06,Vanilla PageRank,repropagation,future_child_future_child_count_mean_3m,lift,0.1,3,-0.3634454353265723,0.07801613511903609,-0.5572482586983775,-0.16964261195476713,0.015014183276225711,-0.44699070671174823,-0.29248961850521304,negative,0.22521274914338565,21,tie,False,True
S_MEM_06,Vanilla PageRank,repropagation,future_child_future_child_count_median_3m,lift,0.1,3,-0.4952296980705544,0.09177732455025676,-0.7232172110665713,-0.26724218507453745,0.011255259042281519,-0.555548029742015,-0.38960960559141533,negative,0.20259466276106733,21,tie,False,True
S_MEM_06,Vanilla PageRank,repropagation,future_child_second_order_diffusion_share_3m,lift,0.1,3,-0.27540917409785,0.12428447315369359,-0.5841489208401357,0.03333057264443573,0.06166938325595032,-0.4187894526465872,-0.19840847368965697,negative,0.5550244493035529,21,tie,False,True
S_MEM_06,Vanilla PageRank,adoption_breadth,future_child_owner_breadth_3m,lift,0.1,6,0.3573962023221932,0.17967781467286298,0.16883589990586517,0.5459565047385213,0.004583795698145043,0.23404060241601043,0.4983590148796468,positive,0.09167591396290087,21,tie,False,False
S_MEM_06,Vanilla PageRank,adoption_breadth,future_high_download_child_owner_breadth_3m,lift,0.1,6,0.40421772771171827,0.2848581700618736,0.1052774117332369,0.7031580436901996,0.01773737460400985,0.2102677189086648,0.6271782789364462,positive,0.2483232444561379,21,tie,False,False
S_MEM_06,Vanilla PageRank,adoption_breadth,future_high_like_child_owner_breadth_3m,lift,0.1,6,0.0797256679255794,0.1831273374320577,-0.11245468661487988,0.2719060224660387,0.33500431666277436,-0.05567936419871892,0.21370012064298186,mixed,1.0,21,tie,False,False
S_MEM_06,Vanilla PageRank,adoption_breadth,future_cross_owner_reuse_share_3m,lift,0.1,6,0.46181264587370086,0.24362565345077217,0.20614320234951244,0.7174820893978893,0.005616392475100342,0.29148518909311516,0.6362570671988264,positive,0.1067114570269065,21,tie,False,False
S_MEM_12,AllTime DerivCount,quantity,future_direct_children_3m,lift,0.1,6,0.38418304338570347,0.2661023347144223,0.10492576947685833,0.6634403172945487,0.01662557475257021,0.19343167507707992,0.5772976693610218,positive,0.24938362128855318,21,tie,False,False
S_MEM_12,AllTime DerivCount,quantity,future_active_parent_months_3m,lift,0.1,6,0.3841447405209016,0.22153249940165115,0.15166064025357306,0.6166288407882301,0.008111199937026133,0.22072141922053912,0.5373951986479399,positive,0.15248495079254448,21,tie,False,False
S_MEM_12,AllTime DerivCount,quantity,future_active_parent_binary_3m,auc,0.01,6,0.03405214133964383,0.0395243748092313,-0.007426146229770544,0.0755304289090582,0.08858226450537486,0.00696834517539661,0.06325405140561446,positive,0.7136756917289881,21,tie,False,False
S_MEM_12,AllTime DerivCount,descendant_quality,future_child_download_quality_sum_3m,lift,0.1,6,0.30421692150742136,0.2654899028547224,0.025602355419153067,0.5828314875956897,0.03769026330312035,0.1091930155903907,0.4917238716782428,positive,0.41459289633432383,21,tie,False,False
S_MEM_12,AllTime DerivCount,descendant_quality,future_child_like_quality_sum_3m,lift,0.1,6,0.1925719302585834,0.10398537444027078,0.08344597229303433,0.30169788822413246,0.006189959330771981,0.12783974347877022,0.27505506997713464,positive,0.12379918661543962,21,tie,False,False
S_MEM_12,AllTime DerivCount,descendant_quality,future_high_download_child_count_3m,lift,0.1,6,0.21293479503811719,0.3645149981260751,-0.1696002352720039,0.5954698253482382,0.21186902850515305,-0.045687235032961494,0.46872161086840297,mixed,0.9123868257750545,21,tie,False,False
S_MEM_12,AllTime DerivCount,descendant_quality,future_high_like_child_count_3m,lift,0.1,6,0.10941461903611738,0.08653470929019541,0.018602011018948178,0.20022722705328658,0.0269404201415929,0.04714230925652981,0.17412384552968932,positive,0.3232850416991148,21,tie,False,False
S_MEM_12,AllTime DerivCount,descendant_quality,future_nonzero_like_child_share_3m,lift,0.1,6,0.11685465670461322,0.1388087448373528,-0.02881618725693251,0.26252550066615893,0.09418402236807381,0.016314521826423907,0.21600149363254925,positive,0.7136756917289881,21,tie,False,False
S_MEM_12,AllTime DerivCount,descendant_quality,future_nonzero_download_child_share_3m,lift,0.1,6,0.3087597268684327,0.2322777030754707,0.06499922690785673,0.5525202268290087,0.022544563301803933,0.13901570227277546,0.47332111346057837,positive,0.2930793229234511,21,tie,False,False
S_MEM_12,AllTime DerivCount,descendant_quality,future_child_download_quality_mean_3m,lift,0.1,6,0.28637239482656174,0.3087560770280709,-0.03764723644116563,0.6103920260942891,0.07226577112140432,0.06085345068604564,0.5003739317625571,positive,0.7136756917289881,21,tie,False,False
S_MEM_12,AllTime DerivCount,descendant_quality,future_child_download_quality_median_3m,lift,0.1,6,0.2883085518727175,0.3094816977023781,-0.03647257159167322,0.6130896753371082,0.07136756917289881,0.06632436292296491,0.5017907268191408,positive,0.7136756917289881,21,tie,False,False
S_MEM_12,AllTime DerivCount,descendant_quality,future_child_like_quality_mean_3m,lift,0.1,6,0.2299542512162446,0.14940925289515175,0.07315885629784008,0.3867496461346491,0.013023127239503409,0.10903150057171862,0.3302344950211613,positive,0.22139316307155796,21,tie,False,False
S_MEM_12,AllTime DerivCount,descendant_quality,future_child_like_quality_median_3m,lift,0.1,6,0.23010138401856395,0.15438306621184852,0.0680862921394286,0.39211647589769927,0.014735008581858982,0.1105616147420041,0.3353402793493707,positive,0.2357601373097437,21,tie,False,False
S_MEM_12,AllTime DerivCount,repropagation,future_child_becomes_parent_share_3m,lift,0.1,3,0.07897533541792938,0.06046882937950151,-0.07123756402722513,0.22918823486308387,0.15206447096250908,0.018090933447281188,0.13901984246265808,positive,0.9123868257750545,21,tie,False,False
S_MEM_12,AllTime DerivCount,repropagation,future_child_future_child_count_mean_3m,lift,0.1,3,0.08578900451820044,0.06867730246843352,-0.08481487248280513,0.25639288151920603,0.1629498271651388,0.02853132170500494,0.16193352958281082,positive,0.9123868257750545,21,tie,False,False
S_MEM_12,AllTime DerivCount,repropagation,future_child_future_child_count_median_3m,lift,0.1,3,0.06072565453744261,0.07106618669655235,-0.11581253986356496,0.23726384893845018,0.27700075673302865,0.0,0.1388870074355033,mixed,0.9123868257750545,21,tie,False,False
S_MEM_12,AllTime DerivCount,repropagation,future_child_second_order_diffusion_share_3m,lift,0.1,3,0.1742082812426015,0.14424643738538012,-0.1841197336476134,0.5325362961328164,0.1715620073250287,0.04653216140517813,0.3306807894827628,positive,0.9123868257750545,21,tie,False,False
S_MEM_12,AllTime DerivCount,adoption_breadth,future_child_owner_breadth_3m,lift,0.1,6,0.34089030147448046,0.1960751598620566,0.1351220406169357,0.5466585623320253,0.008025523725923394,0.19492519966641075,0.4761681454551195,positive,0.15248495079254448,21,tie,False,False
S_MEM_12,AllTime DerivCount,adoption_breadth,future_high_download_child_owner_breadth_3m,lift,0.1,6,0.16951653146041004,0.30720135309988933,-0.15287151710688449,0.49190458002770454,0.23441589573649346,-0.06392152108877454,0.38537994445127244,mixed,0.9123868257750545,21,tie,False,False
S_MEM_12,AllTime DerivCount,adoption_breadth,future_high_like_child_owner_breadth_3m,lift,0.1,6,0.10282846244020279,0.051021003259285276,0.04928520323665964,0.15637172164374594,0.004334283529592025,0.06500066144196115,0.13822443678411167,positive,0.09101995412143253,21,tie,False,False
S_MEM_12,AllTime DerivCount,adoption_breadth,future_cross_owner_reuse_share_3m,lift,0.1,6,0.42960080340848017,0.3042909552240994,0.11026703009831712,0.7489345767186433,0.018077053473260673,0.19845658551181536,0.6425415430003371,positive,0.25307874862564944,21,tie,False,False
S_MEM_12,Current DerivCount,quantity,future_direct_children_3m,lift,0.1,6,1.9175499850164919,0.606980138670621,1.2805633947865354,2.5545365752464484,0.0005758876949011717,1.4521204486291464,2.3300730578977293,positive,0.007146701325590016,21,win,True,False
S_MEM_12,Current DerivCount,quantity,future_active_parent_months_3m,lift,0.1,6,2.3927778783060325,0.6776519783177966,1.681625740813316,3.103930015798749,0.0003413294169037273,1.8899817782534987,2.8597623840757804,positive,0.0054612706704596364,21,win,True,False
S_MEM_12,Current DerivCount,quantity,future_active_parent_binary_3m,auc,0.01,6,0.17107376487589776,0.03788657815783701,0.13131423948335885,0.21083329026843667,0.00010522819029846552,0.14371291382026222,0.19826990209719075,positive,0.0018941074253723794,21,win,True,False
S_MEM_12,Current DerivCount,descendant_quality,future_child_download_quality_sum_3m,lift,0.1,6,1.521377791915235,0.47681113403657305,1.020995194358034,2.021760389472436,0.0005497462558146166,1.1612059032045663,1.8539899579720187,positive,0.007146701325590016,21,win,True,False
S_MEM_12,Current DerivCount,descendant_quality,future_child_like_quality_sum_3m,lift,0.1,6,1.698048862950199,0.7949600852025028,0.8637894172439444,2.5323083086564537,0.003375704160069032,1.1150977099665083,2.2801339396370324,positive,0.023629929120483225,21,win,True,False
S_MEM_12,Current DerivCount,descendant_quality,future_high_download_child_count_3m,lift,0.1,6,0.4648007125582212,0.3245482359440985,0.12420822689311334,0.8053931982233291,0.01713671142527426,0.24608604885135388,0.7138199935534516,positive,0.0856835571263713,21,tie,False,False
S_MEM_12,Current DerivCount,descendant_quality,future_high_like_child_count_3m,lift,0.1,6,1.756348064863565,0.7005568098848107,1.0211587807986091,2.491537348928521,0.001663394828234691,1.179926256812003,2.16342370162591,positive,0.01663394828234691,21,win,True,False
S_MEM_12,Current DerivCount,descendant_quality,future_nonzero_like_child_share_3m,lift,0.1,6,2.3937649328639523,0.3489683659537496,2.027545092435823,2.7599847732920817,1.3649174771482093e-05,2.162521652521409,2.6651318870117184,positive,0.00025933432065815975,21,win,True,False
S_MEM_12,Current DerivCount,descendant_quality,future_nonzero_download_child_share_3m,lift,0.1,6,2.3043442000831167,0.7031306442981957,1.566453842453564,3.0422345577126695,0.00048500296948818857,1.7957116472431238,2.8033369954193987,positive,0.00679004157283464,21,win,True,False
S_MEM_12,Current DerivCount,descendant_quality,future_child_download_quality_mean_3m,lift,0.1,6,1.9375132869900342,0.7931550655702287,1.1051480932166,2.7698784807634684,0.001868890537361784,1.3726005824809082,2.497695460652232,positive,0.016820014836256055,21,win,True,False
S_MEM_12,Current DerivCount,descendant_quality,future_child_download_quality_median_3m,lift,0.1,6,1.938926947347517,0.7964954904034225,1.1030561927017355,2.7747977019932986,0.001898139880576536,1.3805775429658986,2.4972763517291354,positive,0.016820014836256055,21,win,True,False
S_MEM_12,Current DerivCount,descendant_quality,future_child_like_quality_mean_3m,lift,0.1,6,2.6705562394452507,0.35547010620582065,2.2975132410752517,3.0435992378152497,8.715441621170523e-06,2.397824976264731,2.910100072582361,positive,0.00017430883242341045,21,win,True,False
S_MEM_12,Current DerivCount,descendant_quality,future_child_like_quality_median_3m,lift,0.1,6,2.7540504825244394,0.31486572065677315,2.4236191734856884,3.0844817915631904,4.107800847104745e-06,2.512947449077621,2.972934944820601,positive,8.626381778919965e-05,21,win,True,False
S_MEM_12,Current DerivCount,repropagation,future_child_becomes_parent_share_3m,lift,0.1,3,5.118340013384514,0.9861381310785542,2.6686370930076446,7.568042933761383,0.012148574449689574,4.4955699137062055,6.255307564114466,positive,0.07289144669813745,21,tie,False,False
S_MEM_12,Current DerivCount,repropagation,future_child_future_child_count_mean_3m,lift,0.1,3,5.485061894318392,1.4091761230690565,1.9844743445478046,8.98564944408898,0.021300752577115743,4.407755887691262,7.079809671736899,positive,0.0856835571263713,21,tie,False,False
S_MEM_12,Current DerivCount,repropagation,future_child_future_child_count_median_3m,lift,0.1,3,5.897629310108312,1.8714043296004004,1.2488032410727223,10.5464553791439,0.031962451576835145,4.718605223273796,8.05544643125922,positive,0.0856835571263713,21,tie,False,False
S_MEM_12,Current DerivCount,repropagation,future_child_second_order_diffusion_share_3m,lift,0.1,3,5.6538868379415375,1.6914602029258101,1.4520667599807373,9.855706915902338,0.028561781023449237,4.50996500350053,7.596840003717321,positive,0.0856835571263713,21,tie,False,False
S_MEM_12,Current DerivCount,adoption_breadth,future_child_owner_breadth_3m,lift,0.1,6,1.9322296772317828,0.5499270338516093,1.3551166485656188,2.509342705897947,0.00034938535404994525,1.530085571966193,2.3038762071637344,positive,0.0054612706704596364,21,win,True,False
S_MEM_12,Current DerivCount,adoption_breadth,future_high_download_child_owner_breadth_3m,lift,0.1,6,0.4347849297270987,0.32028997963415523,0.0986612099974572,0.7709086494567402,0.02089060924474359,0.21074208661187033,0.6818858443910224,positive,0.0856835571263713,21,tie,False,False
S_MEM_12,Current DerivCount,adoption_breadth,future_high_like_child_owner_breadth_3m,lift,0.1,6,1.95591318792094,0.5259716350120076,1.4039398085649766,2.5078865672769033,0.0002669818714195961,1.5344559197187027,2.298504460029918,positive,0.004538691814133133,21,win,True,False
S_MEM_12,Current DerivCount,adoption_breadth,future_cross_owner_reuse_share_3m,lift,0.1,6,2.5152847571596375,0.8617864026493849,1.610895392241622,3.419674122077653,0.0008317698788241871,1.8805718553267863,3.128267812425804,positive,0.009149468667066058,21,win,True,False
S_MEM_12,Vanilla PageRank,quantity,future_direct_children_3m,lift,0.1,6,0.38418304338570347,0.2661023347144223,0.10492576947685833,0.6634403172945487,0.01662557475257021,0.19482636105769688,0.5761160405276744,positive,0.24938362128855318,21,tie,False,False
S_MEM_12,Vanilla PageRank,quantity,future_active_parent_months_3m,lift,0.1,6,0.3841447405209016,0.22153249940165115,0.15166064025357306,0.6166288407882301,0.008111199937026133,0.2189757260403704,0.5416771591814556,positive,0.15248495079254448,21,tie,False,False
S_MEM_12,Vanilla PageRank,quantity,future_active_parent_binary_3m,auc,0.01,6,0.03489956734565208,0.03959315034232859,-0.006650895719347433,0.0764500304106516,0.08328013678137233,0.00775729872297833,0.06438980974798707,positive,0.7136756917289919,21,tie,False,False
S_MEM_12,Vanilla PageRank,descendant_quality,future_child_download_quality_sum_3m,lift,0.1,6,0.30421692150742113,0.2654899028547227,0.02560235541915251,0.5828314875956897,0.03769026330312058,0.10919301559039003,0.4955268711755214,positive,0.4145928963343264,21,tie,False,False
S_MEM_12,Vanilla PageRank,descendant_quality,future_child_like_quality_sum_3m,lift,0.1,6,0.19257193025858324,0.10398537444027088,0.08344597229303403,0.30169788822413246,0.006189959330772025,0.12783974347877006,0.2750550699771345,positive,0.12379918661544051,21,tie,False,False
S_MEM_12,Vanilla PageRank,descendant_quality,future_high_download_child_count_3m,lift,0.1,6,0.21293479503811719,0.3645149981260751,-0.1696002352720039,0.5954698253482382,0.21186902850515305,-0.060615247819501644,0.46869337967629915,mixed,0.9123868257750545,21,tie,False,False
S_MEM_12,Vanilla PageRank,descendant_quality,future_high_like_child_count_3m,lift,0.1,6,0.10941461903611738,0.08653470929019541,0.018602011018948178,0.20022722705328658,0.0269404201415929,0.047642655570470906,0.1727422916778044,positive,0.3232850416991148,21,tie,False,False
S_MEM_12,Vanilla PageRank,descendant_quality,future_nonzero_like_child_share_3m,lift,0.1,6,0.11685465670461322,0.13880874483735245,-0.02881618725693215,0.2625255006661586,0.09418402236807313,0.015539964859829189,0.2147484136195157,positive,0.7136756917289919,21,tie,False,False
S_MEM_12,Vanilla PageRank,descendant_quality,future_nonzero_download_child_share_3m,lift,0.1,6,0.3087597268684327,0.23227770307547085,0.06499922690785656,0.5525202268290089,0.02254456330180399,0.13901570227277546,0.47794451170637897,positive,0.2930793229234519,21,tie,False,False
S_MEM_12,Vanilla PageRank,descendant_quality,future_child_download_quality_mean_3m,lift,0.1,6,0.286372394826562,0.3087560770280712,-0.03764723644116569,0.6103920260942897,0.07226577112140432,0.060853450686045786,0.5018353235863087,positive,0.7136756917289919,21,tie,False,False
S_MEM_12,Vanilla PageRank,descendant_quality,future_child_download_quality_median_3m,lift,0.1,6,0.2883085518727169,0.30948169770237804,-0.036472571591673775,0.6130896753371076,0.07136756917289919,0.0687593552053593,0.5041811112414253,positive,0.7136756917289919,21,tie,False,False
S_MEM_12,Vanilla PageRank,descendant_quality,future_child_like_quality_mean_3m,lift,0.1,6,0.2299542512162446,0.14940925289515222,0.07315885629783961,0.38674964613464957,0.013023127239503567,0.11401653642209124,0.3302216310352679,positive,0.22139316307156065,21,tie,False,False
S_MEM_12,Vanilla PageRank,descendant_quality,future_child_like_quality_median_3m,lift,0.1,6,0.2301013840185635,0.15438306621184872,0.06808629213942793,0.39211647589769905,0.014735008581859154,0.11056161474200381,0.3325533978475749,positive,0.23576013730974646,21,tie,False,False
S_MEM_12,Vanilla PageRank,repropagation,future_child_becomes_parent_share_3m,lift,0.1,3,0.07897533541792938,0.06046882937950151,-0.07123756402722513,0.22918823486308387,0.15206447096250908,0.018090933447281188,0.13901984246265808,positive,0.9123868257750545,21,tie,False,False
S_MEM_12,Vanilla PageRank,repropagation,future_child_future_child_count_mean_3m,lift,0.1,3,0.08578900451820044,0.06867730246843352,-0.08481487248280513,0.25639288151920603,0.1629498271651388,0.02853132170500494,0.16193352958281082,positive,0.9123868257750545,21,tie,False,False
S_MEM_12,Vanilla PageRank,repropagation,future_child_future_child_count_median_3m,lift,0.1,3,0.06072565453744261,0.07106618669655235,-0.11581253986356496,0.23726384893845018,0.27700075673302865,0.0,0.1388870074355033,mixed,0.9123868257750545,21,tie,False,False
S_MEM_12,Vanilla PageRank,repropagation,future_child_second_order_diffusion_share_3m,lift,0.1,3,0.1742082812426015,0.14424643738538012,-0.1841197336476134,0.5325362961328164,0.1715620073250287,0.04653216140517813,0.3306807894827628,positive,0.9123868257750545,21,tie,False,False
S_MEM_12,Vanilla PageRank,adoption_breadth,future_child_owner_breadth_3m,lift,0.1,6,0.34089030147448046,0.1960751598620566,0.1351220406169357,0.5466585623320253,0.008025523725923394,0.19653211829785025,0.484179289694947,positive,0.15248495079254448,21,tie,False,False
S_MEM_12,Vanilla PageRank,adoption_breadth,future_high_download_child_owner_breadth_3m,lift,0.1,6,0.16951653146041004,0.30720135309988933,-0.15287151710688449,0.49190458002770454,0.23441589573649346,-0.055101895732122985,0.38537994445127244,mixed,0.9123868257750545,21,tie,False,False
S_MEM_12,Vanilla PageRank,adoption_breadth,future_high_like_child_owner_breadth_3m,lift,0.1,6,0.10282846244020279,0.051021003259285276,0.04928520323665964,0.15637172164374594,0.004334283529592025,0.06571157347111156,0.14035786373198858,positive,0.09101995412143253,21,tie,False,False
S_MEM_12,Vanilla PageRank,adoption_breadth,future_cross_owner_reuse_share_3m,lift,0.1,6,0.4296008034084801,0.3042909552240994,0.11026703009831706,0.7489345767186432,0.018077053473260673,0.1992730106434546,0.642541543000337,positive,0.25307874862564944,21,tie,False,False
S_Q_000,AllTime DerivCount,quantity,future_direct_children_3m,lift,0.1,6,-1.3163560395242955,0.4353813260582845,-1.7732607200350334,-0.8594513590135575,0.0007064867159809995,-1.6298591714995139,-1.010857847575626,negative,0.008477840591771995,21,loss,False,True
S_Q_000,AllTime DerivCount,quantity,future_active_parent_months_3m,lift,0.1,6,-1.7484766127162892,0.48425706028783416,-2.256673230653601,-1.2402799947789775,0.00030710405043691776,-2.0938827889144718,-1.4032569933697456,negative,0.004606560756553767,21,loss,False,True
S_Q_000,AllTime DerivCount,quantity,future_active_parent_binary_3m,auc,0.01,6,-0.12221296955107251,0.023930289206070248,-0.1473262679169408,-0.09709967118520421,5.7915550608062965e-05,-0.14000708345065013,-0.10545345052271317,negative,0.0010424799109451334,21,loss,False,True
S_Q_000,AllTime DerivCount,descendant_quality,future_child_download_quality_sum_3m,lift,0.1,6,-0.9980578837667672,0.228291711549415,-1.237635342159577,-0.7584804253739574,0.00012298577095059884,-1.1684792359517555,-0.8388458607082696,negative,0.0020907581061601803,21,loss,False,True
S_Q_000,AllTime DerivCount,descendant_quality,future_child_like_quality_sum_3m,lift,0.1,6,-1.0154679726885187,0.7210381424893721,-1.7721510971412648,-0.25878484823577264,0.018243180274130782,-1.5381561688478247,-0.47676111347708433,negative,0.12770226191891548,21,tie,False,True
S_Q_000,AllTime DerivCount,descendant_quality,future_high_download_child_count_3m,lift,0.1,6,-0.12077822125400002,0.4832936622266055,-0.6279638149304515,0.38640737242245143,0.5672071556114263,-0.4598237245595636,0.24290939786867896,mixed,1.0,21,tie,False,True
S_Q_000,AllTime DerivCount,descendant_quality,future_high_like_child_count_3m,lift,0.1,6,-1.1534628629284531,0.6636369986922557,-1.8499071813097108,-0.45701854454719537,0.0080344738016397,-1.56009185604597,-0.6188693002650504,negative,0.0642757904131176,21,tie,False,True
S_Q_000,AllTime DerivCount,descendant_quality,future_nonzero_like_child_share_3m,lift,0.1,6,-1.8498460507155547,0.26268040665500764,-2.12551223136169,-1.5741798700694194,1.1991515021230696e-05,-2.0287001708819883,-1.653142155907562,negative,0.0002278387854033832,21,loss,False,True
S_Q_000,AllTime DerivCount,descendant_quality,future_nonzero_download_child_share_3m,lift,0.1,6,-1.7563384053982354,0.5126011011295016,-2.29428026997346,-1.2183965408230106,0.0003934520654147646,-2.1309007789565078,-1.3868932650628636,negative,0.005508328915806705,21,loss,False,True
S_Q_000,AllTime DerivCount,descendant_quality,future_child_download_quality_mean_3m,lift,0.1,6,-1.4305763804476725,0.47735887213788,-1.931533793889714,-0.9296189670056312,0.000736041820380069,-1.772090988078364,-1.107594046852786,negative,0.008477840591771995,21,loss,False,True
S_Q_000,AllTime DerivCount,descendant_quality,future_child_download_quality_median_3m,lift,0.1,6,-1.4308547122637438,0.48003550793150257,-1.934621082702634,-0.9270883418248536,0.0007546790245385083,-1.7853676530364284,-1.106326755321592,negative,0.008477840591771995,21,loss,False,True
S_Q_000,AllTime DerivCount,descendant_quality,future_child_like_quality_mean_3m,lift,0.1,6,-1.9374484072294125,0.26347062879159816,-2.2139438751491207,-1.6609529393097042,9.687244876134119e-06,-2.1193838697804352,-1.7532129393001776,negative,0.00019374489752268238,21,loss,False,True
S_Q_000,AllTime DerivCount,descendant_quality,future_child_like_quality_median_3m,lift,0.1,6,-2.011316124111965,0.22952622237653053,-2.2521891221645873,-1.7704431260593427,4.070415863720167e-06,-2.1660516981805378,-1.8520123257455532,negative,8.547873313812352e-05,21,loss,False,True
S_Q_000,AllTime DerivCount,repropagation,future_child_becomes_parent_share_3m,lift,0.1,3,-3.640537902294014,0.944931791112184,-5.987878599598487,-1.2931972049895415,0.02172761455897385,-4.726089297025237,-3.0024746564118114,negative,0.1303656873538431,21,tie,False,True
S_Q_000,AllTime DerivCount,repropagation,future_child_future_child_count_mean_3m,lift,0.1,3,-3.933477661182812,1.189135195328489,-6.8874532442313,-0.979502078134324,0.029139083670992206,-5.29854084632598,-3.1225155886073943,negative,0.14569541835496103,21,tie,False,True
S_Q_000,AllTime DerivCount,repropagation,future_child_future_child_count_median_3m,lift,0.1,3,-4.2513686974839295,1.4903020463771945,-7.95348421274233,-0.5492531822255291,0.03860457199018032,-5.9721413197266635,-3.3766165817922573,negative,0.15441828796072127,21,tie,False,True
S_Q_000,AllTime DerivCount,repropagation,future_child_second_order_diffusion_share_3m,lift,0.1,3,-4.139727247404745,1.565563068322093,-8.02880150549902,-0.250652989310471,0.04451435853800495,-5.943436056303509,-3.1331655346152245,negative,0.15441828796072127,21,tie,False,True
S_Q_000,AllTime DerivCount,adoption_breadth,future_child_owner_breadth_3m,lift,0.1,6,-1.364291896250337,0.3513936412905261,-1.7330569070534403,-0.9955268854472338,0.00021738995281856563,-1.6217284718153653,-1.1068553206853082,negative,0.00347823924509705,21,loss,False,True
S_Q_000,AllTime DerivCount,adoption_breadth,future_high_download_child_owner_breadth_3m,lift,0.1,6,-0.13811149883379703,0.4746193249324436,-0.636193933801276,0.3599709361336819,0.5078508830216715,-0.4729894137474704,0.19969176764895127,mixed,1.0,21,tie,False,True
S_Q_000,AllTime DerivCount,adoption_breadth,future_high_like_child_owner_breadth_3m,lift,0.1,6,-1.375659086959672,0.44164269613576584,-1.8391346723842972,-0.912183501535047,0.0006150957309594248,-1.640035254786224,-1.0197874974192553,negative,0.007996244502472521,21,loss,False,True
S_Q_000,AllTime DerivCount,adoption_breadth,future_cross_owner_reuse_share_3m,lift,0.1,6,-1.8381027168043538,0.617932118024458,-2.486582704495632,-1.1896227291130756,0.0007619005875895004,-2.3322932081583367,-1.404656595981576,negative,0.008477840591771995,21,loss,False,True
S_Q_000,Current DerivCount,quantity,future_direct_children_3m,lift,0.1,6,0.21701090210649313,0.06185873168491928,0.15209414443757585,0.2819276597754104,0.00035195514404829905,0.16734483312399742,0.25255468902680706,positive,0.006687147736917682,21,win,True,False
S_Q_000,Current DerivCount,quantity,future_active_parent_months_3m,lift,0.1,6,0.2601565250688418,0.08725281252812112,0.16859031392066864,0.35172273621701494,0.0007536084522211899,0.2008947401570537,0.32816507227758374,positive,0.012057735235539038,21,win,True,False
S_Q_000,Current DerivCount,quantity,future_active_parent_binary_3m,auc,0.01,6,0.014808653985181441,0.004379378990100601,0.010212777592358188,0.019404530378004693,0.00041866789298942975,0.011664134577591042,0.01807769671526673,positive,0.007536022073809736,21,win,True,False
S_Q_000,Current DerivCount,descendant_quality,future_child_download_quality_sum_3m,lift,0.1,6,0.2191029866410462,0.06028099894004035,0.1558419579448358,0.2823640153372566,0.000297580884775152,0.17531251965610992,0.2588743056724511,positive,0.00595161769550304,21,win,True,False
S_Q_000,Current DerivCount,descendant_quality,future_child_like_quality_sum_3m,lift,0.1,6,0.49000896000309674,0.22984415098186645,0.2488023163410925,0.731215603665101,0.0034039232425870382,0.3475338031043509,0.6691082084120404,positive,0.02654601097898432,21,win,True,False
S_Q_000,Current DerivCount,descendant_quality,future_high_download_child_count_3m,lift,0.1,6,0.13108769626610403,0.07413218110807453,0.05329074334806684,0.20888464918414124,0.007489279435117492,0.0723869210497093,0.17883012670238593,positive,0.0350557938792489,21,win,True,False
S_Q_000,Current DerivCount,descendant_quality,future_high_like_child_count_3m,lift,0.1,6,0.49347058289899426,0.22160493657004207,0.26091046448550315,0.7260307013124854,0.002815731807265274,0.34930604186858144,0.6632112525129416,positive,0.02654601097898432,21,win,True,False
S_Q_000,Current DerivCount,descendant_quality,future_nonzero_like_child_share_3m,lift,0.1,6,0.42706422544378403,0.20087457926111058,0.21625928281806384,0.6378691680695042,0.0034449815143564274,0.2870497503931591,0.566974131291284,positive,0.02654601097898432,21,win,True,False
S_Q_000,Current DerivCount,descendant_quality,future_nonzero_download_child_share_3m,lift,0.1,6,0.23924606781644844,0.08122790594609446,0.154002608362498,0.3244895272703989,0.0007975249056865549,0.1799969862486941,0.2998584852186828,positive,0.012057735235539038,21,win,True,False
S_Q_000,Current DerivCount,descendant_quality,future_child_download_quality_mean_3m,lift,0.1,6,0.22056451171580008,0.08054954947932352,0.13603294371463295,0.3050960797169672,0.0011151192033069983,0.16886224097076866,0.2838969454694687,positive,0.014496549642990977,21,win,True,False
S_Q_000,Current DerivCount,descendant_quality,future_child_download_quality_median_3m,lift,0.1,6,0.21976368321105574,0.08114292687240378,0.13460940382568165,0.30491796259642984,0.0011724292851049986,0.16698063856939838,0.2846615879781779,positive,0.014496549642990977,21,win,True,False
S_Q_000,Current DerivCount,descendant_quality,future_child_like_quality_mean_3m,lift,0.1,6,0.5031535809995938,0.22147176260729884,0.27073322008891165,0.735573941910276,0.0025786297216806044,0.34564350338620864,0.6606636586129789,positive,0.02654601097898432,21,win,True,False
S_Q_000,Current DerivCount,descendant_quality,future_child_like_quality_median_3m,lift,0.1,6,0.5126329743939106,0.2378102012149977,0.26306647370805675,0.7621994750797645,0.0032443715648432445,0.342581721671388,0.6878972071663805,positive,0.02654601097898432,21,win,True,False
S_Q_000,Current DerivCount,repropagation,future_child_becomes_parent_share_3m,lift,0.1,3,1.39882677567257,0.012595125584720908,1.3675387492237212,1.430114802121419,2.702329309844146e-05,1.3901984246265708,1.4132800269505459,positive,0.0005674891550672707,21,win,True,False
S_Q_000,Current DerivCount,repropagation,future_child_future_child_count_mean_3m,lift,0.1,3,1.4657952286173799,0.21636771019388978,0.9283080401263326,2.0032824171084274,0.007184835289745276,1.2183381368170814,1.619335295828107,positive,0.0350557938792489,21,win,True,False
S_Q_000,Current DerivCount,repropagation,future_child_future_child_count_median_3m,lift,0.1,3,1.5855349580869396,0.3288334774742614,0.7686673158172471,2.402402600356632,0.01403652313138543,1.2986986853047138,1.9444181040970527,positive,0.0350557938792489,21,win,True,False
S_Q_000,Current DerivCount,repropagation,future_child_second_order_diffusion_share_3m,lift,0.1,3,1.3399513092941902,0.3269330502805684,0.5278045898847277,2.1520980287036524,0.01927173624625809,1.021972959365164,1.6751578105863576,positive,0.0350557938792489,21,win,True,False
S_Q_000,Current DerivCount,adoption_breadth,future_child_owner_breadth_3m,lift,0.1,6,0.22704747950696547,0.07094899173657139,0.15259107896392177,0.30150388005000917,0.0005422234606655316,0.1688235150711339,0.27767592263463564,positive,0.009217798831314038,21,win,True,False
S_Q_000,Current DerivCount,adoption_breadth,future_high_download_child_owner_breadth_3m,lift,0.1,6,0.12715689943289163,0.0707622652319219,0.05289645633874031,0.20141734252704296,0.00701115877584978,0.0723840761867905,0.17301085823333393,positive,0.0350557938792489,21,win,True,False
S_Q_000,Current DerivCount,adoption_breadth,future_high_like_child_owner_breadth_3m,lift,0.1,6,0.4774256385210647,0.2070120242991406,0.260179842334533,0.6946714347075964,0.002413273725362211,0.3343912238641599,0.6281948693202736,positive,0.02654601097898432,21,win,True,False
S_Q_000,Current DerivCount,adoption_breadth,future_cross_owner_reuse_share_3m,lift,0.1,6,0.24758123694680365,0.08608512617021023,0.15724043747884253,0.33792203641476476,0.0008902437193867814,0.19145592557627833,0.3122865432430246,positive,0.012463412071414938,21,win,True,False
S_Q_000,Vanilla PageRank,quantity,future_direct_children_3m,lift,0.1,6,-1.3163560395242955,0.4353813260582845,-1.7732607200350334,-0.8594513590135575,0.0007064867159809995,-1.629859171499514,-1.0165149425055124,negative,0.008477840591771995,21,loss,False,True
S_Q_000,Vanilla PageRank,quantity,future_active_parent_months_3m,lift,0.1,6,-1.7484766127162892,0.48425706028783416,-2.256673230653601,-1.2402799947789775,0.00030710405043691776,-2.0936962320628325,-1.4032569933697456,negative,0.004606560756553767,21,loss,False,True
S_Q_000,Vanilla PageRank,quantity,future_active_parent_binary_3m,auc,0.01,6,-0.12136554354506425,0.023981587852937594,-0.14653267653923358,-0.09619841055089492,6.053757477107849e-05,-0.13865201326248244,-0.10453583558457567,negative,0.0010896763458794127,21,loss,False,True
S_Q_000,Vanilla PageRank,descendant_quality,future_child_download_quality_sum_3m,lift,0.1,6,-0.9980578837667675,0.22829171154941477,-1.2376353421595772,-0.758480425373958,0.0001229857709505981,-1.1651167337646218,-0.8376289377164775,negative,0.0020907581061601677,21,loss,False,True
S_Q_000,Vanilla PageRank,descendant_quality,future_child_like_quality_sum_3m,lift,0.1,6,-1.015467972688519,0.7210381424893721,-1.772151097141265,-0.25878484823577286,0.01824318027413076,-1.5014596203928476,-0.4867513789451363,negative,0.12770226191891532,21,tie,False,True
S_Q_000,Vanilla PageRank,descendant_quality,future_high_download_child_count_3m,lift,0.1,6,-0.12077822125400002,0.4832936622266055,-0.6279638149304515,0.38640737242245143,0.5672071556114263,-0.4598237245595636,0.24290939786867896,mixed,1.0,21,tie,False,True
S_Q_000,Vanilla PageRank,descendant_quality,future_high_like_child_count_3m,lift,0.1,6,-1.1534628629284531,0.6636369986922557,-1.8499071813097108,-0.45701854454719537,0.0080344738016397,-1.5504000784108596,-0.6034880740063716,negative,0.0642757904131176,21,tie,False,True
S_Q_000,Vanilla PageRank,descendant_quality,future_nonzero_like_child_share_3m,lift,0.1,6,-1.8498460507155547,0.2626804066550074,-2.12551223136169,-1.5741798700694196,1.1991515021230631e-05,-2.0287031186084867,-1.6483429702054,negative,0.000227838785403382,21,loss,False,True
S_Q_000,Vanilla PageRank,descendant_quality,future_nonzero_download_child_share_3m,lift,0.1,6,-1.7563384053982354,0.5126011011295012,-2.2942802699734597,-1.218396540823011,0.0003934520654147632,-2.1309007789565078,-1.3938446231999995,negative,0.005508328915806685,21,loss,False,True
S_Q_000,Vanilla PageRank,descendant_quality,future_child_download_quality_mean_3m,lift,0.1,6,-1.4305763804476719,0.4773588721378797,-1.931533793889713,-0.9296189670056307,0.000736041820380069,-1.784502195352263,-1.1089471640563626,negative,0.008477840591771995,21,loss,False,True
S_Q_000,Vanilla PageRank,descendant_quality,future_child_download_quality_median_3m,lift,0.1,6,-1.4308547122637443,0.48003550793150274,-1.9346210827026347,-0.9270883418248539,0.000754679024538509,-1.78536765303643,-1.1028106219119886,negative,0.008477840591771995,21,loss,False,True
S_Q_000,Vanilla PageRank,descendant_quality,future_child_like_quality_mean_3m,lift,0.1,6,-1.9374484072294127,0.2634706287915981,-2.2139438751491207,-1.6609529393097047,9.687244876134084e-06,-2.1180129576996354,-1.7532129393001779,negative,0.00019374489752268167,21,loss,False,True
S_Q_000,Vanilla PageRank,descendant_quality,future_child_like_quality_median_3m,lift,0.1,6,-2.0113161241119655,0.22952622237653092,-2.252189122164588,-1.7704431260593427,4.070415863720197e-06,-2.1656746049623075,-1.8520123257455534,negative,8.547873313812414e-05,21,loss,False,True
S_Q_000,Vanilla PageRank,repropagation,future_child_becomes_parent_share_3m,lift,0.1,3,-3.640537902294014,0.944931791112184,-5.987878599598487,-1.2931972049895415,0.02172761455897385,-4.726089297025237,-3.0024746564118114,negative,0.1303656873538431,21,tie,False,True
S_Q_000,Vanilla PageRank,repropagation,future_child_future_child_count_mean_3m,lift,0.1,3,-3.933477661182812,1.189135195328489,-6.8874532442313,-0.979502078134324,0.029139083670992206,-5.29854084632598,-3.1225155886073943,negative,0.14569541835496103,21,tie,False,True
S_Q_000,Vanilla PageRank,repropagation,future_child_future_child_count_median_3m,lift,0.1,3,-4.2513686974839295,1.4903020463771945,-7.95348421274233,-0.5492531822255291,0.03860457199018032,-5.9721413197266635,-3.3766165817922573,negative,0.15441828796072127,21,tie,False,True
S_Q_000,Vanilla PageRank,repropagation,future_child_second_order_diffusion_share_3m,lift,0.1,3,-4.139727247404745,1.565563068322093,-8.02880150549902,-0.250652989310471,0.04451435853800495,-5.943436056303509,-3.1331655346152245,negative,0.15441828796072127,21,tie,False,True
S_Q_000,Vanilla PageRank,adoption_breadth,future_child_owner_breadth_3m,lift,0.1,6,-1.364291896250337,0.3513936412905261,-1.7330569070534403,-0.9955268854472338,0.00021738995281856563,-1.6217284718153653,-1.106645675643594,negative,0.00347823924509705,21,loss,False,True
S_Q_000,Vanilla PageRank,adoption_breadth,future_high_download_child_owner_breadth_3m,lift,0.1,6,-0.13811149883379703,0.4746193249324436,-0.636193933801276,0.3599709361336819,0.5078508830216715,-0.4729894137474704,0.20851607155924792,mixed,1.0,21,tie,False,True
S_Q_000,Vanilla PageRank,adoption_breadth,future_high_like_child_owner_breadth_3m,lift,0.1,6,-1.375659086959672,0.44164269613576584,-1.8391346723842972,-0.912183501535047,0.0006150957309594248,-1.6394380887835023,-1.0197874974192553,negative,0.007996244502472521,21,loss,False,True
S_Q_000,Vanilla PageRank,adoption_breadth,future_cross_owner_reuse_share_3m,lift,0.1,6,-1.8381027168043536,0.6179321180244582,-2.486582704495632,-1.1896227291130754,0.0007619005875895019,-2.2820390364260095,-1.4172680101118988,negative,0.008477840591771995,21,loss,False,True
S_Q_005,AllTime DerivCount,quantity,future_direct_children_3m,lift,0.1,6,0.33129565322430565,0.22100999303329946,0.099359889761998,0.5632314166866133,0.014416218822879788,0.17019857763060045,0.4888226071168716,positive,0.2162432823431968,21,tie,False,False
S_Q_005,AllTime DerivCount,quantity,future_active_parent_months_3m,lift,0.1,6,0.3541159851656665,0.2260871495446243,0.11685207271104461,0.5913798976202884,0.012165819480658159,0.1894117921625591,0.5140970412456908,positive,0.200514388635534,21,tie,False,False
S_Q_005,AllTime DerivCount,quantity,future_active_parent_binary_3m,auc,0.01,6,0.03341653662792352,0.03871721272987438,-0.007214686288241144,0.07404775954408818,0.08815834243288313,0.006997351083638381,0.062207790510227234,positive,0.7934250818959482,21,tie,False,False
S_Q_005,AllTime DerivCount,descendant_quality,future_child_download_quality_sum_3m,lift,0.1,6,0.2546541421017141,0.2461148671532503,-0.003627570997172258,0.5129358552006005,0.05224405144563698,0.0734800937532758,0.42690013348319994,positive,0.5224405144563697,21,tie,False,False
S_Q_005,AllTime DerivCount,descendant_quality,future_child_like_quality_sum_3m,lift,0.1,6,0.21724052596540622,0.09102391810347417,0.12171678222464714,0.3127642697061653,0.002073254231293222,0.157731581408109,0.2906785416615887,positive,0.03939183039457122,21,win,True,False
S_Q_005,AllTime DerivCount,descendant_quality,future_high_download_child_count_3m,lift,0.1,6,0.133419178818179,0.3706403461980229,-0.2555440100654123,0.5223823677017703,0.41828138763205763,-0.14351077831679668,0.4044511476788532,mixed,0.8909595549476689,21,tie,False,False
S_Q_005,AllTime DerivCount,descendant_quality,future_high_like_child_count_3m,lift,0.1,6,0.1328607616071978,0.11483329411441383,0.012350610116874175,0.25337091309752147,0.03650143187359776,0.0445513200452922,0.2121992069116534,positive,0.40151575060957534,21,tie,False,False
S_Q_005,AllTime DerivCount,descendant_quality,future_nonzero_like_child_share_3m,lift,0.1,6,0.18079256887108905,0.14918538279366098,0.02423211121589608,0.337353026526282,0.031212819045291704,0.0720369522031749,0.2858180349066218,positive,0.3940658173049782,21,tie,False,False
S_Q_005,AllTime DerivCount,descendant_quality,future_nonzero_download_child_share_3m,lift,0.1,6,0.29274413954712925,0.2395155162600383,0.04138802047575896,0.5441002586184995,0.030312755177306014,0.12313688527740789,0.46036682683553276,positive,0.3940658173049782,21,tie,False,False
S_Q_005,AllTime DerivCount,descendant_quality,future_child_download_quality_mean_3m,lift,0.1,6,0.2585268600420168,0.3302295852760158,-0.08802783609470433,0.6050815561787379,0.1132720544431672,0.01149984811872858,0.4846402886985659,positive,0.8909595549476689,21,tie,False,False
S_Q_005,AllTime DerivCount,descendant_quality,future_child_download_quality_median_3m,lift,0.1,6,0.26072991297941206,0.3307650405401568,-0.08638670899506862,0.6078465349538927,0.11136994436845861,0.019398979209737172,0.4964320299936527,positive,0.8909595549476689,21,tie,False,False
S_Q_005,AllTime DerivCount,descendant_quality,future_child_like_quality_mean_3m,lift,0.1,6,0.29499208964525697,0.11080236163623172,0.17871214235955188,0.41127203693096204,0.0012676209513032804,0.21423847947209915,0.37327890231456884,positive,0.02662003997736889,21,win,True,False
S_Q_005,AllTime DerivCount,descendant_quality,future_child_like_quality_median_3m,lift,0.1,6,0.29774904542591624,0.11739881350753864,0.1745465464496031,0.42095154440222937,0.0015790673892146568,0.21230552298577918,0.3831925678660533,positive,0.03158134778429313,21,win,True,False
S_Q_005,AllTime DerivCount,repropagation,future_child_becomes_parent_share_3m,lift,0.1,3,0.2134223628889472,0.14137099223071709,-0.13776265025458798,0.5646073760324823,0.12040642239532687,0.07981523034384708,0.36145159040290853,positive,0.8909595549476689,21,tie,False,False
S_Q_005,AllTime DerivCount,repropagation,future_child_future_child_count_mean_3m,lift,0.1,3,0.15347570187549722,0.10473181966794944,-0.10669256097866678,0.41364396472966125,0.12644480542056483,0.06690216226678558,0.2698892159713502,positive,0.8909595549476689,21,tie,False,False
S_Q_005,AllTime DerivCount,repropagation,future_child_future_child_count_median_3m,lift,0.1,3,0.14305675427449258,0.12108610393883597,-0.1577378028851625,0.4438513114341477,0.17734275923654969,0.04328995617682452,0.2777740148710066,positive,0.8909595549476689,21,tie,False,False
S_Q_005,AllTime DerivCount,repropagation,future_child_second_order_diffusion_share_3m,lift,0.1,3,0.1742082812426015,0.14424643738538012,-0.1841197336476134,0.5325362961328164,0.1715620073250287,0.04653216140517813,0.3306807894827628,positive,0.8909595549476689,21,tie,False,False
S_Q_005,AllTime DerivCount,adoption_breadth,future_child_owner_breadth_3m,lift,0.1,6,0.3068525962996896,0.19436638920046542,0.10287758027482724,0.5108276123245519,0.011794964037384352,0.16806969798348778,0.44768965956565276,positive,0.200514388635534,21,tie,False,False
S_Q_005,AllTime DerivCount,adoption_breadth,future_high_download_child_owner_breadth_3m,lift,0.1,6,0.13300456404423366,0.3317430487718113,-0.21513841462465688,0.4811475427131242,0.37116807712664446,-0.11025324235978522,0.37626237044825256,mixed,0.8909595549476689,21,tie,False,False
S_Q_005,AllTime DerivCount,adoption_breadth,future_high_like_child_owner_breadth_3m,lift,0.1,6,0.1531651283922054,0.07129245480361053,0.07834828546562284,0.22798197131878795,0.003292077912251332,0.10529108231468354,0.20628961300661794,positive,0.05925740242052397,21,tie,False,False
S_Q_005,AllTime DerivCount,adoption_breadth,future_cross_owner_reuse_share_3m,lift,0.1,6,0.4167897051146812,0.327165959795258,0.07345008674476083,0.7601293234846016,0.02623733729489973,0.17844412659890865,0.6539402290047605,positive,0.3673227221285962,21,tie,False,False
S_Q_005,Current DerivCount,quantity,future_direct_children_3m,lift,0.1,6,1.8646625948550943,0.5954293334197924,1.239797831324855,2.4895273583853337,0.0005999008541360718,1.4107049209327513,2.2836546624911507,positive,0.008398611957905006,21,win,True,False
S_Q_005,Current DerivCount,quantity,future_active_parent_months_3m,lift,0.1,6,2.362749122950797,0.7052081238923673,1.622678584193964,3.1028196617076302,0.000437225384051212,1.8521919073040474,2.8709022975202303,positive,0.00655838076076818,21,win,True,False
S_Q_005,Current DerivCount,quantity,future_active_parent_binary_3m,auc,0.01,6,0.17043816016417748,0.03793879005498959,0.13062384174594008,0.2102524785824149,0.00010785255512992704,0.14321297836679828,0.19834597931221717,positive,0.0019413459923386866,21,win,True,False
S_Q_005,Current DerivCount,descendant_quality,future_child_download_quality_sum_3m,lift,0.1,6,1.4718150125095277,0.4728990114404196,0.9755379358323726,1.9680920891866829,0.0006174427798680177,1.116091046584486,1.795481191927303,positive,0.008398611957905006,21,win,True,False
S_Q_005,Current DerivCount,descendant_quality,future_child_like_quality_sum_3m,lift,0.1,6,1.7227174586570217,0.7858844605121995,0.8979822969550914,2.547452620358952,0.003016030008533313,1.1406943055694507,2.281411369467406,positive,0.022378931521030612,21,win,True,False
S_Q_005,Current DerivCount,descendant_quality,future_high_download_child_count_3m,lift,0.1,6,0.385285096338283,0.2503780665984894,0.12252942980157794,0.648040762874988,0.01303219292347753,0.2168131098211005,0.5845595575171094,positive,0.06516096461738766,21,tie,False,False
S_Q_005,Current DerivCount,descendant_quality,future_high_like_child_count_3m,lift,0.1,6,1.7797942074346451,0.7124678298977718,1.0321050744605738,2.5274833404087165,0.001690515632271919,1.197656224512517,2.1975513529983215,positive,0.01690515632271919,21,win,True,False
S_Q_005,Current DerivCount,descendant_quality,future_nonzero_like_child_share_3m,lift,0.1,6,2.4577028450304277,0.44063856867273,1.9952810267525107,2.9201246633083446,3.7677341050146795e-05,2.1699581946886908,2.795244600090539,positive,0.0007158694799527892,21,win,True,False
S_Q_005,Current DerivCount,descendant_quality,future_nonzero_download_child_share_3m,lift,0.1,6,2.2883286127618128,0.744077821844423,1.5074668276621006,3.069190397861525,0.0006527340078332809,1.744498548627779,2.8121226847449576,positive,0.008398611957905006,21,win,True,False
S_Q_005,Current DerivCount,descendant_quality,future_child_download_quality_mean_3m,lift,0.1,6,1.9096677522054895,0.8336640351959616,1.0347910019713473,2.7845445024396316,0.002486547946781179,1.3219779175298503,2.4913149220966537,positive,0.022378931521030612,21,win,True,False
S_Q_005,Current DerivCount,descendant_quality,future_child_download_quality_median_3m,lift,0.1,6,1.9113483084542118,0.8372348091738916,1.0327242607456166,2.789972356162807,0.002524034254531449,1.3189615674694128,2.4951560872367966,positive,0.022378931521030612,21,win,True,False
S_Q_005,Current DerivCount,descendant_quality,future_child_like_quality_mean_3m,lift,0.1,6,2.735594077874263,0.39634946319907804,2.3196508253395085,3.1515373304090173,1.3240833458395993e-05,2.4373577957502666,3.014571579319746,positive,0.0002648166691679199,21,win,True,False
S_Q_005,Current DerivCount,descendant_quality,future_child_like_quality_median_3m,lift,0.1,6,2.821698143931792,0.3630986652569242,2.440649463812514,3.20274682405107,7.374617429404125e-06,2.5487054475864075,3.0801160803252468,positive,0.00015486696601748663,21,win,True,False
S_Q_005,Current DerivCount,repropagation,future_child_becomes_parent_share_3m,lift,0.1,3,5.252787040855531,1.0706684849531312,2.5930990806338268,7.912475001077235,0.013567509018571934,4.495569913706204,6.477739312054717,positive,0.06516096461738766,21,tie,False,False
S_Q_005,Current DerivCount,repropagation,future_child_future_child_count_mean_3m,lift,0.1,3,5.552748591675688,1.453342991269504,1.9424444589998227,9.163052724351553,0.022081368250371543,4.407755887691262,7.187765358125437,positive,0.06624410475111463,21,tie,False,False
S_Q_005,Current DerivCount,repropagation,future_child_future_child_count_median_3m,lift,0.1,3,5.979960409845361,1.923890306811476,1.2007519454832867,10.759168874207436,0.03281314758105625,4.718605223273796,8.194333438694724,positive,0.06624410475111463,21,tie,False,False
S_Q_005,Current DerivCount,repropagation,future_child_second_order_diffusion_share_3m,lift,0.1,3,5.6538868379415375,1.6914602029258101,1.4520667599807373,9.855706915902338,0.028561781023449237,4.50996500350053,7.596840003717321,positive,0.06624410475111463,21,tie,False,False
S_Q_005,Current DerivCount,adoption_breadth,future_child_owner_breadth_3m,lift,0.1,6,1.898191972056992,0.551684724885191,1.3192343597762615,2.4771495843377225,0.00038574962253884996,1.484619306960069,2.2748678840468988,positive,0.006171993960621599,21,win,True,False
S_Q_005,Current DerivCount,adoption_breadth,future_high_download_child_owner_breadth_3m,lift,0.1,6,0.3982729623109223,0.24508619719928657,0.14107077212341562,0.655475152498429,0.010525489097975481,0.23018496974293035,0.5843341380891417,positive,0.06315293458785289,21,tie,False,False
S_Q_005,Current DerivCount,adoption_breadth,future_high_like_child_owner_breadth_3m,lift,0.1,6,2.006249853872942,0.5399244277853281,1.439633916504573,2.572865791241311,0.0002679636942504148,1.586449779398342,2.3623922420795185,positive,0.004555382802257051,21,win,True,False
S_Q_005,Current DerivCount,adoption_breadth,future_cross_owner_reuse_share_3m,lift,0.1,6,2.502473658865838,0.9074382815729649,1.5501755851772012,3.454771732554475,0.0010795383914129941,1.8575910321925688,3.167770995032244,positive,0.011874922305542936,21,win,True,False
S_Q_005,Vanilla PageRank,quantity,future_direct_children_3m,lift,0.1,6,0.33129565322430565,0.22100999303329946,0.099359889761998,0.5632314166866133,0.014416218822879788,0.17019857763060045,0.49045488810707516,positive,0.2162432823431968,21,tie,False,False
S_Q_005,Vanilla PageRank,quantity,future_active_parent_months_3m,lift,0.1,6,0.3541159851656665,0.2260871495446243,0.11685207271104461,0.5913798976202884,0.012165819480658159,0.1918949063845418,0.512282927799167,positive,0.200514388635534,21,tie,False,False
S_Q_005,Vanilla PageRank,quantity,future_active_parent_binary_3m,auc,0.01,6,0.03426396263393178,0.038785148024749284,-0.006438554001881459,0.074966479269745,0.08277267167735068,0.00785645675763206,0.061957751363423665,positive,0.7449540450961561,21,tie,False,False
S_Q_005,Vanilla PageRank,descendant_quality,future_child_download_quality_sum_3m,lift,0.1,6,0.2546541421017139,0.24611486715325057,-0.0036275709971727577,0.5129358552006005,0.05224405144563728,0.07035870718864586,0.42690013348319994,positive,0.5224405144563727,21,tie,False,False
S_Q_005,Vanilla PageRank,descendant_quality,future_child_like_quality_sum_3m,lift,0.1,6,0.21724052596540608,0.09102391810347414,0.12171678222464702,0.3127642697061651,0.0020732542312932277,0.15980071970168228,0.2882565581359741,positive,0.03939183039457132,21,win,True,False
S_Q_005,Vanilla PageRank,descendant_quality,future_high_download_child_count_3m,lift,0.1,6,0.133419178818179,0.3706403461980229,-0.2555440100654123,0.5223823677017703,0.41828138763205763,-0.1481896020159985,0.406695249938785,mixed,0.8909595549476713,21,tie,False,False
S_Q_005,Vanilla PageRank,descendant_quality,future_high_like_child_count_3m,lift,0.1,6,0.1328607616071978,0.11483329411441383,0.012350610116874175,0.25337091309752147,0.03650143187359776,0.0445513200452922,0.2121992069116534,positive,0.40151575060957534,21,tie,False,False
S_Q_005,Vanilla PageRank,descendant_quality,future_nonzero_like_child_share_3m,lift,0.1,6,0.18079256887108905,0.14918538279366067,0.024232111215896412,0.3373530265262817,0.03121281904529149,0.07075824956412623,0.28556706870185966,positive,0.39406581730497897,21,tie,False,False
S_Q_005,Vanilla PageRank,descendant_quality,future_nonzero_download_child_share_3m,lift,0.1,6,0.29274413954712925,0.23951551626003842,0.04138802047575879,0.5441002586184998,0.030312755177306076,0.12313688527740818,0.4603668268355329,positive,0.39406581730497897,21,tie,False,False
S_Q_005,Vanilla PageRank,descendant_quality,future_child_download_quality_mean_3m,lift,0.1,6,0.25852686004201714,0.3302295852760162,-0.08802783609470438,0.6050815561787386,0.11327205444316706,0.014574535715705291,0.49065938090019295,positive,0.8909595549476713,21,tie,False,False
S_Q_005,Vanilla PageRank,descendant_quality,future_child_download_quality_median_3m,lift,0.1,6,0.26072991297941156,0.33076504054015665,-0.08638670899506895,0.6078465349538921,0.11136994436845891,0.019398979209736805,0.48766386634643677,positive,0.8909595549476713,21,tie,False,False
S_Q_005,Vanilla PageRank,descendant_quality,future_child_like_quality_mean_3m,lift,0.1,6,0.29499208964525697,0.11080236163623212,0.17871214235955146,0.4112720369309625,0.0012676209513032995,0.21423847947209884,0.37574569981841516,positive,0.026620039977369288,21,win,True,False
S_Q_005,Vanilla PageRank,descendant_quality,future_child_like_quality_median_3m,lift,0.1,6,0.2977490454259158,0.11739881350753877,0.17454654644960252,0.42095154440222904,0.0015790673892146765,0.21230552298577857,0.3817999921342031,positive,0.03158134778429353,21,win,True,False
S_Q_005,Vanilla PageRank,repropagation,future_child_becomes_parent_share_3m,lift,0.1,3,0.2134223628889472,0.14137099223071709,-0.13776265025458798,0.5646073760324823,0.12040642239532687,0.07981523034384708,0.36145159040290853,positive,0.8909595549476713,21,tie,False,False
S_Q_005,Vanilla PageRank,repropagation,future_child_future_child_count_mean_3m,lift,0.1,3,0.15347570187549722,0.10473181966794944,-0.10669256097866678,0.41364396472966125,0.12644480542056483,0.06690216226678558,0.2698892159713502,positive,0.8909595549476713,21,tie,False,False
S_Q_005,Vanilla PageRank,repropagation,future_child_future_child_count_median_3m,lift,0.1,3,0.14305675427449258,0.12108610393883597,-0.1577378028851625,0.4438513114341477,0.17734275923654969,0.04328995617682452,0.2777740148710066,positive,0.8909595549476713,21,tie,False,False
S_Q_005,Vanilla PageRank,repropagation,future_child_second_order_diffusion_share_3m,lift,0.1,3,0.1742082812426015,0.14424643738538012,-0.1841197336476134,0.5325362961328164,0.1715620073250287,0.04653216140517813,0.3306807894827628,positive,0.8909595549476713,21,tie,False,False
S_Q_005,Vanilla PageRank,adoption_breadth,future_child_owner_breadth_3m,lift,0.1,6,0.3068525962996896,0.19436638920046542,0.10287758027482724,0.5108276123245519,0.011794964037384352,0.16690546727879862,0.4435990824644754,positive,0.200514388635534,21,tie,False,False
S_Q_005,Vanilla PageRank,adoption_breadth,future_high_download_child_owner_breadth_3m,lift,0.1,6,0.13300456404423366,0.3317430487718113,-0.21513841462465688,0.4811475427131242,0.37116807712664446,-0.11025324235978522,0.37626237044825256,mixed,0.8909595549476713,21,tie,False,False
S_Q_005,Vanilla PageRank,adoption_breadth,future_high_like_child_owner_breadth_3m,lift,0.1,6,0.1531651283922054,0.07129245480361053,0.07834828546562284,0.22798197131878795,0.003292077912251332,0.10315363612851813,0.2059107481137957,positive,0.05925740242052397,21,tie,False,False
S_Q_005,Vanilla PageRank,adoption_breadth,future_cross_owner_reuse_share_3m,lift,0.1,6,0.41678970511468116,0.327165959795258,0.07345008674476078,0.7601293234846016,0.026237337294899767,0.1784441265989086,0.652120167675849,positive,0.36732272212859673,21,tie,False,False
S_Q_015,AllTime DerivCount,quantity,future_direct_children_3m,lift,0.1,6,0.33129565322430565,0.22100999303329946,0.099359889761998,0.5632314166866133,0.014416218822879788,0.17019857763060045,0.4888226071168716,positive,0.2162432823431968,21,tie,False,False
S_Q_015,AllTime DerivCount,quantity,future_active_parent_months_3m,lift,0.1,6,0.3541159851656665,0.2260871495446243,0.11685207271104461,0.5913798976202884,0.012165819480658159,0.1894117921625591,0.5140970412456908,positive,0.200514388635534,21,tie,False,False
S_Q_015,AllTime DerivCount,quantity,future_active_parent_binary_3m,auc,0.01,6,0.033423462552522876,0.03872116636033324,-0.0072119094443522935,0.07405883454939804,0.08813350568929215,0.00707162685368895,0.06221883163781228,positive,0.7932015512036293,21,tie,False,False
S_Q_015,AllTime DerivCount,descendant_quality,future_child_download_quality_sum_3m,lift,0.1,6,0.25465414210171433,0.24611486715325018,-0.003627570997171925,0.5129358552006006,0.05224405144563674,0.07341489490189433,0.42288021520734015,positive,0.5224405144563674,21,tie,False,False
S_Q_015,AllTime DerivCount,descendant_quality,future_child_like_quality_sum_3m,lift,0.1,6,0.21724052596540608,0.09102391810347434,0.12171678222464682,0.31276426970616533,0.0020732542312932468,0.15833245837360352,0.28832065534624524,positive,0.03939183039457169,21,win,True,False
S_Q_015,AllTime DerivCount,descendant_quality,future_high_download_child_count_3m,lift,0.1,6,0.133419178818179,0.3706403461980229,-0.2555440100654123,0.5223823677017703,0.41828138763205763,-0.1413565705440425,0.4044511476788531,mixed,0.8909595549476722,21,tie,False,False
S_Q_015,AllTime DerivCount,descendant_quality,future_high_like_child_count_3m,lift,0.1,6,0.1328607616071978,0.11483329411441383,0.012350610116874175,0.25337091309752147,0.03650143187359776,0.0445513200452922,0.21178238070779956,positive,0.40151575060957534,21,tie,False,False
S_Q_015,AllTime DerivCount,descendant_quality,future_nonzero_like_child_share_3m,lift,0.1,6,0.18079256887108905,0.14918538279366098,0.02423211121589608,0.337353026526282,0.031212819045291704,0.07107015536370342,0.2858180349066218,positive,0.39406581730497875,21,tie,False,False
S_Q_015,AllTime DerivCount,descendant_quality,future_nonzero_download_child_share_3m,lift,0.1,6,0.2927441395471291,0.23951551626003822,0.04138802047575885,0.5441002586184993,0.03031275517730606,0.10373996033302675,0.4603668268355326,positive,0.39406581730497875,21,tie,False,False
S_Q_015,AllTime DerivCount,descendant_quality,future_child_download_quality_mean_3m,lift,0.1,6,0.25852686004201697,0.330229585276016,-0.08802783609470433,0.6050815561787383,0.11327205444316706,0.01149984811872858,0.4906593809001925,positive,0.8909595549476722,21,tie,False,False
S_Q_015,AllTime DerivCount,descendant_quality,future_child_download_quality_median_3m,lift,0.1,6,0.26072991297941184,0.33076504054015704,-0.08638670899506906,0.6078465349538927,0.11136994436845903,0.015976559358771587,0.4906337315684297,positive,0.8909595549476722,21,tie,False,False
S_Q_015,AllTime DerivCount,descendant_quality,future_child_like_quality_mean_3m,lift,0.1,6,0.29499208964525686,0.11080236163623174,0.17871214235955174,0.411272036930962,0.0012676209513032824,0.21423847947209898,0.37329822850477845,positive,0.02662003997736893,21,win,True,False
S_Q_015,AllTime DerivCount,descendant_quality,future_child_like_quality_median_3m,lift,0.1,6,0.29774904542591596,0.11739881350753839,0.1745465464496031,0.4209515444022288,0.0015790673892146498,0.212305522985779,0.3831925678660529,positive,0.031581347784292994,21,win,True,False
S_Q_015,AllTime DerivCount,repropagation,future_child_becomes_parent_share_3m,lift,0.1,3,0.2134223628889472,0.14137099223071709,-0.13776265025458798,0.5646073760324823,0.12040642239532687,0.07981523034384708,0.36145159040290853,positive,0.8909595549476722,21,tie,False,False
S_Q_015,AllTime DerivCount,repropagation,future_child_future_child_count_mean_3m,lift,0.1,3,0.15347570187549722,0.10473181966794944,-0.10669256097866678,0.41364396472966125,0.12644480542056483,0.06690216226678558,0.2698892159713502,positive,0.8909595549476722,21,tie,False,False
S_Q_015,AllTime DerivCount,repropagation,future_child_future_child_count_median_3m,lift,0.1,3,0.14305675427449258,0.12108610393883597,-0.1577378028851625,0.4438513114341477,0.17734275923654969,0.04328995617682452,0.2777740148710066,positive,0.8909595549476722,21,tie,False,False
S_Q_015,AllTime DerivCount,repropagation,future_child_second_order_diffusion_share_3m,lift,0.1,3,0.1742082812426015,0.14424643738538012,-0.1841197336476134,0.5325362961328164,0.1715620073250287,0.04653216140517813,0.3306807894827628,positive,0.8909595549476722,21,tie,False,False
S_Q_015,AllTime DerivCount,adoption_breadth,future_child_owner_breadth_3m,lift,0.1,6,0.3068525962996896,0.19436638920046542,0.10287758027482724,0.5108276123245519,0.011794964037384352,0.16832624164475943,0.4487804748021687,positive,0.200514388635534,21,tie,False,False
S_Q_015,AllTime DerivCount,adoption_breadth,future_high_download_child_owner_breadth_3m,lift,0.1,6,0.13300456404423366,0.3317430487718113,-0.21513841462465688,0.4811475427131242,0.37116807712664446,-0.11025324235978522,0.37626237044825256,mixed,0.8909595549476722,21,tie,False,False
S_Q_015,AllTime DerivCount,adoption_breadth,future_high_like_child_owner_breadth_3m,lift,0.1,6,0.1531651283922054,0.07129245480361053,0.07834828546562284,0.22798197131878795,0.003292077912251332,0.10315363612851813,0.2080530573640128,positive,0.05925740242052397,21,tie,False,False
S_Q_015,AllTime DerivCount,adoption_breadth,future_cross_owner_reuse_share_3m,lift,0.1,6,0.4167897051146812,0.327165959795258,0.07345008674476083,0.7601293234846016,0.02623733729489973,0.1772490719732153,0.6539402290047605,positive,0.3673227221285962,21,tie,False,False
S_Q_015,Current DerivCount,quantity,future_direct_children_3m,lift,0.1,6,1.8646625948550943,0.5954293334197924,1.239797831324855,2.4895273583853337,0.0005999008541360718,1.4107049209327513,2.274791407760505,positive,0.008398611957905006,21,win,True,False
S_Q_015,Current DerivCount,quantity,future_active_parent_months_3m,lift,0.1,6,2.362749122950797,0.7052081238923673,1.622678584193964,3.1028196617076302,0.000437225384051212,1.8521919073040474,2.8709022975202303,positive,0.00655838076076818,21,win,True,False
S_Q_015,Current DerivCount,quantity,future_active_parent_binary_3m,auc,0.01,6,0.17044508608877681,0.03794406153706811,0.13062523558937114,0.2102649365881825,0.0001079037737526981,0.14321608566581515,0.19767408651173848,positive,0.0019422679275485659,21,win,True,False
S_Q_015,Current DerivCount,descendant_quality,future_child_download_quality_sum_3m,lift,0.1,6,1.4718150125095277,0.4728990114404196,0.9755379358323726,1.9680920891866829,0.0006174427798680177,1.120602397853398,1.795481191927303,positive,0.008398611957905006,21,win,True,False
S_Q_015,Current DerivCount,descendant_quality,future_child_like_quality_sum_3m,lift,0.1,6,1.7227174586570213,0.7858844605121995,0.8979822969550909,2.5474526203589516,0.0030160300085333154,1.1291122362391015,2.2772467093122515,positive,0.022378931521030612,21,win,True,False
S_Q_015,Current DerivCount,descendant_quality,future_high_download_child_count_3m,lift,0.1,6,0.385285096338283,0.2503780665984894,0.12252942980157794,0.648040762874988,0.01303219292347753,0.2202064394952288,0.5875911335072351,positive,0.06516096461738766,21,tie,False,False
S_Q_015,Current DerivCount,descendant_quality,future_high_like_child_count_3m,lift,0.1,6,1.7797942074346451,0.7124678298977718,1.0321050744605738,2.5274833404087165,0.001690515632271919,1.1982687532980238,2.1891945413823604,positive,0.01690515632271919,21,win,True,False
S_Q_015,Current DerivCount,descendant_quality,future_nonzero_like_child_share_3m,lift,0.1,6,2.4577028450304277,0.44063856867273,1.9952810267525107,2.9201246633083446,3.7677341050146795e-05,2.170483303337196,2.795244600090539,positive,0.0007158694799527892,21,win,True,False
S_Q_015,Current DerivCount,descendant_quality,future_nonzero_download_child_share_3m,lift,0.1,6,2.2883286127618128,0.7440778218444231,1.5074668276621006,3.069190397861525,0.0006527340078332809,1.744498548627779,2.812122684744958,positive,0.008398611957905006,21,win,True,False
S_Q_015,Current DerivCount,descendant_quality,future_child_download_quality_mean_3m,lift,0.1,6,1.9096677522054895,0.8336640351959617,1.034791001971347,2.7845445024396316,0.002486547946781179,1.3039626372238755,2.5093302024026283,positive,0.022378931521030612,21,win,True,False
S_Q_015,Current DerivCount,descendant_quality,future_child_download_quality_median_3m,lift,0.1,6,1.911348308454211,0.8372348091738916,1.0327242607456157,2.7899723561628065,0.0025240342545314533,1.3056108380510458,2.4951560872367966,positive,0.022378931521030612,21,win,True,False
S_Q_015,Current DerivCount,descendant_quality,future_child_like_quality_mean_3m,lift,0.1,6,2.735594077874263,0.3963494631990783,2.319650825339508,3.1515373304090177,1.3240833458396065e-05,2.437428308859664,3.0103434930679356,positive,0.0002648166691679213,21,win,True,False
S_Q_015,Current DerivCount,descendant_quality,future_child_like_quality_median_3m,lift,0.1,6,2.821698143931792,0.3630986652569241,2.440649463812514,3.20274682405107,7.374617429404125e-06,2.5443503205381233,3.072788883949174,positive,0.00015486696601748663,21,win,True,False
S_Q_015,Current DerivCount,repropagation,future_child_becomes_parent_share_3m,lift,0.1,3,5.252787040855531,1.0706684849531312,2.5930990806338268,7.912475001077235,0.013567509018571934,4.495569913706204,6.477739312054717,positive,0.06516096461738766,21,tie,False,False
S_Q_015,Current DerivCount,repropagation,future_child_future_child_count_mean_3m,lift,0.1,3,5.552748591675688,1.453342991269504,1.9424444589998227,9.163052724351553,0.022081368250371543,4.407755887691262,7.187765358125437,positive,0.06624410475111463,21,tie,False,False
S_Q_015,Current DerivCount,repropagation,future_child_future_child_count_median_3m,lift,0.1,3,5.979960409845361,1.923890306811476,1.2007519454832867,10.759168874207436,0.03281314758105625,4.718605223273796,8.194333438694724,positive,0.06624410475111463,21,tie,False,False
S_Q_015,Current DerivCount,repropagation,future_child_second_order_diffusion_share_3m,lift,0.1,3,5.6538868379415375,1.6914602029258101,1.4520667599807373,9.855706915902338,0.028561781023449237,4.50996500350053,7.596840003717321,positive,0.06624410475111463,21,tie,False,False
S_Q_015,Current DerivCount,adoption_breadth,future_child_owner_breadth_3m,lift,0.1,6,1.898191972056992,0.551684724885191,1.3192343597762615,2.4771495843377225,0.00038574962253884996,1.484619306960069,2.268853802912121,positive,0.006171993960621599,21,win,True,False
S_Q_015,Current DerivCount,adoption_breadth,future_high_download_child_owner_breadth_3m,lift,0.1,6,0.3982729623109223,0.24508619719928657,0.14107077212341562,0.655475152498429,0.010525489097975481,0.23051777813314178,0.5824115333095147,positive,0.06315293458785289,21,tie,False,False
S_Q_015,Current DerivCount,adoption_breadth,future_high_like_child_owner_breadth_3m,lift,0.1,6,2.006249853872942,0.5399244277853281,1.439633916504573,2.572865791241311,0.0002679636942504148,1.5955723300124023,2.3623922420795185,positive,0.004555382802257051,21,win,True,False
S_Q_015,Current DerivCount,adoption_breadth,future_cross_owner_reuse_share_3m,lift,0.1,6,2.502473658865838,0.9074382815729649,1.5501755851772012,3.454771732554475,0.0010795383914129941,1.838071425089904,3.1677078309436304,positive,0.011874922305542936,21,win,True,False
S_Q_015,Vanilla PageRank,quantity,future_direct_children_3m,lift,0.1,6,0.33129565322430565,0.22100999303329946,0.099359889761998,0.5632314166866133,0.014416218822879788,0.17183085862080402,0.4872884250893157,positive,0.2162432823431968,21,tie,False,False
S_Q_015,Vanilla PageRank,quantity,future_active_parent_months_3m,lift,0.1,6,0.3541159851656665,0.2260871495446243,0.11685207271104461,0.5913798976202884,0.012165819480658159,0.18691458092694613,0.5140970412456908,positive,0.200514388635534,21,tie,False,False
S_Q_015,Vanilla PageRank,quantity,future_active_parent_binary_3m,auc,0.01,6,0.03427088855853113,0.03878909646220775,-0.006435771708272919,0.07497754882533518,0.08274998016234636,0.007814531819954692,0.06314260759655793,positive,0.7447498214611172,21,tie,False,False
S_Q_015,Vanilla PageRank,descendant_quality,future_child_download_quality_sum_3m,lift,0.1,6,0.2546541421017141,0.24611486715325043,-0.0036275709971724246,0.5129358552006007,0.052244051445637034,0.07035870718864623,0.4269001334832001,positive,0.5224405144563703,21,tie,False,False
S_Q_015,Vanilla PageRank,descendant_quality,future_child_like_quality_sum_3m,lift,0.1,6,0.2172405259654059,0.0910239181034743,0.1217167822246467,0.3127642697061651,0.0020732542312932485,0.15833245837360335,0.2906785416615885,positive,0.039391830394571725,21,win,True,False
S_Q_015,Vanilla PageRank,descendant_quality,future_high_download_child_count_3m,lift,0.1,6,0.133419178818179,0.3706403461980229,-0.2555440100654123,0.5223823677017703,0.41828138763205763,-0.14351077831679668,0.4044511476788532,mixed,0.8909595549476756,21,tie,False,False
S_Q_015,Vanilla PageRank,descendant_quality,future_high_like_child_count_3m,lift,0.1,6,0.1328607616071978,0.11483329411441383,0.012350610116874175,0.25337091309752147,0.03650143187359776,0.0445513200452922,0.21178238070779956,positive,0.40151575060957534,21,tie,False,False
S_Q_015,Vanilla PageRank,descendant_quality,future_nonzero_like_child_share_3m,lift,0.1,6,0.18079256887108905,0.14918538279366067,0.024232111215896412,0.3373530265262817,0.03121281904529149,0.0721117559986948,0.28581803490662167,positive,0.39406581730497897,21,tie,False,False
S_Q_015,Vanilla PageRank,descendant_quality,future_nonzero_download_child_share_3m,lift,0.1,6,0.2927441395471291,0.2395155162600383,0.04138802047575879,0.5441002586184993,0.030312755177306076,0.12447477054865086,0.45947796063261387,positive,0.39406581730497897,21,tie,False,False
S_Q_015,Vanilla PageRank,descendant_quality,future_child_download_quality_mean_3m,lift,0.1,6,0.25852686004201725,0.33022958527601637,-0.08802783609470449,0.605081556178739,0.11327205444316706,0.014574535715705291,0.4906593809001931,positive,0.8909595549476756,21,tie,False,False
S_Q_015,Vanilla PageRank,descendant_quality,future_child_download_quality_median_3m,lift,0.1,6,0.26072991297941134,0.3307650405401569,-0.0863867089950694,0.6078465349538921,0.11136994436845946,0.015976559358771292,0.4877334719529495,positive,0.8909595549476756,21,tie,False,False
S_Q_015,Vanilla PageRank,descendant_quality,future_child_like_quality_mean_3m,lift,0.1,6,0.29499208964525686,0.11080236163623214,0.17871214235955135,0.41127203693096237,0.001267620951303303,0.2142384794720987,0.3756821982361361,positive,0.02662003997736936,21,win,True,False
S_Q_015,Vanilla PageRank,descendant_quality,future_child_like_quality_median_3m,lift,0.1,6,0.2977490454259155,0.11739881350753852,0.17454654644960252,0.4209515444022285,0.001579067389214667,0.21289240330268303,0.3831925678660526,positive,0.03158134778429334,21,win,True,False
S_Q_015,Vanilla PageRank,repropagation,future_child_becomes_parent_share_3m,lift,0.1,3,0.2134223628889472,0.14137099223071709,-0.13776265025458798,0.5646073760324823,0.12040642239532687,0.07981523034384708,0.36145159040290853,positive,0.8909595549476756,21,tie,False,False
S_Q_015,Vanilla PageRank,repropagation,future_child_future_child_count_mean_3m,lift,0.1,3,0.15347570187549722,0.10473181966794944,-0.10669256097866678,0.41364396472966125,0.12644480542056483,0.06690216226678558,0.2698892159713502,positive,0.8909595549476756,21,tie,False,False
S_Q_015,Vanilla PageRank,repropagation,future_child_future_child_count_median_3m,lift,0.1,3,0.14305675427449258,0.12108610393883597,-0.1577378028851625,0.4438513114341477,0.17734275923654969,0.04328995617682452,0.2777740148710066,positive,0.8909595549476756,21,tie,False,False
S_Q_015,Vanilla PageRank,repropagation,future_child_second_order_diffusion_share_3m,lift,0.1,3,0.1742082812426015,0.14424643738538012,-0.1841197336476134,0.5325362961328164,0.1715620073250287,0.04653216140517813,0.3306807894827628,positive,0.8909595549476756,21,tie,False,False
S_Q_015,Vanilla PageRank,adoption_breadth,future_child_owner_breadth_3m,lift,0.1,6,0.3068525962996896,0.19436638920046542,0.10287758027482724,0.5108276123245519,0.011794964037384352,0.16921617588983162,0.4465431816593089,positive,0.200514388635534,21,tie,False,False
S_Q_015,Vanilla PageRank,adoption_breadth,future_high_download_child_owner_breadth_3m,lift,0.1,6,0.13300456404423366,0.3317430487718113,-0.21513841462465688,0.4811475427131242,0.37116807712664446,-0.10922262635913309,0.37626237044825256,mixed,0.8909595549476756,21,tie,False,False
S_Q_015,Vanilla PageRank,adoption_breadth,future_high_like_child_owner_breadth_3m,lift,0.1,6,0.1531651283922054,0.07129245480361053,0.07834828546562284,0.22798197131878795,0.003292077912251332,0.10315363612851813,0.20628961300661794,positive,0.05925740242052397,21,tie,False,False
S_Q_015,Vanilla PageRank,adoption_breadth,future_cross_owner_reuse_share_3m,lift,0.1,6,0.41678970511468116,0.327165959795258,0.07345008674476078,0.7601293234846016,0.026237337294899767,0.1789653410863544,0.6527940078140968,positive,0.36732272212859673,21,tie,False,False
S_Q_020,AllTime DerivCount,quantity,future_direct_children_3m,lift,0.1,6,0.33129565322430565,0.22100999303329946,0.099359889761998,0.5632314166866133,0.014416218822879788,0.17019857763060045,0.4923927288180108,positive,0.2162432823431968,21,tie,False,False
S_Q_020,AllTime DerivCount,quantity,future_active_parent_months_3m,lift,0.1,6,0.3541159851656665,0.2260871495446243,0.11685207271104461,0.5913798976202884,0.012165819480658159,0.19163771785002925,0.5195329092580493,positive,0.200514388635534,21,tie,False,False
S_Q_020,AllTime DerivCount,quantity,future_active_parent_binary_3m,auc,0.01,6,0.03342650392930966,0.0387171441823823,-0.007204647050673793,0.07405765490929311,0.08808747961675814,0.007079115812773447,0.06225464819217236,positive,0.7927873165508232,21,tie,False,False
S_Q_020,AllTime DerivCount,descendant_quality,future_child_download_quality_sum_3m,lift,0.1,6,0.2546541421017143,0.2461148671532504,-0.0036275709971722025,0.5129358552006007,0.05224405144563693,0.07035870718864623,0.4269001334832001,positive,0.5224405144563693,21,tie,False,False
S_Q_020,AllTime DerivCount,descendant_quality,future_child_like_quality_sum_3m,lift,0.1,6,0.21724052596540608,0.09102391810347434,0.12171678222464682,0.31276426970616533,0.0020732542312932468,0.15877887152290363,0.2906785416615887,positive,0.03939183039457169,21,win,True,False
S_Q_020,AllTime DerivCount,descendant_quality,future_high_download_child_count_3m,lift,0.1,6,0.133419178818179,0.3706403461980229,-0.2555440100654123,0.5223823677017703,0.41828138763205763,-0.14351077831679668,0.4044511476788532,mixed,0.8909595549476703,21,tie,False,False
S_Q_020,AllTime DerivCount,descendant_quality,future_high_like_child_count_3m,lift,0.1,6,0.1328607616071978,0.11483329411441383,0.012350610116874175,0.25337091309752147,0.03650143187359776,0.04372113209430791,0.21178238070779956,positive,0.40151575060957534,21,tie,False,False
S_Q_020,AllTime DerivCount,descendant_quality,future_nonzero_like_child_share_3m,lift,0.1,6,0.18079256887108888,0.14918538279366111,0.024232111215895774,0.33735302652628196,0.03121281904529189,0.0721117559986945,0.2855670687018598,positive,0.39406581730497875,21,tie,False,False
S_Q_020,AllTime DerivCount,descendant_quality,future_nonzero_download_child_share_3m,lift,0.1,6,0.2927441395471291,0.23951551626003822,0.04138802047575885,0.5441002586184993,0.03031275517730606,0.12313688527740774,0.4603668268355326,positive,0.39406581730497875,21,tie,False,False
S_Q_020,AllTime DerivCount,descendant_quality,future_child_download_quality_mean_3m,lift,0.1,6,0.25852686004201714,0.3302295852760161,-0.08802783609470433,0.6050815561787386,0.113272054443167,0.017518940320355208,0.48913908471710665,positive,0.8909595549476703,21,tie,False,False
S_Q_020,AllTime DerivCount,descendant_quality,future_child_download_quality_median_3m,lift,0.1,6,0.2607299129794118,0.3307650405401567,-0.08638670899506873,0.6078465349538923,0.11136994436845879,0.015976559358771587,0.4904480906069893,positive,0.8909595549476703,21,tie,False,False
S_Q_020,AllTime DerivCount,descendant_quality,future_child_like_quality_mean_3m,lift,0.1,6,0.29499208964525653,0.1108023616362315,0.17871214235955166,0.41127203693096137,0.001267620951303277,0.21301722710897186,0.37574569981841427,positive,0.026620039977368816,21,win,True,False
S_Q_020,AllTime DerivCount,descendant_quality,future_child_like_quality_median_3m,lift,0.1,6,0.29774904542591596,0.11739881350753839,0.1745465464496031,0.4209515444022288,0.0015790673892146498,0.212305522985779,0.3831925678660529,positive,0.031581347784292994,21,win,True,False
S_Q_020,AllTime DerivCount,repropagation,future_child_becomes_parent_share_3m,lift,0.1,3,0.2134223628889472,0.14137099223071709,-0.13776265025458798,0.5646073760324823,0.12040642239532687,0.07981523034384708,0.36145159040290853,positive,0.8909595549476703,21,tie,False,False
S_Q_020,AllTime DerivCount,repropagation,future_child_future_child_count_mean_3m,lift,0.1,3,0.15347570187549722,0.10473181966794944,-0.10669256097866678,0.41364396472966125,0.12644480542056483,0.06690216226678558,0.2698892159713502,positive,0.8909595549476703,21,tie,False,False
S_Q_020,AllTime DerivCount,repropagation,future_child_future_child_count_median_3m,lift,0.1,3,0.14305675427449258,0.12108610393883597,-0.1577378028851625,0.4438513114341477,0.17734275923654969,0.04328995617682452,0.2777740148710066,positive,0.8909595549476703,21,tie,False,False
S_Q_020,AllTime DerivCount,repropagation,future_child_second_order_diffusion_share_3m,lift,0.1,3,0.1742082812426015,0.14424643738538012,-0.1841197336476134,0.5325362961328164,0.1715620073250287,0.04653216140517813,0.3306807894827628,positive,0.8909595549476703,21,tie,False,False
S_Q_020,AllTime DerivCount,adoption_breadth,future_child_owner_breadth_3m,lift,0.1,6,0.3068525962996896,0.19436638920046542,0.10287758027482724,0.5108276123245519,0.011794964037384352,0.16690546727879862,0.4465431816593089,positive,0.200514388635534,21,tie,False,False
S_Q_020,AllTime DerivCount,adoption_breadth,future_high_download_child_owner_breadth_3m,lift,0.1,6,0.13300456404423366,0.3317430487718113,-0.21513841462465688,0.4811475427131242,0.37116807712664446,-0.11025324235978522,0.37626237044825256,mixed,0.8909595549476703,21,tie,False,False
S_Q_020,AllTime DerivCount,adoption_breadth,future_high_like_child_owner_breadth_3m,lift,0.1,6,0.1531651283922054,0.07129245480361053,0.07834828546562284,0.22798197131878795,0.003292077912251332,0.10315363612851813,0.20628961300661794,positive,0.05925740242052397,21,tie,False,False
S_Q_020,AllTime DerivCount,adoption_breadth,future_cross_owner_reuse_share_3m,lift,0.1,6,0.4167897051146812,0.327165959795258,0.07345008674476083,0.7601293234846016,0.02623733729489973,0.1772490719732153,0.6515989531884032,positive,0.3673227221285962,21,tie,False,False
S_Q_020,Current DerivCount,quantity,future_direct_children_3m,lift,0.1,6,1.8646625948550943,0.5954293334197924,1.239797831324855,2.4895273583853337,0.0005999008541360718,1.4107049209327513,2.275163155856146,positive,0.008398611957905006,21,win,True,False
S_Q_020,Current DerivCount,quantity,future_active_parent_months_3m,lift,0.1,6,2.362749122950797,0.7052081238923673,1.622678584193964,3.1028196617076302,0.000437225384051212,1.8484565480812936,2.8647628972201606,positive,0.00655838076076818,21,win,True,False
S_Q_020,Current DerivCount,quantity,future_active_parent_binary_3m,auc,0.01,6,0.1704481274655636,0.03793977427918667,0.13063277616737612,0.21026347876375107,0.00010783560776060747,0.1432215931230598,0.19767466180806745,positive,0.0019410409396909344,21,win,True,False
S_Q_020,Current DerivCount,descendant_quality,future_child_download_quality_sum_3m,lift,0.1,6,1.4718150125095277,0.4728990114404198,0.9755379358323724,1.968092089186683,0.0006174427798680189,1.1112602880900517,1.7935197500090363,positive,0.008398611957905006,21,win,True,False
S_Q_020,Current DerivCount,descendant_quality,future_child_like_quality_sum_3m,lift,0.1,6,1.7227174586570213,0.7858844605121995,0.8979822969550909,2.5474526203589516,0.0030160300085333154,1.1249475760839471,2.281411369467406,positive,0.02237893152103065,21,win,True,False
S_Q_020,Current DerivCount,descendant_quality,future_high_download_child_count_3m,lift,0.1,6,0.385285096338283,0.2503780665984894,0.12252942980157794,0.648040762874988,0.01303219292347753,0.21770663054547826,0.5845595575171094,positive,0.06516096461738766,21,tie,False,False
S_Q_020,Current DerivCount,descendant_quality,future_high_like_child_count_3m,lift,0.1,6,1.7797942074346451,0.7124678298977718,1.0321050744605738,2.5274833404087165,0.001690515632271919,1.198253440078386,2.198163881783828,positive,0.01690515632271919,21,win,True,False
S_Q_020,Current DerivCount,descendant_quality,future_nonzero_like_child_share_3m,lift,0.1,6,2.4577028450304277,0.4406385686727301,1.9952810267525105,2.9201246633083446,3.767734105014686e-05,2.168572143178165,2.795326470523068,positive,0.0007158694799527903,21,win,True,False
S_Q_020,Current DerivCount,descendant_quality,future_nonzero_download_child_share_3m,lift,0.1,6,2.2883286127618128,0.7440778218444231,1.5074668276621006,3.069190397861525,0.0006527340078332809,1.7482120202717848,2.8218485738801764,positive,0.008398611957905006,21,win,True,False
S_Q_020,Current DerivCount,descendant_quality,future_child_download_quality_mean_3m,lift,0.1,6,1.9096677522054895,0.8336640351959617,1.034791001971347,2.7845445024396316,0.0024865479467811834,1.303962637223876,2.4913149220966537,positive,0.02237893152103065,21,win,True,False
S_Q_020,Current DerivCount,descendant_quality,future_child_download_quality_median_3m,lift,0.1,6,1.911348308454211,0.8372348091738915,1.0327242607456162,2.789972356162806,0.0025240342545314533,1.301290902708753,2.503365867222421,positive,0.02237893152103065,21,win,True,False
S_Q_020,Current DerivCount,descendant_quality,future_child_like_quality_mean_3m,lift,0.1,6,2.735594077874263,0.39634946319907827,2.3196508253395085,3.1515373304090173,1.3240833458396019e-05,2.4369297372797663,3.018628241063054,positive,0.00026481666916792037,21,win,True,False
S_Q_020,Current DerivCount,descendant_quality,future_child_like_quality_median_3m,lift,0.1,6,2.821698143931792,0.3630986652569241,2.440649463812514,3.20274682405107,7.374617429404125e-06,2.5543760709953536,3.078612435138627,positive,0.00015486696601748663,21,win,True,False
S_Q_020,Current DerivCount,repropagation,future_child_becomes_parent_share_3m,lift,0.1,3,5.252787040855531,1.0706684849531312,2.5930990806338268,7.912475001077235,0.013567509018571934,4.495569913706204,6.477739312054717,positive,0.06516096461738766,21,tie,False,False
S_Q_020,Current DerivCount,repropagation,future_child_future_child_count_mean_3m,lift,0.1,3,5.552748591675688,1.453342991269504,1.9424444589998227,9.163052724351553,0.022081368250371543,4.407755887691262,7.187765358125437,positive,0.06624410475111463,21,tie,False,False
S_Q_020,Current DerivCount,repropagation,future_child_future_child_count_median_3m,lift,0.1,3,5.979960409845361,1.923890306811476,1.2007519454832867,10.759168874207436,0.03281314758105625,4.718605223273796,8.194333438694724,positive,0.06624410475111463,21,tie,False,False
S_Q_020,Current DerivCount,repropagation,future_child_second_order_diffusion_share_3m,lift,0.1,3,5.6538868379415375,1.6914602029258101,1.4520667599807373,9.855706915902338,0.028561781023449237,4.50996500350053,7.596840003717321,positive,0.06624410475111463,21,tie,False,False
S_Q_020,Current DerivCount,adoption_breadth,future_child_owner_breadth_3m,lift,0.1,6,1.898191972056992,0.551684724885191,1.3192343597762615,2.4771495843377225,0.00038574962253884996,1.484619306960069,2.2810120900170405,positive,0.006171993960621599,21,win,True,False
S_Q_020,Current DerivCount,adoption_breadth,future_high_download_child_owner_breadth_3m,lift,0.1,6,0.3982729623109223,0.24508619719928657,0.14107077212341562,0.655475152498429,0.010525489097975481,0.23210757452255745,0.5859239344785574,positive,0.06315293458785289,21,tie,False,False
S_Q_020,Current DerivCount,adoption_breadth,future_high_like_child_owner_breadth_3m,lift,0.1,6,2.006249853872942,0.5399244277853281,1.439633916504573,2.572865791241311,0.0002679636942504148,1.6031164339003219,2.362510712815799,positive,0.004555382802257051,21,win,True,False
S_Q_020,Current DerivCount,adoption_breadth,future_cross_owner_reuse_share_3m,lift,0.1,6,2.502473658865838,0.9074382815729649,1.5501755851772012,3.454771732554475,0.0010795383914129941,1.851401173840116,3.1677078309436304,positive,0.011874922305542936,21,win,True,False
S_Q_020,Vanilla PageRank,quantity,future_direct_children_3m,lift,0.1,6,0.33129565322430565,0.22100999303329946,0.099359889761998,0.5632314166866133,0.014416218822879788,0.17019857763060045,0.49045488810707516,positive,0.2162432823431968,21,tie,False,False
S_Q_020,Vanilla PageRank,quantity,future_active_parent_months_3m,lift,0.1,6,0.3541159851656665,0.2260871495446243,0.11685207271104461,0.5913798976202884,0.012165819480658159,0.19413492908564223,0.5140970412456908,positive,0.200514388635534,21,tie,False,False
S_Q_020,Vanilla PageRank,quantity,future_active_parent_binary_3m,auc,0.01,6,0.034273929935317915,0.03878506932708135,-0.006428504112357812,0.07497636398299365,0.08270643348398572,0.007868069360355168,0.06314264847479624,positive,0.7443579013558715,21,tie,False,False
S_Q_020,Vanilla PageRank,descendant_quality,future_child_download_quality_sum_3m,lift,0.1,6,0.25465414210171405,0.24611486715325068,-0.0036275709971727577,0.5129358552006009,0.05224405144563724,0.07035870718864601,0.4269001334832001,positive,0.5224405144563724,21,tie,False,False
S_Q_020,Vanilla PageRank,descendant_quality,future_child_like_quality_sum_3m,lift,0.1,6,0.2172405259654059,0.0910239181034743,0.1217167822246467,0.3127642697061651,0.0020732542312932485,0.15788604522430325,0.2906785416615885,positive,0.039391830394571725,21,win,True,False
S_Q_020,Vanilla PageRank,descendant_quality,future_high_download_child_count_3m,lift,0.1,6,0.133419178818179,0.3706403461980229,-0.2555440100654123,0.5223823677017703,0.41828138763205763,-0.1413565705440425,0.4007634697338033,mixed,0.8909595549476735,21,tie,False,False
S_Q_020,Vanilla PageRank,descendant_quality,future_high_like_child_count_3m,lift,0.1,6,0.1328607616071978,0.11483329411441383,0.012350610116874175,0.25337091309752147,0.03650143187359776,0.0445513200452922,0.2121992069116534,positive,0.40151575060957534,21,tie,False,False
S_Q_020,Vanilla PageRank,descendant_quality,future_nonzero_like_child_share_3m,lift,0.1,6,0.18079256887108888,0.14918538279366078,0.024232111215896107,0.33735302652628163,0.031212819045291666,0.07211175599869464,0.28581803490662167,positive,0.39406581730497897,21,tie,False,False
S_Q_020,Vanilla PageRank,descendant_quality,future_nonzero_download_child_share_3m,lift,0.1,6,0.2927441395471291,0.2395155162600383,0.04138802047575879,0.5441002586184993,0.030312755177306076,0.12447477054865086,0.46036682683553276,positive,0.39406581730497897,21,tie,False,False
S_Q_020,Vanilla PageRank,descendant_quality,future_child_download_quality_mean_3m,lift,0.1,6,0.2585268600420174,0.3302295852760164,-0.08802783609470438,0.6050815561787393,0.113272054443167,0.014574535715705291,0.4891390847171071,positive,0.8909595549476735,21,tie,False,False
S_Q_020,Vanilla PageRank,descendant_quality,future_child_download_quality_median_3m,lift,0.1,6,0.2607299129794112,0.3307650405401566,-0.08638670899506917,0.6078465349538916,0.11136994436845919,0.010347742603336854,0.49643202999365155,positive,0.8909595549476735,21,tie,False,False
S_Q_020,Vanilla PageRank,descendant_quality,future_child_like_quality_mean_3m,lift,0.1,6,0.29499208964525653,0.1108023616362319,0.17871214235955124,0.4112720369309618,0.0012676209513032986,0.2141749778898198,0.3756821982361358,positive,0.02662003997736927,21,win,True,False
S_Q_020,Vanilla PageRank,descendant_quality,future_child_like_quality_median_3m,lift,0.1,6,0.2977490454259155,0.11739881350753852,0.17454654644960252,0.4209515444022285,0.001579067389214667,0.21230552298577843,0.3831925678660526,positive,0.03158134778429334,21,win,True,False
S_Q_020,Vanilla PageRank,repropagation,future_child_becomes_parent_share_3m,lift,0.1,3,0.2134223628889472,0.14137099223071709,-0.13776265025458798,0.5646073760324823,0.12040642239532687,0.07981523034384708,0.36145159040290853,positive,0.8909595549476735,21,tie,False,False
S_Q_020,Vanilla PageRank,repropagation,future_child_future_child_count_mean_3m,lift,0.1,3,0.15347570187549722,0.10473181966794944,-0.10669256097866678,0.41364396472966125,0.12644480542056483,0.06690216226678558,0.2698892159713502,positive,0.8909595549476735,21,tie,False,False
S_Q_020,Vanilla PageRank,repropagation,future_child_future_child_count_median_3m,lift,0.1,3,0.14305675427449258,0.12108610393883597,-0.1577378028851625,0.4438513114341477,0.17734275923654969,0.04328995617682452,0.2777740148710066,positive,0.8909595549476735,21,tie,False,False
S_Q_020,Vanilla PageRank,repropagation,future_child_second_order_diffusion_share_3m,lift,0.1,3,0.1742082812426015,0.14424643738538012,-0.1841197336476134,0.5325362961328164,0.1715620073250287,0.04653216140517813,0.3306807894827628,positive,0.8909595549476735,21,tie,False,False
S_Q_020,Vanilla PageRank,adoption_breadth,future_child_owner_breadth_3m,lift,0.1,6,0.3068525962996896,0.19436638920046542,0.10287758027482724,0.5108276123245519,0.011794964037384352,0.16690546727879862,0.44768965956565276,positive,0.200514388635534,21,tie,False,False
S_Q_020,Vanilla PageRank,adoption_breadth,future_high_download_child_owner_breadth_3m,lift,0.1,6,0.13300456404423366,0.3317430487718113,-0.21513841462465688,0.4811475427131242,0.37116807712664446,-0.10922262635913309,0.37626237044825256,mixed,0.8909595549476735,21,tie,False,False
S_Q_020,Vanilla PageRank,adoption_breadth,future_high_like_child_owner_breadth_3m,lift,0.1,6,0.1531651283922054,0.07129245480361053,0.07834828546562284,0.22798197131878795,0.003292077912251332,0.10315363612851813,0.2059107481137957,positive,0.05925740242052397,21,tie,False,False
S_Q_020,Vanilla PageRank,adoption_breadth,future_cross_owner_reuse_share_3m,lift,0.1,6,0.41678970511468116,0.327165959795258,0.07345008674476078,0.7601293234846016,0.026237337294899767,0.17724907197321502,0.6539402290047601,positive,0.36732272212859673,21,tie,False,False
S_Q_030,AllTime DerivCount,quantity,future_direct_children_3m,lift,0.1,6,0.33129565322430565,0.22100999303329946,0.099359889761998,0.5632314166866133,0.014416218822879788,0.17019857763060045,0.4888226071168716,positive,0.2162432823431968,21,tie,False,False
S_Q_030,AllTime DerivCount,quantity,future_active_parent_months_3m,lift,0.1,6,0.3541159851656665,0.2260871495446243,0.11685207271104461,0.5913798976202884,0.012165819480658159,0.18691458092694613,0.5112089802333963,positive,0.200514388635534,21,tie,False,False
S_Q_030,AllTime DerivCount,quantity,future_active_parent_binary_3m,auc,0.01,6,0.033431289045227686,0.038720645914816776,-0.007203536777573891,0.07406611486802926,0.08807503466641549,0.007081230923931037,0.06222873274644578,positive,0.7926753119977394,21,tie,False,False
S_Q_030,AllTime DerivCount,descendant_quality,future_child_download_quality_sum_3m,lift,0.1,6,0.25465414210171394,0.2461148671532501,-0.0036275709971722025,0.5129358552006,0.05224405144563698,0.07438651698808123,0.42690013348319966,positive,0.5224405144563697,21,tie,False,False
S_Q_030,AllTime DerivCount,descendant_quality,future_child_like_quality_sum_3m,lift,0.1,6,0.21724052596540622,0.09102391810347417,0.12171678222464714,0.3127642697061653,0.002073254231293222,0.15833245837360396,0.2906785416615887,positive,0.03939183039457122,21,win,True,False
S_Q_030,AllTime DerivCount,descendant_quality,future_high_download_child_count_3m,lift,0.1,6,0.133419178818179,0.3706403461980229,-0.2555440100654123,0.5223823677017703,0.41828138763205763,-0.14566498608955084,0.4044511476788531,mixed,0.8909595549476691,21,tie,False,False
S_Q_030,AllTime DerivCount,descendant_quality,future_high_like_child_count_3m,lift,0.1,6,0.1328607616071978,0.11483329411441383,0.012350610116874175,0.25337091309752147,0.03650143187359776,0.0445513200452922,0.20896441136691876,positive,0.40151575060957534,21,tie,False,False
S_Q_030,AllTime DerivCount,descendant_quality,future_nonzero_like_child_share_3m,lift,0.1,6,0.18079256887108888,0.14918538279366111,0.024232111215895774,0.33735302652628196,0.03121281904529189,0.06734000473132173,0.2858243090617407,positive,0.39406581730497875,21,tie,False,False
S_Q_030,AllTime DerivCount,descendant_quality,future_nonzero_download_child_share_3m,lift,0.1,6,0.2927441395471291,0.23951551626003822,0.04138802047575885,0.5441002586184993,0.03031275517730606,0.12313688527740774,0.4595001822876865,positive,0.39406581730497875,21,tie,False,False
S_Q_030,AllTime DerivCount,descendant_quality,future_child_download_quality_mean_3m,lift,0.1,6,0.25852686004201714,0.3302295852760161,-0.08802783609470433,0.6050815561787386,0.113272054443167,0.014574535715705291,0.48913908471710665,positive,0.8909595549476691,21,tie,False,False
S_Q_030,AllTime DerivCount,descendant_quality,future_child_download_quality_median_3m,lift,0.1,6,0.26072991297941167,0.3307650405401564,-0.0863867089950685,0.6078465349538918,0.11136994436845864,0.0193989792097371,0.4932926831018721,positive,0.8909595549476691,21,tie,False,False
S_Q_030,AllTime DerivCount,descendant_quality,future_child_like_quality_mean_3m,lift,0.1,6,0.29499208964525686,0.11080236163623174,0.17871214235955174,0.411272036930962,0.0012676209513032824,0.21423847947209898,0.3757456998184147,positive,0.02662003997736893,21,win,True,False
S_Q_030,AllTime DerivCount,descendant_quality,future_child_like_quality_median_3m,lift,0.1,6,0.2977490454259158,0.11739881350753824,0.1745465464496031,0.4209515444022285,0.0015790673892146425,0.212305522985779,0.3831925678660526,positive,0.03158134778429285,21,win,True,False
S_Q_030,AllTime DerivCount,repropagation,future_child_becomes_parent_share_3m,lift,0.1,3,0.21342236288894778,0.14137099223071622,-0.13776265025458528,0.5646073760324808,0.12040642239532515,0.07981523034384885,0.36145159040290853,positive,0.8909595549476691,21,tie,False,False
S_Q_030,AllTime DerivCount,repropagation,future_child_future_child_count_mean_3m,lift,0.1,3,0.15347570187549842,0.1047318196679497,-0.10669256097866625,0.4136439647296631,0.12644480542056374,0.06690216226678736,0.26988921597135196,positive,0.8909595549476691,21,tie,False,False
S_Q_030,AllTime DerivCount,repropagation,future_child_future_child_count_median_3m,lift,0.1,3,0.14305675427449258,0.12108610393883597,-0.1577378028851625,0.4438513114341477,0.17734275923654969,0.04328995617682452,0.2777740148710066,positive,0.8909595549476691,21,tie,False,False
S_Q_030,AllTime DerivCount,repropagation,future_child_second_order_diffusion_share_3m,lift,0.1,3,0.1742082812426015,0.14424643738538012,-0.1841197336476134,0.5325362961328164,0.1715620073250287,0.04653216140517813,0.3306807894827628,positive,0.8909595549476691,21,tie,False,False
S_Q_030,AllTime DerivCount,adoption_breadth,future_child_owner_breadth_3m,lift,0.1,6,0.3068525962996896,0.19436638920046542,0.10287758027482724,0.5108276123245519,0.011794964037384352,0.16919392753370482,0.4487804748021687,positive,0.200514388635534,21,tie,False,False
S_Q_030,AllTime DerivCount,adoption_breadth,future_high_download_child_owner_breadth_3m,lift,0.1,6,0.13300456404423366,0.3317430487718113,-0.21513841462465688,0.4811475427131242,0.37116807712664446,-0.11025324235978522,0.37626237044825256,mixed,0.8909595549476691,21,tie,False,False
S_Q_030,AllTime DerivCount,adoption_breadth,future_high_like_child_owner_breadth_3m,lift,0.1,6,0.1531651283922054,0.07129245480361053,0.07834828546562284,0.22798197131878795,0.003292077912251332,0.10256666934121166,0.20881563857003674,positive,0.05925740242052397,21,tie,False,False
S_Q_030,AllTime DerivCount,adoption_breadth,future_cross_owner_reuse_share_3m,lift,0.1,6,0.4167897051146814,0.32716595979525814,0.07345008674476078,0.760129323484602,0.02623733729489973,0.17895231072416826,0.6551352836304541,positive,0.3673227221285962,21,tie,False,False
S_Q_030,Current DerivCount,quantity,future_direct_children_3m,lift,0.1,6,1.8646625948550943,0.5954293334197924,1.239797831324855,2.4895273583853337,0.0005999008541360718,1.4107049209327513,2.2751631558561454,positive,0.008398611957905006,21,win,True,False
S_Q_030,Current DerivCount,quantity,future_active_parent_months_3m,lift,0.1,6,2.362749122950797,0.7052081238923673,1.622678584193964,3.1028196617076302,0.000437225384051212,1.8484565480812936,2.8709022975202303,positive,0.00655838076076818,21,win,True,False
S_Q_030,Current DerivCount,quantity,future_active_parent_binary_3m,auc,0.01,6,0.17045291258148162,0.03794589902090204,0.1306311337610529,0.21027469140191035,0.00010790508083297132,0.14322219335872965,0.19768363180423362,positive,0.0019422914549934837,21,win,True,False
S_Q_030,Current DerivCount,descendant_quality,future_child_download_quality_sum_3m,lift,0.1,6,1.4718150125095273,0.47289901144041957,0.9755379358323722,1.9680920891866824,0.0006174427798680189,1.1112602880900517,1.7908500241296215,positive,0.008398611957905006,21,win,True,False
S_Q_030,Current DerivCount,descendant_quality,future_child_like_quality_sum_3m,lift,0.1,6,1.7227174586570217,0.7858844605121995,0.8979822969550914,2.547452620358952,0.003016030008533313,1.1291122362391015,2.281411369467406,positive,0.02237893152103065,21,win,True,False
S_Q_030,Current DerivCount,descendant_quality,future_high_download_child_count_3m,lift,0.1,6,0.385285096338283,0.2503780665984894,0.12252942980157794,0.648040762874988,0.01303219292347753,0.21770663054547826,0.5845595575171094,positive,0.06516096461738766,21,tie,False,False
S_Q_030,Current DerivCount,descendant_quality,future_high_like_child_count_3m,lift,0.1,6,1.7797942074346451,0.7124678298977718,1.0321050744605738,2.5274833404087165,0.001690515632271919,1.1982687532980238,2.1898070701678667,positive,0.01690515632271919,21,win,True,False
S_Q_030,Current DerivCount,descendant_quality,future_nonzero_like_child_share_3m,lift,0.1,6,2.4577028450304277,0.4406385686727301,1.9952810267525105,2.9201246633083446,3.767734105014686e-05,2.1718693548477215,2.7919473884209824,positive,0.0007158694799527903,21,win,True,False
S_Q_030,Current DerivCount,descendant_quality,future_nonzero_download_child_share_3m,lift,0.1,6,2.2883286127618128,0.7440778218444231,1.5074668276621006,3.069190397861525,0.0006527340078332809,1.7444985486277789,2.818719316116622,positive,0.008398611957905006,21,win,True,False
S_Q_030,Current DerivCount,descendant_quality,future_child_download_quality_mean_3m,lift,0.1,6,1.9096677522054895,0.8336640351959617,1.034791001971347,2.7845445024396316,0.0024865479467811834,1.2986903326356887,2.5039586127731766,positive,0.02237893152103065,21,win,True,False
S_Q_030,Current DerivCount,descendant_quality,future_child_download_quality_median_3m,lift,0.1,6,1.911348308454211,0.8372348091738911,1.0327242607456164,2.7899723561628056,0.0025240342545314464,1.3056108380510463,2.502897523797739,positive,0.02237893152103065,21,win,True,False
S_Q_030,Current DerivCount,descendant_quality,future_child_like_quality_mean_3m,lift,0.1,6,2.735594077874263,0.3963494631990783,2.319650825339508,3.1515373304090177,1.3240833458396065e-05,2.437357795750266,3.016866623091167,positive,0.0002648166691679213,21,win,True,False
S_Q_030,Current DerivCount,descendant_quality,future_child_like_quality_median_3m,lift,0.1,6,2.821698143931792,0.363098665256924,2.4406494638125142,3.2027468240510695,7.374617429404125e-06,2.548705447586407,3.072753662903724,positive,0.00015486696601748663,21,win,True,False
S_Q_030,Current DerivCount,repropagation,future_child_becomes_parent_share_3m,lift,0.1,3,5.252787040855531,1.0706684849531303,2.5930990806338294,7.912475001077233,0.013567509018571915,4.4955699137062055,6.477739312054717,positive,0.06516096461738766,21,tie,False,False
S_Q_030,Current DerivCount,repropagation,future_child_future_child_count_mean_3m,lift,0.1,3,5.55274859167569,1.4533429912695042,1.942444458999824,9.163052724351555,0.022081368250371543,4.4077558876912635,7.187765358125439,positive,0.06624410475111463,21,tie,False,False
S_Q_030,Current DerivCount,repropagation,future_child_future_child_count_median_3m,lift,0.1,3,5.979960409845361,1.923890306811476,1.2007519454832867,10.759168874207436,0.03281314758105625,4.718605223273796,8.194333438694724,positive,0.06624410475111463,21,tie,False,False
S_Q_030,Current DerivCount,repropagation,future_child_second_order_diffusion_share_3m,lift,0.1,3,5.6538868379415375,1.6914602029258101,1.4520667599807373,9.855706915902338,0.028561781023449237,4.50996500350053,7.596840003717321,positive,0.06624410475111463,21,tie,False,False
S_Q_030,Current DerivCount,adoption_breadth,future_child_owner_breadth_3m,lift,0.1,6,1.898191972056992,0.551684724885191,1.3192343597762615,2.4771495843377225,0.00038574962253884996,1.484619306960069,2.28101209001704,positive,0.006171993960621599,21,win,True,False
S_Q_030,Current DerivCount,adoption_breadth,future_high_download_child_owner_breadth_3m,lift,0.1,6,0.3982729623109223,0.24508619719928657,0.14107077212341562,0.655475152498429,0.010525489097975481,0.23051777813314178,0.5843341380891417,positive,0.06315293458785289,21,tie,False,False
S_Q_030,Current DerivCount,adoption_breadth,future_high_like_child_owner_breadth_3m,lift,0.1,6,2.006249853872942,0.5399244277853281,1.439633916504573,2.572865791241311,0.0002679636942504148,1.6031164339003219,2.368616846372524,positive,0.004555382802257051,21,win,True,False
S_Q_030,Current DerivCount,adoption_breadth,future_cross_owner_reuse_share_3m,lift,0.1,6,2.5024736588658385,0.9074382815729651,1.5501755851772014,3.454771732554476,0.0010795383914129952,1.8508945757731563,3.1407861572969225,positive,0.011874922305542948,21,win,True,False
S_Q_030,Vanilla PageRank,quantity,future_direct_children_3m,lift,0.1,6,0.33129565322430565,0.22100999303329946,0.099359889761998,0.5632314166866133,0.014416218822879788,0.17019857763060045,0.49045488810707516,positive,0.2162432823431968,21,tie,False,False
S_Q_030,Vanilla PageRank,quantity,future_active_parent_months_3m,lift,0.1,6,0.3541159851656665,0.2260871495446243,0.11685207271104461,0.5913798976202884,0.012165819480658159,0.18620935227349297,0.5140970412456908,positive,0.200514388635534,21,tie,False,False
S_Q_030,Vanilla PageRank,quantity,future_active_parent_binary_3m,auc,0.01,6,0.03427871505123594,0.03878856728591404,-0.0064273898791057035,0.07498481998157758,0.08269526040347103,0.00640479815766896,0.06310646012387545,positive,0.7442573436312392,21,tie,False,False
S_Q_030,Vanilla PageRank,descendant_quality,future_child_download_quality_sum_3m,lift,0.1,6,0.2546541421017137,0.2461148671532504,-0.0036275709971727577,0.5129358552006003,0.05224405144563728,0.0653785368045318,0.42287232368376454,positive,0.5224405144563727,21,tie,False,False
S_Q_030,Vanilla PageRank,descendant_quality,future_child_like_quality_sum_3m,lift,0.1,6,0.21724052596540608,0.09102391810347414,0.12171678222464702,0.3127642697061651,0.0020732542312932277,0.1583324583736038,0.2883206553462448,positive,0.03939183039457132,21,win,True,False
S_Q_030,Vanilla PageRank,descendant_quality,future_high_download_child_count_3m,lift,0.1,6,0.133419178818179,0.3706403461980229,-0.2555440100654123,0.5223823677017703,0.41828138763205763,-0.14351077831679668,0.40295146943723764,mixed,0.8909595549476729,21,tie,False,False
S_Q_030,Vanilla PageRank,descendant_quality,future_high_like_child_count_3m,lift,0.1,6,0.1328607616071978,0.11483329411441383,0.012350610116874175,0.25337091309752147,0.03650143187359776,0.04453056534651761,0.21178238070779956,positive,0.40151575060957534,21,tie,False,False
S_Q_030,Vanilla PageRank,descendant_quality,future_nonzero_like_child_share_3m,lift,0.1,6,0.18079256887108888,0.14918538279366078,0.024232111215896107,0.33735302652628163,0.031212819045291666,0.07081918915894188,0.28581803490662167,positive,0.39406581730497897,21,tie,False,False
S_Q_030,Vanilla PageRank,descendant_quality,future_nonzero_download_child_share_3m,lift,0.1,6,0.2927441395471291,0.2395155162600383,0.04138802047575879,0.5441002586184993,0.030312755177306076,0.12313688527740803,0.46036682683553276,positive,0.39406581730497897,21,tie,False,False
S_Q_030,Vanilla PageRank,descendant_quality,future_child_download_quality_mean_3m,lift,0.1,6,0.2585268600420174,0.3302295852760164,-0.08802783609470438,0.6050815561787393,0.113272054443167,0.011499848118728876,0.4893864447970184,positive,0.8909595549476729,21,tie,False,False
S_Q_030,Vanilla PageRank,descendant_quality,future_child_download_quality_median_3m,lift,0.1,6,0.26072991297941117,0.3307650405401563,-0.08638670899506895,0.6078465349538913,0.11136994436845911,0.01377016245430207,0.4876638663464364,positive,0.8909595549476729,21,tie,False,False
S_Q_030,Vanilla PageRank,descendant_quality,future_child_like_quality_mean_3m,lift,0.1,6,0.29499208964525686,0.11080236163623214,0.17871214235955135,0.41127203693096237,0.001267620951303303,0.2142384794720987,0.375745699818415,positive,0.02662003997736936,21,win,True,False
S_Q_030,Vanilla PageRank,descendant_quality,future_child_like_quality_median_3m,lift,0.1,6,0.29774904542591535,0.11739881350753836,0.1745465464496025,0.4209515444022282,0.0015790673892146626,0.21230552298577843,0.3831925678660523,positive,0.03158134778429325,21,win,True,False
S_Q_030,Vanilla PageRank,repropagation,future_child_becomes_parent_share_3m,lift,0.1,3,0.21342236288894778,0.14137099223071622,-0.13776265025458528,0.5646073760324808,0.12040642239532515,0.07981523034384885,0.36145159040290853,positive,0.8909595549476729,21,tie,False,False
S_Q_030,Vanilla PageRank,repropagation,future_child_future_child_count_mean_3m,lift,0.1,3,0.15347570187549842,0.1047318196679497,-0.10669256097866625,0.4136439647296631,0.12644480542056374,0.06690216226678736,0.26988921597135196,positive,0.8909595549476729,21,tie,False,False
S_Q_030,Vanilla PageRank,repropagation,future_child_future_child_count_median_3m,lift,0.1,3,0.14305675427449258,0.12108610393883597,-0.1577378028851625,0.4438513114341477,0.17734275923654969,0.04328995617682452,0.2777740148710066,positive,0.8909595549476729,21,tie,False,False
S_Q_030,Vanilla PageRank,repropagation,future_child_second_order_diffusion_share_3m,lift,0.1,3,0.1742082812426015,0.14424643738538012,-0.1841197336476134,0.5325362961328164,0.1715620073250287,0.04653216140517813,0.3306807894827628,positive,0.8909595549476729,21,tie,False,False
S_Q_030,Vanilla PageRank,adoption_breadth,future_child_owner_breadth_3m,lift,0.1,6,0.3068525962996896,0.19436638920046542,0.10287758027482724,0.5108276123245519,0.011794964037384352,0.1680405922158706,0.44250826722795944,positive,0.200514388635534,21,tie,False,False
S_Q_030,Vanilla PageRank,adoption_breadth,future_high_download_child_owner_breadth_3m,lift,0.1,6,0.13300456404423366,0.3317430487718113,-0.21513841462465688,0.4811475427131242,0.37116807712664446,-0.11025324235978522,0.37626237044825256,mixed,0.8909595549476729,21,tie,False,False
S_Q_030,Vanilla PageRank,adoption_breadth,future_high_like_child_owner_breadth_3m,lift,0.1,6,0.1531651283922054,0.07129245480361053,0.07834828546562284,0.22798197131878795,0.003292077912251332,0.10315363612851813,0.20628961300661794,positive,0.05925740242052397,21,tie,False,False
S_Q_030,Vanilla PageRank,adoption_breadth,future_cross_owner_reuse_share_3m,lift,0.1,6,0.41678970511468133,0.32716595979525814,0.07345008674476072,0.7601293234846019,0.026237337294899767,0.1784441265989086,0.6539402290047605,positive,0.36732272212859673,21,tie,False,False
S_Q_040,AllTime DerivCount,quantity,future_direct_children_3m,lift,0.1,6,0.33129565322430565,0.22100999303329946,0.099359889761998,0.5632314166866133,0.014416218822879788,0.17019857763060045,0.4904649795741595,positive,0.2162432823431968,21,tie,False,False
S_Q_040,AllTime DerivCount,quantity,future_active_parent_months_3m,lift,0.1,6,0.3541159851656665,0.2260871495446243,0.11685207271104461,0.5913798976202884,0.012165819480658159,0.19407909338255996,0.5140970412456908,positive,0.200514388635534,21,tie,False,False
S_Q_040,AllTime DerivCount,quantity,future_active_parent_binary_3m,auc,0.01,6,0.03343461833372452,0.038716969124028826,-0.007196348933783736,0.07406558560123278,0.08802910725950192,0.007050751640455803,0.062229790241521456,positive,0.7922619653355172,21,tie,False,False
S_Q_040,AllTime DerivCount,descendant_quality,future_child_download_quality_sum_3m,lift,0.1,6,0.25465414210171416,0.24611486715325018,-0.0036275709971720915,0.5129358552006005,0.05224405144563682,0.06233707345649934,0.42690013348319994,positive,0.5224405144563682,21,tie,False,False
S_Q_040,AllTime DerivCount,descendant_quality,future_child_like_quality_sum_3m,lift,0.1,6,0.21724052596540636,0.09102391810347406,0.1217167822246474,0.31276426970616533,0.0020732542312932047,0.1583324583736041,0.2906785416615887,positive,0.03939183039457089,21,win,True,False
S_Q_040,AllTime DerivCount,descendant_quality,future_high_download_child_count_3m,lift,0.1,6,0.133419178818179,0.3706403461980229,-0.2555440100654123,0.5223823677017703,0.41828138763205763,-0.14351077831679668,0.40295146943723764,mixed,0.8909595549476703,21,tie,False,False
S_Q_040,AllTime DerivCount,descendant_quality,future_high_like_child_count_3m,lift,0.1,6,0.1328607616071978,0.11483329411441383,0.012350610116874175,0.25337091309752147,0.03650143187359776,0.0445513200452922,0.21178238070779956,positive,0.40151575060957534,21,tie,False,False
S_Q_040,AllTime DerivCount,descendant_quality,future_nonzero_like_child_share_3m,lift,0.1,6,0.18079256887108888,0.14918538279366111,0.024232111215895774,0.33735302652628196,0.03121281904529189,0.07107015536370342,0.2853161024970978,positive,0.39406581730497875,21,tie,False,False
S_Q_040,AllTime DerivCount,descendant_quality,future_nonzero_download_child_share_3m,lift,0.1,6,0.2927441395471291,0.23951551626003822,0.04138802047575885,0.5441002586184993,0.03031275517730606,0.10332298435468701,0.4603668268355326,positive,0.39406581730497875,21,tie,False,False
S_Q_040,AllTime DerivCount,descendant_quality,future_child_download_quality_mean_3m,lift,0.1,6,0.258526860042017,0.33022958527601604,-0.08802783609470438,0.6050815561787384,0.11327205444316706,0.014574535715705142,0.49953477976367894,positive,0.8909595549476703,21,tie,False,False
S_Q_040,AllTime DerivCount,descendant_quality,future_child_download_quality_median_3m,lift,0.1,6,0.26072991297941145,0.3307650405401563,-0.08638670899506867,0.6078465349538915,0.11136994436845879,0.015976559358771587,0.48766386634643716,positive,0.8909595549476703,21,tie,False,False
S_Q_040,AllTime DerivCount,descendant_quality,future_child_like_quality_mean_3m,lift,0.1,6,0.29499208964525686,0.11080236163623174,0.17871214235955174,0.411272036930962,0.0012676209513032824,0.21423847947209898,0.37327890231456884,positive,0.02662003997736893,21,win,True,False
S_Q_040,AllTime DerivCount,descendant_quality,future_child_like_quality_median_3m,lift,0.1,6,0.2977490454259161,0.1173988135075384,0.17454654644960324,0.42095154440222904,0.0015790673892146457,0.21230552298577918,0.38319256786605305,positive,0.03158134778429292,21,win,True,False
S_Q_040,AllTime DerivCount,repropagation,future_child_becomes_parent_share_3m,lift,0.1,3,0.2134223628889472,0.14137099223071709,-0.13776265025458798,0.5646073760324823,0.12040642239532687,0.07981523034384708,0.36145159040290853,positive,0.8909595549476703,21,tie,False,False
S_Q_040,AllTime DerivCount,repropagation,future_child_future_child_count_mean_3m,lift,0.1,3,0.15347570187549783,0.10473181966795042,-0.10669256097866861,0.41364396472966425,0.12644480542056594,0.06690216226678558,0.26988921597135196,positive,0.8909595549476703,21,tie,False,False
S_Q_040,AllTime DerivCount,repropagation,future_child_future_child_count_median_3m,lift,0.1,3,0.14305675427449258,0.12108610393883597,-0.1577378028851625,0.4438513114341477,0.17734275923654969,0.04328995617682452,0.2777740148710066,positive,0.8909595549476703,21,tie,False,False
S_Q_040,AllTime DerivCount,repropagation,future_child_second_order_diffusion_share_3m,lift,0.1,3,0.1742082812426015,0.14424643738538012,-0.1841197336476134,0.5325362961328164,0.1715620073250287,0.04653216140517813,0.3306807894827628,positive,0.8909595549476703,21,tie,False,False
S_Q_040,AllTime DerivCount,adoption_breadth,future_child_owner_breadth_3m,lift,0.1,6,0.3068525962996896,0.19436638920046542,0.10287758027482724,0.5108276123245519,0.011794964037384352,0.16832624164475943,0.4453965379988305,positive,0.200514388635534,21,tie,False,False
S_Q_040,AllTime DerivCount,adoption_breadth,future_high_download_child_owner_breadth_3m,lift,0.1,6,0.13300456404423366,0.3317430487718113,-0.21513841462465688,0.4811475427131242,0.37116807712664446,-0.11025324235978522,0.37626237044825256,mixed,0.8909595549476703,21,tie,False,False
S_Q_040,AllTime DerivCount,adoption_breadth,future_high_like_child_owner_breadth_3m,lift,0.1,6,0.1531651283922054,0.07129245480361053,0.07834828546562284,0.22798197131878795,0.003292077912251332,0.1047519913993645,0.20628961300661794,positive,0.05925740242052397,21,tie,False,False
S_Q_040,AllTime DerivCount,adoption_breadth,future_cross_owner_reuse_share_3m,lift,0.1,6,0.4167897051146814,0.32716595979525814,0.07345008674476078,0.760129323484602,0.02623733729489973,0.17844412659890865,0.6539402290047608,positive,0.3673227221285962,21,tie,False,False
S_Q_040,Current DerivCount,quantity,future_direct_children_3m,lift,0.1,6,1.8646625948550943,0.5954293334197924,1.239797831324855,2.4895273583853337,0.0005999008541360718,1.4107049209327513,2.28328291439551,positive,0.008398611957905006,21,win,True,False
S_Q_040,Current DerivCount,quantity,future_active_parent_months_3m,lift,0.1,6,2.362749122950797,0.7052081238923673,1.622678584193964,3.1028196617076302,0.000437225384051212,1.8484565480812936,2.8709022975202303,positive,0.00655838076076818,21,win,True,False
S_Q_040,Current DerivCount,quantity,future_active_parent_binary_3m,auc,0.01,6,0.17045624186997846,0.037945973991906495,0.13063438437230568,0.21027809936765124,0.00010789593167497878,0.14322492037941,0.19813172569716106,positive,0.001942126770149618,21,win,True,False
S_Q_040,Current DerivCount,descendant_quality,future_child_download_quality_sum_3m,lift,0.1,6,1.4718150125095277,0.4728990114404195,0.9755379358323727,1.9680920891866829,0.0006174427798680171,1.111260288090052,1.790916767276606,positive,0.008398611957905006,21,win,True,False
S_Q_040,Current DerivCount,descendant_quality,future_child_like_quality_sum_3m,lift,0.1,6,1.722717458657022,0.7858844605121995,0.8979822969550916,2.5474526203589525,0.00301603000853331,1.1406943055694507,2.281411369467406,positive,0.02237893152103065,21,win,True,False
S_Q_040,Current DerivCount,descendant_quality,future_high_download_child_count_3m,lift,0.1,6,0.385285096338283,0.2503780665984894,0.12252942980157794,0.648040762874988,0.01303219292347753,0.2202064394952288,0.5845595575171094,positive,0.06516096461738766,21,tie,False,False
S_Q_040,Current DerivCount,descendant_quality,future_high_like_child_count_3m,lift,0.1,6,1.7797942074346451,0.7124678298977718,1.0321050744605738,2.5274833404087165,0.001690515632271919,1.1982687532980238,2.198163881783828,positive,0.01690515632271919,21,win,True,False
S_Q_040,Current DerivCount,descendant_quality,future_nonzero_like_child_share_3m,lift,0.1,6,2.4577028450304277,0.4406385686727301,1.9952810267525105,2.9201246633083446,3.767734105014686e-05,2.168572143178165,2.795244600090539,positive,0.0007158694799527903,21,win,True,False
S_Q_040,Current DerivCount,descendant_quality,future_nonzero_download_child_share_3m,lift,0.1,6,2.2883286127618128,0.7440778218444231,1.5074668276621006,3.069190397861525,0.0006527340078332809,1.720192045604901,2.818719316116622,positive,0.008398611957905006,21,win,True,False
S_Q_040,Current DerivCount,descendant_quality,future_child_download_quality_mean_3m,lift,0.1,6,1.9096677522054895,0.8336640351959617,1.034791001971347,2.7845445024396316,0.0024865479467811834,1.3218032828626767,2.4913149220966537,positive,0.02237893152103065,21,win,True,False
S_Q_040,Current DerivCount,descendant_quality,future_child_download_quality_median_3m,lift,0.1,6,1.911348308454211,0.8372348091738913,1.0327242607456162,2.789972356162806,0.0025240342545314464,1.3146624176120074,2.520933096840921,positive,0.02237893152103065,21,win,True,False
S_Q_040,Current DerivCount,descendant_quality,future_child_like_quality_mean_3m,lift,0.1,6,2.735594077874263,0.3963494631990783,2.319650825339508,3.1515373304090177,1.3240833458396065e-05,2.437357795750266,3.016866623091167,positive,0.0002648166691679213,21,win,True,False
S_Q_040,Current DerivCount,descendant_quality,future_child_like_quality_median_3m,lift,0.1,6,2.821698143931792,0.3630986652569243,2.440649463812514,3.20274682405107,7.374617429404151e-06,2.542846675351504,3.0801160803252468,positive,0.00015486696601748717,21,win,True,False
S_Q_040,Current DerivCount,repropagation,future_child_becomes_parent_share_3m,lift,0.1,3,5.252787040855531,1.0706684849531312,2.5930990806338268,7.912475001077235,0.013567509018571934,4.495569913706204,6.477739312054717,positive,0.06516096461738766,21,tie,False,False
S_Q_040,Current DerivCount,repropagation,future_child_future_child_count_mean_3m,lift,0.1,3,5.55274859167569,1.453342991269505,1.9424444589998222,9.163052724351559,0.022081368250371568,4.407755887691262,7.187765358125439,positive,0.0662441047511147,21,tie,False,False
S_Q_040,Current DerivCount,repropagation,future_child_future_child_count_median_3m,lift,0.1,3,5.979960409845361,1.923890306811476,1.2007519454832867,10.759168874207436,0.03281314758105625,4.718605223273796,8.194333438694724,positive,0.0662441047511147,21,tie,False,False
S_Q_040,Current DerivCount,repropagation,future_child_second_order_diffusion_share_3m,lift,0.1,3,5.6538868379415375,1.6914602029258101,1.4520667599807373,9.855706915902338,0.028561781023449237,4.50996500350053,7.596840003717321,positive,0.0662441047511147,21,tie,False,False
S_Q_040,Current DerivCount,adoption_breadth,future_child_owner_breadth_3m,lift,0.1,6,1.898191972056992,0.551684724885191,1.3192343597762615,2.4771495843377225,0.00038574962253884996,1.4995261060700298,2.28101209001704,positive,0.006171993960621599,21,win,True,False
S_Q_040,Current DerivCount,adoption_breadth,future_high_download_child_owner_breadth_3m,lift,0.1,6,0.3982729623109223,0.24508619719928657,0.14107077212341562,0.655475152498429,0.010525489097975481,0.23210757452255745,0.5859239344785574,positive,0.06315293458785289,21,tie,False,False
S_Q_040,Current DerivCount,adoption_breadth,future_high_like_child_owner_breadth_3m,lift,0.1,6,2.006249853872942,0.5399244277853281,1.439633916504573,2.572865791241311,0.0002679636942504148,1.586449779398342,2.3672254616418598,positive,0.004555382802257051,21,win,True,False
S_Q_040,Current DerivCount,adoption_breadth,future_cross_owner_reuse_share_3m,lift,0.1,6,2.5024736588658385,0.9074382815729651,1.5501755851772014,3.454771732554476,0.0010795383914129952,1.8574362857337576,3.1407861572969225,positive,0.011874922305542948,21,win,True,False
S_Q_040,Vanilla PageRank,quantity,future_direct_children_3m,lift,0.1,6,0.33129565322430565,0.22100999303329946,0.099359889761998,0.5632314166866133,0.014416218822879788,0.16826073691966478,0.4888290948707967,positive,0.2162432823431968,21,tie,False,False
S_Q_040,Vanilla PageRank,quantity,future_active_parent_months_3m,lift,0.1,6,0.3541159851656665,0.2260871495446243,0.11685207271104461,0.5913798976202884,0.012165819480658159,0.19163771785002925,0.5140970412456908,positive,0.200514388635534,21,tie,False,False
S_Q_040,Vanilla PageRank,quantity,future_active_parent_binary_3m,auc,0.01,6,0.034282044339732774,0.03878488541480636,-0.006420196703846963,0.0749842853833125,0.0826518518616749,0.006414699449748984,0.06310751761895113,positive,0.7438666667550741,21,tie,False,False
S_Q_040,Vanilla PageRank,descendant_quality,future_child_download_quality_sum_3m,lift,0.1,6,0.25465414210171394,0.24611486715325046,-0.003627570997172591,0.5129358552006005,0.05224405144563716,0.07340205908915932,0.42690013348319994,positive,0.5224405144563716,21,tie,False,False
S_Q_040,Vanilla PageRank,descendant_quality,future_child_like_quality_sum_3m,lift,0.1,6,0.21724052596540622,0.09102391810347403,0.12171678222464728,0.31276426970616517,0.002073254231293207,0.15833245837360396,0.2882565581359741,positive,0.039391830394570934,21,win,True,False
S_Q_040,Vanilla PageRank,descendant_quality,future_high_download_child_count_3m,lift,0.1,6,0.133419178818179,0.3706403461980229,-0.2555440100654123,0.5223823677017703,0.41828138763205763,-0.14351077831679668,0.40295146943723764,mixed,0.8909595549476735,21,tie,False,False
S_Q_040,Vanilla PageRank,descendant_quality,future_high_like_child_count_3m,lift,0.1,6,0.1328607616071978,0.11483329411441383,0.012350610116874175,0.25337091309752147,0.03650143187359776,0.047362330274435954,0.2113690189606691,positive,0.40151575060957534,21,tie,False,False
S_Q_040,Vanilla PageRank,descendant_quality,future_nonzero_like_child_share_3m,lift,0.1,6,0.18079256887108888,0.14918538279366078,0.024232111215896107,0.33735302652628163,0.031212819045291666,0.07211175599869464,0.28581803490662167,positive,0.39406581730497897,21,tie,False,False
S_Q_040,Vanilla PageRank,descendant_quality,future_nonzero_download_child_share_3m,lift,0.1,6,0.2927441395471291,0.2395155162600383,0.04138802047575879,0.5441002586184993,0.030312755177306076,0.12313688527740803,0.46036682683553276,positive,0.39406581730497897,21,tie,False,False
S_Q_040,Vanilla PageRank,descendant_quality,future_child_download_quality_mean_3m,lift,0.1,6,0.25852686004201736,0.33022958527601637,-0.08802783609470438,0.605081556178739,0.113272054443167,0.014497668525780806,0.4891390847171069,positive,0.8909595549476735,21,tie,False,False
S_Q_040,Vanilla PageRank,descendant_quality,future_child_download_quality_median_3m,lift,0.1,6,0.26072991297941095,0.3307650405401562,-0.08638670899506906,0.607846534953891,0.11136994436845919,0.010347742603336854,0.49643202999365094,positive,0.8909595549476735,21,tie,False,False
S_Q_040,Vanilla PageRank,descendant_quality,future_child_like_quality_mean_3m,lift,0.1,6,0.29499208964525686,0.11080236163623214,0.17871214235955135,0.41127203693096237,0.001267620951303303,0.21423689193254172,0.3756821982361361,positive,0.02662003997736936,21,win,True,False
S_Q_040,Vanilla PageRank,descendant_quality,future_child_like_quality_median_3m,lift,0.1,6,0.2977490454259157,0.11739881350753853,0.17454654644960266,0.4209515444022287,0.0015790673892146626,0.21230552298577857,0.38319256786605277,positive,0.03158134778429325,21,win,True,False
S_Q_040,Vanilla PageRank,repropagation,future_child_becomes_parent_share_3m,lift,0.1,3,0.2134223628889472,0.14137099223071709,-0.13776265025458798,0.5646073760324823,0.12040642239532687,0.07981523034384708,0.36145159040290853,positive,0.8909595549476735,21,tie,False,False
S_Q_040,Vanilla PageRank,repropagation,future_child_future_child_count_mean_3m,lift,0.1,3,0.15347570187549783,0.10473181966795042,-0.10669256097866861,0.41364396472966425,0.12644480542056594,0.06690216226678558,0.26988921597135196,positive,0.8909595549476735,21,tie,False,False
S_Q_040,Vanilla PageRank,repropagation,future_child_future_child_count_median_3m,lift,0.1,3,0.14305675427449258,0.12108610393883597,-0.1577378028851625,0.4438513114341477,0.17734275923654969,0.04328995617682452,0.2777740148710066,positive,0.8909595549476735,21,tie,False,False
S_Q_040,Vanilla PageRank,repropagation,future_child_second_order_diffusion_share_3m,lift,0.1,3,0.1742082812426015,0.14424643738538012,-0.1841197336476134,0.5325362961328164,0.1715620073250287,0.04653216140517813,0.3306807894827628,positive,0.8909595549476735,21,tie,False,False
S_Q_040,Vanilla PageRank,adoption_breadth,future_child_owner_breadth_3m,lift,0.1,6,0.3068525962996896,0.19436638920046542,0.10287758027482724,0.5108276123245519,0.011794964037384352,0.16921617588983162,0.44768965956565276,positive,0.200514388635534,21,tie,False,False
S_Q_040,Vanilla PageRank,adoption_breadth,future_high_download_child_owner_breadth_3m,lift,0.1,6,0.13300456404423366,0.3317430487718113,-0.21513841462465688,0.4811475427131242,0.37116807712664446,-0.10922262635913309,0.37626237044825256,mixed,0.8909595549476735,21,tie,False,False
S_Q_040,Vanilla PageRank,adoption_breadth,future_high_like_child_owner_breadth_3m,lift,0.1,6,0.1531651283922054,0.07129245480361053,0.07834828546562284,0.22798197131878795,0.003292077912251332,0.10506364159158363,0.20803350399975606,positive,0.05925740242052397,21,tie,False,False
S_Q_040,Vanilla PageRank,adoption_breadth,future_cross_owner_reuse_share_3m,lift,0.1,6,0.41678970511468133,0.32716595979525814,0.07345008674476072,0.7601293234846019,0.026237337294899767,0.1784441265989086,0.6539402290047605,positive,0.36732272212859673,21,tie,False,False
S_Q_050,AllTime DerivCount,quantity,future_direct_children_3m,lift,0.1,6,0.33129565322430565,0.22100999303329946,0.099359889761998,0.5632314166866133,0.014416218822879788,0.16826073691966478,0.49045488810707516,positive,0.2162432823431968,21,tie,False,False
S_Q_050,AllTime DerivCount,quantity,future_active_parent_months_3m,lift,0.1,6,0.3541159851656665,0.2260871495446243,0.11685207271104461,0.5913798976202884,0.012165819480658159,0.1894117921625591,0.5140970412456908,positive,0.200514388635534,21,tie,False,False
S_Q_050,AllTime DerivCount,quantity,future_active_parent_binary_3m,auc,0.01,6,0.03344308943914396,0.03871197403910119,-0.007182635808216924,0.07406881468650484,0.08793888896519983,0.004550859554255197,0.06223690096883625,positive,0.7914500006867985,21,tie,False,False
S_Q_050,AllTime DerivCount,descendant_quality,future_child_download_quality_sum_3m,lift,0.1,6,0.25465414210171405,0.24611486715324998,-0.0036275709971719805,0.5129358552006,0.05224405144563679,0.0703587071886463,0.4232748949050234,positive,0.522440514456368,21,tie,False,False
S_Q_050,AllTime DerivCount,descendant_quality,future_child_like_quality_sum_3m,lift,0.1,6,0.21724052596540622,0.09102391810347417,0.12171678222464714,0.3127642697061653,0.002073254231293222,0.15833245837360396,0.28825816056623116,positive,0.03939183039457122,21,win,True,False
S_Q_050,AllTime DerivCount,descendant_quality,future_high_download_child_count_3m,lift,0.1,6,0.133419178818179,0.3706403461980229,-0.2555440100654123,0.5223823677017703,0.41828138763205763,-0.14351077831679668,0.40295146943723764,mixed,0.8909595549476735,21,tie,False,False
S_Q_050,AllTime DerivCount,descendant_quality,future_high_like_child_count_3m,lift,0.1,6,0.1328607616071978,0.11483329411441383,0.012350610116874175,0.25337091309752147,0.03650143187359776,0.047090924916690126,0.2121992069116534,positive,0.40151575060957534,21,tie,False,False
S_Q_050,AllTime DerivCount,descendant_quality,future_nonzero_like_child_share_3m,lift,0.1,6,0.18079256887108874,0.14918538279366061,0.024232111215896163,0.3373530265262813,0.03121281904529163,0.06838160536631326,0.2858180349066212,positive,0.3940658173049782,21,tie,False,False
S_Q_050,AllTime DerivCount,descendant_quality,future_nonzero_download_child_share_3m,lift,0.1,6,0.29274413954712925,0.2395155162600383,0.04138802047575896,0.5441002586184995,0.030312755177306014,0.1224902035673326,0.45902894156429025,positive,0.3940658173049782,21,tie,False,False
S_Q_050,AllTime DerivCount,descendant_quality,future_child_download_quality_mean_3m,lift,0.1,6,0.25852686004201736,0.33022958527601637,-0.08802783609470438,0.605081556178739,0.11327205444316697,0.014574535715705142,0.484640288698567,positive,0.8909595549476735,21,tie,False,False
S_Q_050,AllTime DerivCount,descendant_quality,future_child_download_quality_median_3m,lift,0.1,6,0.2607299129794116,0.330765040540157,-0.08638670899506917,0.6078465349538924,0.11136994436845919,0.019398979209736582,0.49643202999365216,positive,0.8909595549476735,21,tie,False,False
S_Q_050,AllTime DerivCount,descendant_quality,future_child_like_quality_mean_3m,lift,0.1,6,0.29499208964525697,0.11080236163623172,0.17871214235955188,0.41127203693096204,0.0012676209513032804,0.21417497788981996,0.37568219823613563,positive,0.02662003997736889,21,win,True,False
S_Q_050,AllTime DerivCount,descendant_quality,future_child_like_quality_median_3m,lift,0.1,6,0.29774904542591596,0.11739881350753825,0.1745465464496032,0.4209515444022287,0.0015790673892146397,0.21230552298577918,0.38319256786605277,positive,0.03158134778429279,21,win,True,False
S_Q_050,AllTime DerivCount,repropagation,future_child_becomes_parent_share_3m,lift,0.1,3,0.21342236288894778,0.14137099223071622,-0.13776265025458528,0.5646073760324808,0.12040642239532515,0.07981523034384885,0.36145159040290853,positive,0.8909595549476735,21,tie,False,False
S_Q_050,AllTime DerivCount,repropagation,future_child_future_child_count_mean_3m,lift,0.1,3,0.15347570187549842,0.1047318196679497,-0.10669256097866625,0.4136439647296631,0.12644480542056374,0.06690216226678736,0.26988921597135196,positive,0.8909595549476735,21,tie,False,False
S_Q_050,AllTime DerivCount,repropagation,future_child_future_child_count_median_3m,lift,0.1,3,0.14305675427449258,0.12108610393883597,-0.1577378028851625,0.4438513114341477,0.17734275923654969,0.04328995617682452,0.2777740148710066,positive,0.8909595549476735,21,tie,False,False
S_Q_050,AllTime DerivCount,repropagation,future_child_second_order_diffusion_share_3m,lift,0.1,3,0.1742082812426015,0.14424643738538012,-0.1841197336476134,0.5325362961328164,0.1715620073250287,0.04653216140517813,0.3306807894827628,positive,0.8909595549476735,21,tie,False,False
S_Q_050,AllTime DerivCount,adoption_breadth,future_child_owner_breadth_3m,lift,0.1,6,0.3068525962996896,0.19436638920046542,0.10287758027482724,0.5108276123245519,0.011794964037384352,0.16921617588983162,0.44768965956565276,positive,0.200514388635534,21,tie,False,False
S_Q_050,AllTime DerivCount,adoption_breadth,future_high_download_child_owner_breadth_3m,lift,0.1,6,0.13300456404423366,0.3317430487718113,-0.21513841462465688,0.4811475427131242,0.37116807712664446,-0.10922262635913309,0.38149870145389836,mixed,0.8909595549476735,21,tie,False,False
S_Q_050,AllTime DerivCount,adoption_breadth,future_high_like_child_owner_breadth_3m,lift,0.1,6,0.1531651283922054,0.07129245480361053,0.07834828546562284,0.22798197131878795,0.003292077912251332,0.10529108231468354,0.20628961300661794,positive,0.05925740242052397,21,tie,False,False
S_Q_050,AllTime DerivCount,adoption_breadth,future_cross_owner_reuse_share_3m,lift,0.1,6,0.41678970511468116,0.32716595979525803,0.07345008674476072,0.7601293234846016,0.026237337294899767,0.17844412659890851,0.6551352836304538,positive,0.36732272212859673,21,tie,False,False
S_Q_050,Current DerivCount,quantity,future_direct_children_3m,lift,0.1,6,1.8646625948550943,0.5954293334197924,1.239797831324855,2.4895273583853337,0.0005999008541360718,1.4107049209327513,2.2748007014628957,positive,0.008398611957905006,21,win,True,False
S_Q_050,Current DerivCount,quantity,future_active_parent_months_3m,lift,0.1,6,2.362749122950797,0.7052081238923673,1.622678584193964,3.1028196617076302,0.000437225384051212,1.8545959483813637,2.8709022975202303,positive,0.00655838076076818,21,win,True,False
S_Q_050,Current DerivCount,quantity,future_active_parent_binary_3m,auc,0.01,6,0.17046471297539792,0.037943037810955094,0.13064593681066072,0.21028348914013512,0.00010782973007365191,0.14261164220303751,0.1976943883797974,positive,0.0019409351413257345,21,win,True,False
S_Q_050,Current DerivCount,descendant_quality,future_child_download_quality_sum_3m,lift,0.1,6,1.4718150125095277,0.47289901144041946,0.9755379358323728,1.9680920891866827,0.0006174427798680171,1.1112602880900517,1.7954811919273024,positive,0.008398611957905006,21,win,True,False
S_Q_050,Current DerivCount,descendant_quality,future_child_like_quality_sum_3m,lift,0.1,6,1.7227174586570217,0.7858844605121995,0.8979822969550914,2.547452620358952,0.003016030008533313,1.131177926220311,2.277246709312252,positive,0.02237893152103065,21,win,True,False
S_Q_050,Current DerivCount,descendant_quality,future_high_download_child_count_3m,lift,0.1,6,0.385285096338283,0.2503780665984894,0.12252942980157794,0.648040762874988,0.01303219292347753,0.22116405788498472,0.5845595575171094,positive,0.06516096461738766,21,tie,False,False
S_Q_050,Current DerivCount,descendant_quality,future_high_like_child_count_3m,lift,0.1,6,1.7797942074346451,0.7124678298977718,1.0321050744605738,2.5274833404087165,0.001690515632271919,1.1982687532980236,2.1975513529983215,positive,0.01690515632271919,21,win,True,False
S_Q_050,Current DerivCount,descendant_quality,future_nonzero_like_child_share_3m,lift,0.1,6,2.4577028450304272,0.4406385686727294,1.9952810267525107,2.9201246633083437,3.7677341050146605e-05,2.168572143178165,2.795244600090538,positive,0.0007158694799527855,21,win,True,False
S_Q_050,Current DerivCount,descendant_quality,future_nonzero_download_child_share_3m,lift,0.1,6,2.2883286127618128,0.744077821844423,1.5074668276621006,3.069190397861525,0.0006527340078332809,1.744498548627779,2.821848573880177,positive,0.008398611957905006,21,win,True,False
S_Q_050,Current DerivCount,descendant_quality,future_child_download_quality_mean_3m,lift,0.1,6,1.9096677522054897,0.8336640351959621,1.0347910019713469,2.7845445024396325,0.0024865479467811834,1.3039626372238757,2.491314922096654,positive,0.02237893152103065,21,win,True,False
S_Q_050,Current DerivCount,descendant_quality,future_child_download_quality_median_3m,lift,0.1,6,1.911348308454211,0.8372348091738917,1.0327242607456157,2.7899723561628065,0.0025240342545314533,1.3056108380510456,2.495156087236796,positive,0.02237893152103065,21,win,True,False
S_Q_050,Current DerivCount,descendant_quality,future_child_like_quality_mean_3m,lift,0.1,6,2.735594077874263,0.39634946319907804,2.3196508253395085,3.1515373304090173,1.3240833458395993e-05,2.437115858132366,3.014329641701846,positive,0.0002648166691679199,21,win,True,False
S_Q_050,Current DerivCount,descendant_quality,future_child_like_quality_median_3m,lift,0.1,6,2.821698143931792,0.3630986652569243,2.440649463812514,3.20274682405107,7.374617429404151e-06,2.5545089482988375,3.0786124351386275,positive,0.00015486696601748717,21,win,True,False
S_Q_050,Current DerivCount,repropagation,future_child_becomes_parent_share_3m,lift,0.1,3,5.252787040855531,1.0706684849531303,2.5930990806338294,7.912475001077233,0.013567509018571915,4.4955699137062055,6.477739312054717,positive,0.06516096461738766,21,tie,False,False
S_Q_050,Current DerivCount,repropagation,future_child_future_child_count_mean_3m,lift,0.1,3,5.55274859167569,1.4533429912695042,1.942444458999824,9.163052724351555,0.022081368250371543,4.4077558876912635,7.187765358125439,positive,0.06624410475111463,21,tie,False,False
S_Q_050,Current DerivCount,repropagation,future_child_future_child_count_median_3m,lift,0.1,3,5.979960409845361,1.923890306811476,1.2007519454832867,10.759168874207436,0.03281314758105625,4.718605223273796,8.194333438694724,positive,0.06624410475111463,21,tie,False,False
S_Q_050,Current DerivCount,repropagation,future_child_second_order_diffusion_share_3m,lift,0.1,3,5.6538868379415375,1.6914602029258101,1.4520667599807373,9.855706915902338,0.028561781023449237,4.50996500350053,7.596840003717321,positive,0.06624410475111463,21,tie,False,False
S_Q_050,Current DerivCount,adoption_breadth,future_child_owner_breadth_3m,lift,0.1,6,1.898191972056992,0.551684724885191,1.3192343597762615,2.4771495843377225,0.00038574962253884996,1.4994258264769975,2.2748678840468983,positive,0.006171993960621599,21,win,True,False
S_Q_050,Current DerivCount,adoption_breadth,future_high_download_child_owner_breadth_3m,lift,0.1,6,0.3982729623109223,0.24508619719928657,0.14107077212341562,0.655475152498429,0.010525489097975481,0.23051777813314178,0.5859239344785574,positive,0.06315293458785289,21,tie,False,False
S_Q_050,Current DerivCount,adoption_breadth,future_high_like_child_owner_breadth_3m,lift,0.1,6,2.006249853872942,0.5399244277853281,1.439633916504573,2.572865791241311,0.0002679636942504148,1.5864497793983423,2.3672254616418598,positive,0.004555382802257051,21,win,True,False
S_Q_050,Current DerivCount,adoption_breadth,future_cross_owner_reuse_share_3m,lift,0.1,6,2.502473658865838,0.907438281572965,1.5501755851772012,3.454771732554475,0.0010795383914129952,1.850569235538259,3.1677078309436304,positive,0.011874922305542948,21,win,True,False
S_Q_050,Vanilla PageRank,quantity,future_direct_children_3m,lift,0.1,6,0.33129565322430565,0.22100999303329946,0.099359889761998,0.5632314166866133,0.014416218822879788,0.17019857763060045,0.4923927288180108,positive,0.2162432823431968,21,tie,False,False
S_Q_050,Vanilla PageRank,quantity,future_active_parent_months_3m,lift,0.1,6,0.3541159851656665,0.2260871495446243,0.11685207271104461,0.5913798976202884,0.012165819480658159,0.1894117921625591,0.5111814675316683,positive,0.200514388635534,21,tie,False,False
S_Q_050,Vanilla PageRank,quantity,future_active_parent_binary_3m,auc,0.01,6,0.034290515445152214,0.03877988335462332,-0.006406476258198533,0.07498750714850297,0.08256689878566016,0.007888601379713629,0.06315870486570897,positive,0.7431020890709414,21,tie,False,False
S_Q_050,Vanilla PageRank,descendant_quality,future_child_download_quality_sum_3m,lift,0.1,6,0.25465414210171383,0.24611486715325026,-0.00362757099717248,0.5129358552006001,0.05224405144563711,0.07035870718864608,0.42690013348319966,positive,0.5224405144563711,21,tie,False,False
S_Q_050,Vanilla PageRank,descendant_quality,future_child_like_quality_sum_3m,lift,0.1,6,0.21724052596540608,0.09102391810347414,0.12171678222464702,0.3127642697061651,0.0020732542312932277,0.1583324583736038,0.292146802989667,positive,0.03939183039457132,21,win,True,False
S_Q_050,Vanilla PageRank,descendant_quality,future_high_download_child_count_3m,lift,0.1,6,0.133419178818179,0.3706403461980229,-0.2555440100654123,0.5223823677017703,0.41828138763205763,-0.1413565705440425,0.3992076889356903,mixed,0.8909595549476776,21,tie,False,False
S_Q_050,Vanilla PageRank,descendant_quality,future_high_like_child_count_3m,lift,0.1,6,0.1328607616071978,0.11483329411441383,0.012350610116874175,0.25337091309752147,0.03650143187359776,0.0445513200452922,0.2121992069116534,positive,0.40151575060957534,21,tie,False,False
S_Q_050,Vanilla PageRank,descendant_quality,future_nonzero_like_child_share_3m,lift,0.1,6,0.18079256887108874,0.1491853827936603,0.024232111215896468,0.337353026526281,0.031212819045291412,0.0683816053663134,0.28581803490662105,positive,0.39406581730497897,21,tie,False,False
S_Q_050,Vanilla PageRank,descendant_quality,future_nonzero_download_child_share_3m,lift,0.1,6,0.29274413954712925,0.23951551626003842,0.04138802047575879,0.5441002586184998,0.030312755177306076,0.12249020356733349,0.4603668268355329,positive,0.39406581730497897,21,tie,False,False
S_Q_050,Vanilla PageRank,descendant_quality,future_child_download_quality_mean_3m,lift,0.1,6,0.25852686004201764,0.3302295852760167,-0.08802783609470444,0.6050815561787397,0.113272054443167,0.014574535715705142,0.4891390847171069,positive,0.8909595549476776,21,tie,False,False
S_Q_050,Vanilla PageRank,descendant_quality,future_child_download_quality_median_3m,lift,0.1,6,0.2607299129794111,0.3307650405401568,-0.08638670899506956,0.6078465349538917,0.1113699443684597,0.015976559358770848,0.4932926831018709,positive,0.8909595549476776,21,tie,False,False
S_Q_050,Vanilla PageRank,descendant_quality,future_child_like_quality_mean_3m,lift,0.1,6,0.29499208964525697,0.11080236163623212,0.17871214235955146,0.4112720369309625,0.0012676209513032995,0.21423847947209884,0.3732789023145693,positive,0.026620039977369288,21,win,True,False
S_Q_050,Vanilla PageRank,descendant_quality,future_child_like_quality_median_3m,lift,0.1,6,0.2977490454259155,0.11739881350753838,0.17454654644960266,0.4209515444022284,0.001579067389214658,0.21230552298577857,0.38319256786605244,positive,0.03158134778429316,21,win,True,False
S_Q_050,Vanilla PageRank,repropagation,future_child_becomes_parent_share_3m,lift,0.1,3,0.21342236288894778,0.14137099223071622,-0.13776265025458528,0.5646073760324808,0.12040642239532515,0.07981523034384885,0.36145159040290853,positive,0.8909595549476776,21,tie,False,False
S_Q_050,Vanilla PageRank,repropagation,future_child_future_child_count_mean_3m,lift,0.1,3,0.15347570187549842,0.1047318196679497,-0.10669256097866625,0.4136439647296631,0.12644480542056374,0.06690216226678736,0.26988921597135196,positive,0.8909595549476776,21,tie,False,False
S_Q_050,Vanilla PageRank,repropagation,future_child_future_child_count_median_3m,lift,0.1,3,0.14305675427449258,0.12108610393883597,-0.1577378028851625,0.4438513114341477,0.17734275923654969,0.04328995617682452,0.2777740148710066,positive,0.8909595549476776,21,tie,False,False
S_Q_050,Vanilla PageRank,repropagation,future_child_second_order_diffusion_share_3m,lift,0.1,3,0.1742082812426015,0.14424643738538012,-0.1841197336476134,0.5325362961328164,0.1715620073250287,0.04653216140517813,0.3306807894827628,positive,0.8909595549476776,21,tie,False,False
S_Q_050,Vanilla PageRank,adoption_breadth,future_child_owner_breadth_3m,lift,0.1,6,0.3068525962996896,0.19436638920046542,0.10287758027482724,0.5108276123245519,0.011794964037384352,0.16921617588983162,0.4487804748021687,positive,0.200514388635534,21,tie,False,False
S_Q_050,Vanilla PageRank,adoption_breadth,future_high_download_child_owner_breadth_3m,lift,0.1,6,0.13300456404423366,0.3317430487718113,-0.21513841462465688,0.4811475427131242,0.37116807712664446,-0.10922262635913309,0.37626237044825256,mixed,0.8909595549476776,21,tie,False,False
S_Q_050,Vanilla PageRank,adoption_breadth,future_high_like_child_owner_breadth_3m,lift,0.1,6,0.1531651283922054,0.07129245480361053,0.07834828546562284,0.22798197131878795,0.003292077912251332,0.10315363612851813,0.2063109795610342,positive,0.05925740242052397,21,tie,False,False
S_Q_050,Vanilla PageRank,adoption_breadth,future_cross_owner_reuse_share_3m,lift,0.1,6,0.4167897051146811,0.32716595979525814,0.0734500867447605,0.7601293234846017,0.026237337294899788,0.17844412659890843,0.6551352836304537,positive,0.367322722128597,21,tie,False,False
S_Q_060,AllTime DerivCount,quantity,future_direct_children_3m,lift,0.1,6,0.33129565322430565,0.22100999303329946,0.099359889761998,0.5632314166866133,0.014416218822879788,0.16826073691966478,0.4888226071168716,positive,0.2162432823431968,21,tie,False,False
S_Q_060,AllTime DerivCount,quantity,future_active_parent_months_3m,lift,0.1,6,0.3541159851656665,0.2260871495446243,0.11685207271104461,0.5913798976202884,0.012165819480658159,0.1894117921625591,0.5140970412456908,positive,0.200514388635534,21,tie,False,False
S_Q_060,AllTime DerivCount,quantity,future_active_parent_binary_3m,auc,0.01,6,0.033455711341706086,0.03870166383992365,-0.007159194015183466,0.07407061669859563,0.08778714581182681,0.007123463619279143,0.06224492782644606,positive,0.7900843123064413,21,tie,False,False
S_Q_060,AllTime DerivCount,descendant_quality,future_child_download_quality_sum_3m,lift,0.1,6,0.25465414210171405,0.24611486715324998,-0.0036275709971719805,0.5129358552006,0.05224405144563679,0.0703587071886463,0.426664395756786,positive,0.522440514456368,21,tie,False,False
S_Q_060,AllTime DerivCount,descendant_quality,future_child_like_quality_sum_3m,lift,0.1,6,0.21724052596540622,0.09102391810347417,0.12171678222464714,0.3127642697061653,0.002073254231293222,0.15833245837360396,0.2883206553462451,positive,0.03939183039457122,21,win,True,False
S_Q_060,AllTime DerivCount,descendant_quality,future_high_download_child_count_3m,lift,0.1,6,0.133419178818179,0.3706403461980229,-0.2555440100654123,0.5223823677017703,0.41828138763205763,-0.14351077831679668,0.4044511476788532,mixed,0.8909595549476709,21,tie,False,False
S_Q_060,AllTime DerivCount,descendant_quality,future_high_like_child_count_3m,lift,0.1,6,0.1328607616071978,0.11483329411441383,0.012350610116874175,0.25337091309752147,0.03650143187359776,0.0445513200452922,0.21178238070779956,positive,0.40151575060957534,21,tie,False,False
S_Q_060,AllTime DerivCount,descendant_quality,future_nonzero_like_child_share_3m,lift,0.1,6,0.1807925688710886,0.14918538279366075,0.024232111215895885,0.3373530265262813,0.03121281904529178,0.0720369522031743,0.2834552549095128,positive,0.3940658173049778,21,tie,False,False
S_Q_060,AllTime DerivCount,descendant_quality,future_nonzero_download_child_share_3m,lift,0.1,6,0.29274413954712925,0.2395155162600382,0.04138802047575901,0.5441002586184995,0.030312755177305986,0.12313688527740789,0.46036682683553276,positive,0.3940658173049778,21,tie,False,False
S_Q_060,AllTime DerivCount,descendant_quality,future_child_download_quality_mean_3m,lift,0.1,6,0.2585268600420169,0.330229585276016,-0.08802783609470438,0.6050815561787382,0.1132720544431672,0.01149984811872858,0.48464028869856596,positive,0.8909595549476709,21,tie,False,False
S_Q_060,AllTime DerivCount,descendant_quality,future_child_download_quality_median_3m,lift,0.1,6,0.2607299129794116,0.33076504054015654,-0.08638670899506873,0.607846534953892,0.11136994436845886,0.015976559358771958,0.49643202999365155,positive,0.8909595549476709,21,tie,False,False
S_Q_060,AllTime DerivCount,descendant_quality,future_child_like_quality_mean_3m,lift,0.1,6,0.29499208964525697,0.11080236163623172,0.17871214235955188,0.41127203693096204,0.0012676209513032804,0.213017227108972,0.37568219823613563,positive,0.02662003997736889,21,win,True,False
S_Q_060,AllTime DerivCount,descendant_quality,future_child_like_quality_median_3m,lift,0.1,6,0.29774904542591596,0.11739881350753825,0.1745465464496032,0.4209515444022287,0.0015790673892146397,0.21230552298577918,0.38319256786605277,positive,0.03158134778429279,21,win,True,False
S_Q_060,AllTime DerivCount,repropagation,future_child_becomes_parent_share_3m,lift,0.1,3,0.2134223628889472,0.14137099223071709,-0.13776265025458798,0.5646073760324823,0.12040642239532687,0.07981523034384708,0.36145159040290853,positive,0.8909595549476709,21,tie,False,False
S_Q_060,AllTime DerivCount,repropagation,future_child_future_child_count_mean_3m,lift,0.1,3,0.15347570187549842,0.1047318196679497,-0.10669256097866625,0.4136439647296631,0.12644480542056374,0.06690216226678736,0.26988921597135196,positive,0.8909595549476709,21,tie,False,False
S_Q_060,AllTime DerivCount,repropagation,future_child_future_child_count_median_3m,lift,0.1,3,0.14305675427449258,0.12108610393883597,-0.1577378028851625,0.4438513114341477,0.17734275923654969,0.04328995617682452,0.2777740148710066,positive,0.8909595549476709,21,tie,False,False
S_Q_060,AllTime DerivCount,repropagation,future_child_second_order_diffusion_share_3m,lift,0.1,3,0.1742082812426015,0.14424643738538012,-0.1841197336476134,0.5325362961328164,0.1715620073250287,0.04653216140517813,0.3306807894827628,positive,0.8909595549476709,21,tie,False,False
S_Q_060,AllTime DerivCount,adoption_breadth,future_child_owner_breadth_3m,lift,0.1,6,0.3068525962996896,0.19436638920046542,0.10287758027482724,0.5108276123245519,0.011794964037384352,0.17119692537141976,0.4465431816593089,positive,0.200514388635534,21,tie,False,False
S_Q_060,AllTime DerivCount,adoption_breadth,future_high_download_child_owner_breadth_3m,lift,0.1,6,0.13300456404423366,0.3317430487718113,-0.21513841462465688,0.4811475427131242,0.37116807712664446,-0.11025324235978522,0.3721781108275807,mixed,0.8909595549476709,21,tie,False,False
S_Q_060,AllTime DerivCount,adoption_breadth,future_high_like_child_owner_breadth_3m,lift,0.1,6,0.1531651283922054,0.07129245480361053,0.07834828546562284,0.22798197131878795,0.003292077912251332,0.10476385800499093,0.2090353925345061,positive,0.05925740242052397,21,tie,False,False
S_Q_060,AllTime DerivCount,adoption_breadth,future_cross_owner_reuse_share_3m,lift,0.1,6,0.4167897051146812,0.327165959795258,0.07345008674476083,0.7601293234846016,0.02623733729489973,0.17844412659890865,0.6539402290047605,positive,0.3673227221285962,21,tie,False,False
S_Q_060,Current DerivCount,quantity,future_direct_children_3m,lift,0.1,6,1.8646625948550943,0.5954293334197924,1.239797831324855,2.4895273583853337,0.0005999008541360718,1.404585861858374,2.275366149819627,positive,0.008398611957905006,21,win,True,False
S_Q_060,Current DerivCount,quantity,future_active_parent_months_3m,lift,0.1,6,2.362749122950797,0.7052081238923673,1.622678584193964,3.1028196617076302,0.000437225384051212,1.8484565480812936,2.8709022975202303,positive,0.00655838076076818,21,win,True,False
S_Q_060,Current DerivCount,quantity,future_active_parent_binary_3m,auc,0.01,6,0.17047733487796002,0.03793939627429966,0.13066238027157304,0.210292289484347,0.0001077412193575998,0.14324927997928313,0.1977053897766369,positive,0.0019393419484367964,21,win,True,False
S_Q_060,Current DerivCount,descendant_quality,future_child_download_quality_sum_3m,lift,0.1,6,1.4718150125095277,0.47289901144041946,0.9755379358323728,1.9680920891866827,0.0006174427798680171,1.1160910465844862,1.7954811919273024,positive,0.008398611957905006,21,win,True,False
S_Q_060,Current DerivCount,descendant_quality,future_child_like_quality_sum_3m,lift,0.1,6,1.7227174586570217,0.7858844605121995,0.8979822969550914,2.547452620358952,0.003016030008533313,1.1406943055694507,2.281411369467406,positive,0.022378931521030612,21,win,True,False
S_Q_060,Current DerivCount,descendant_quality,future_high_download_child_count_3m,lift,0.1,6,0.385285096338283,0.2503780665984894,0.12252942980157794,0.648040762874988,0.01303219292347753,0.2211417198668753,0.5845595575171094,positive,0.06516096461738766,21,tie,False,False
S_Q_060,Current DerivCount,descendant_quality,future_high_like_child_count_3m,lift,0.1,6,1.7797942074346451,0.7124678298977718,1.0321050744605738,2.5274833404087165,0.001690515632271919,1.1982687532980238,2.198163881783828,positive,0.01690515632271919,21,win,True,False
S_Q_060,Current DerivCount,descendant_quality,future_nonzero_like_child_share_3m,lift,0.1,6,2.4577028450304272,0.44063856867272955,1.9952810267525107,2.9201246633083437,3.767734105014667e-05,2.168572143178165,2.7952446000905375,positive,0.0007158694799527868,21,win,True,False
S_Q_060,Current DerivCount,descendant_quality,future_nonzero_download_child_share_3m,lift,0.1,6,2.2883286127618128,0.7440778218444232,1.5074668276621004,3.069190397861525,0.0006527340078332818,1.744498548627779,2.821848573880177,positive,0.008398611957905006,21,win,True,False
S_Q_060,Current DerivCount,descendant_quality,future_child_download_quality_mean_3m,lift,0.1,6,1.9096677522054895,0.8336640351959617,1.034791001971347,2.7845445024396316,0.002486547946781179,1.3039626372238755,2.5093302024026283,positive,0.022378931521030612,21,win,True,False
S_Q_060,Current DerivCount,descendant_quality,future_child_download_quality_median_3m,lift,0.1,6,1.911348308454211,0.8372348091738913,1.0327242607456162,2.789972356162806,0.0025240342545314464,1.3189615674694135,2.4951560872367957,positive,0.022378931521030612,21,win,True,False
S_Q_060,Current DerivCount,descendant_quality,future_child_like_quality_mean_3m,lift,0.1,6,2.735594077874263,0.39634946319907804,2.3196508253395085,3.1515373304090173,1.3240833458395993e-05,2.437428308859664,3.014329641701846,positive,0.0002648166691679199,21,win,True,False
S_Q_060,Current DerivCount,descendant_quality,future_child_like_quality_median_3m,lift,0.1,6,2.821698143931792,0.3630986652569243,2.440649463812514,3.20274682405107,7.374617429404151e-06,2.554508948298837,3.078612435138627,positive,0.00015486696601748717,21,win,True,False
S_Q_060,Current DerivCount,repropagation,future_child_becomes_parent_share_3m,lift,0.1,3,5.252787040855531,1.0706684849531312,2.5930990806338268,7.912475001077235,0.013567509018571934,4.495569913706204,6.477739312054717,positive,0.06516096461738766,21,tie,False,False
S_Q_060,Current DerivCount,repropagation,future_child_future_child_count_mean_3m,lift,0.1,3,5.55274859167569,1.4533429912695042,1.942444458999824,9.163052724351555,0.022081368250371543,4.4077558876912635,7.187765358125439,positive,0.06624410475111463,21,tie,False,False
S_Q_060,Current DerivCount,repropagation,future_child_future_child_count_median_3m,lift,0.1,3,5.979960409845361,1.923890306811476,1.2007519454832867,10.759168874207436,0.03281314758105625,4.718605223273796,8.194333438694724,positive,0.06624410475111463,21,tie,False,False
S_Q_060,Current DerivCount,repropagation,future_child_second_order_diffusion_share_3m,lift,0.1,3,5.6538868379415375,1.6914602029258101,1.4520667599807373,9.855706915902338,0.028561781023449237,4.50996500350053,7.596840003717321,positive,0.06624410475111463,21,tie,False,False
S_Q_060,Current DerivCount,adoption_breadth,future_child_owner_breadth_3m,lift,0.1,6,1.898191972056992,0.551684724885191,1.3192343597762615,2.4771495843377225,0.00038574962253884996,1.484619306960069,2.2748678840468988,positive,0.006171993960621599,21,win,True,False
S_Q_060,Current DerivCount,adoption_breadth,future_high_download_child_owner_breadth_3m,lift,0.1,6,0.3982729623109223,0.24508619719928657,0.14107077212341562,0.655475152498429,0.010525489097975481,0.23051777813314178,0.5859239344785574,positive,0.06315293458785289,21,tie,False,False
S_Q_060,Current DerivCount,adoption_breadth,future_high_like_child_owner_breadth_3m,lift,0.1,6,2.006249853872942,0.5399244277853281,1.439633916504573,2.572865791241311,0.0002679636942504148,1.5955723300124023,2.3671310715307947,positive,0.004555382802257051,21,win,True,False
S_Q_060,Current DerivCount,adoption_breadth,future_cross_owner_reuse_share_3m,lift,0.1,6,2.502473658865838,0.9074382815729649,1.5501755851772012,3.454771732554475,0.0010795383914129941,1.844767881509317,3.1677078309436304,positive,0.011874922305542936,21,win,True,False
S_Q_060,Vanilla PageRank,quantity,future_direct_children_3m,lift,0.1,6,0.33129565322430565,0.22100999303329946,0.099359889761998,0.5632314166866133,0.014416218822879788,0.17019857763060045,0.4904649795741595,positive,0.2162432823431968,21,tie,False,False
S_Q_060,Vanilla PageRank,quantity,future_active_parent_months_3m,lift,0.1,6,0.3541159851656665,0.2260871495446243,0.11685207271104461,0.5913798976202884,0.012165819480658159,0.1894117921625591,0.5140970412456908,positive,0.200514388635534,21,tie,False,False
S_Q_060,Vanilla PageRank,quantity,future_active_parent_binary_3m,auc,0.01,6,0.03430313734771434,0.03876955902736685,-0.006383019638655521,0.0749892943340842,0.0824237451759508,0.007912417166860863,0.06312265520387574,positive,0.7418137065835573,21,tie,False,False
S_Q_060,Vanilla PageRank,descendant_quality,future_child_download_quality_sum_3m,lift,0.1,6,0.25465414210171383,0.24611486715325026,-0.00362757099717248,0.5129358552006001,0.05224405144563711,0.07035870718864608,0.42690013348319966,positive,0.5224405144563711,21,tie,False,False
S_Q_060,Vanilla PageRank,descendant_quality,future_child_like_quality_sum_3m,lift,0.1,6,0.21724052596540608,0.09102391810347414,0.12171678222464702,0.3127642697061651,0.0020732542312932277,0.1583324583736038,0.2883206553462448,positive,0.03939183039457132,21,win,True,False
S_Q_060,Vanilla PageRank,descendant_quality,future_high_download_child_count_3m,lift,0.1,6,0.133419178818179,0.3706403461980229,-0.2555440100654123,0.5223823677017703,0.41828138763205763,-0.1413565705440425,0.40295146943723764,mixed,0.8909595549476735,21,tie,False,False
S_Q_060,Vanilla PageRank,descendant_quality,future_high_like_child_count_3m,lift,0.1,6,0.1328607616071978,0.11483329411441383,0.012350610116874175,0.25337091309752147,0.03650143187359776,0.0445513200452922,0.21375690030388791,positive,0.40151575060957534,21,tie,False,False
S_Q_060,Vanilla PageRank,descendant_quality,future_nonzero_like_child_share_3m,lift,0.1,6,0.1807925688710886,0.14918538279366042,0.024232111215896218,0.33735302652628096,0.03121281904529158,0.06838160536631295,0.28581803490662105,positive,0.394065817304978,21,tie,False,False
S_Q_060,Vanilla PageRank,descendant_quality,future_nonzero_download_child_share_3m,lift,0.1,6,0.29274413954712925,0.23951551626003828,0.04138802047575896,0.5441002586184995,0.030312755177306003,0.12313688527740818,0.4590289415642901,positive,0.394065817304978,21,tie,False,False
S_Q_060,Vanilla PageRank,descendant_quality,future_child_download_quality_mean_3m,lift,0.1,6,0.2585268600420172,0.33022958527601637,-0.08802783609470455,0.6050815561787389,0.1132720544431672,0.010403107901133671,0.48464028869856657,positive,0.8909595549476735,21,tie,False,False
S_Q_060,Vanilla PageRank,descendant_quality,future_child_download_quality_median_3m,lift,0.1,6,0.2607299129794111,0.3307650405401564,-0.08638670899506906,0.6078465349538913,0.11136994436845919,0.013770162454301923,0.4904527316310236,positive,0.8909595549476735,21,tie,False,False
S_Q_060,Vanilla PageRank,descendant_quality,future_child_like_quality_mean_3m,lift,0.1,6,0.29499208964525697,0.11080236163623212,0.17871214235955146,0.4112720369309625,0.0012676209513032995,0.21423847947209884,0.37574569981841516,positive,0.026620039977369288,21,win,True,False
S_Q_060,Vanilla PageRank,descendant_quality,future_child_like_quality_median_3m,lift,0.1,6,0.2977490454259155,0.11739881350753838,0.17454654644960266,0.4209515444022284,0.001579067389214658,0.21230552298577857,0.38319256786605244,positive,0.03158134778429316,21,win,True,False
S_Q_060,Vanilla PageRank,repropagation,future_child_becomes_parent_share_3m,lift,0.1,3,0.2134223628889472,0.14137099223071709,-0.13776265025458798,0.5646073760324823,0.12040642239532687,0.07981523034384708,0.36145159040290853,positive,0.8909595549476735,21,tie,False,False
S_Q_060,Vanilla PageRank,repropagation,future_child_future_child_count_mean_3m,lift,0.1,3,0.15347570187549842,0.1047318196679497,-0.10669256097866625,0.4136439647296631,0.12644480542056374,0.06690216226678736,0.26988921597135196,positive,0.8909595549476735,21,tie,False,False
S_Q_060,Vanilla PageRank,repropagation,future_child_future_child_count_median_3m,lift,0.1,3,0.14305675427449258,0.12108610393883597,-0.1577378028851625,0.4438513114341477,0.17734275923654969,0.04328995617682452,0.2777740148710066,positive,0.8909595549476735,21,tie,False,False
S_Q_060,Vanilla PageRank,repropagation,future_child_second_order_diffusion_share_3m,lift,0.1,3,0.1742082812426015,0.14424643738538012,-0.1841197336476134,0.5325362961328164,0.1715620073250287,0.04653216140517813,0.3306807894827628,positive,0.8909595549476735,21,tie,False,False
S_Q_060,Vanilla PageRank,adoption_breadth,future_child_owner_breadth_3m,lift,0.1,6,0.3068525962996896,0.19436638920046542,0.10287758027482724,0.5108276123245519,0.011794964037384352,0.16832624164475943,0.44768965956565276,positive,0.200514388635534,21,tie,False,False
S_Q_060,Vanilla PageRank,adoption_breadth,future_high_download_child_owner_breadth_3m,lift,0.1,6,0.13300456404423366,0.3317430487718113,-0.21513841462465688,0.4811475427131242,0.37116807712664446,-0.11025324235978522,0.37626237044825256,mixed,0.8909595549476735,21,tie,False,False
S_Q_060,Vanilla PageRank,adoption_breadth,future_high_like_child_owner_breadth_3m,lift,0.1,6,0.1531651283922054,0.07129245480361053,0.07834828546562284,0.22798197131878795,0.003292077912251332,0.10529108231468354,0.2090353925345061,positive,0.05925740242052397,21,tie,False,False
S_Q_060,Vanilla PageRank,adoption_breadth,future_cross_owner_reuse_share_3m,lift,0.1,6,0.41678970511468116,0.327165959795258,0.07345008674476078,0.7601293234846016,0.026237337294899767,0.17724907197321502,0.6551352836304537,positive,0.36732272212859673,21,tie,False,False
S_Q_070,AllTime DerivCount,quantity,future_direct_children_3m,lift,0.1,6,0.33129565322430565,0.22100999303329946,0.099359889761998,0.5632314166866133,0.014416218822879788,0.17019857763060045,0.49045488810707516,positive,0.2162432823431968,21,tie,False,False
S_Q_070,AllTime DerivCount,quantity,future_active_parent_months_3m,lift,0.1,6,0.3541159851656665,0.2260871495446243,0.11685207271104461,0.5913798976202884,0.012165819480658159,0.1894117921625591,0.5140970412456908,positive,0.200514388635534,21,tie,False,False
S_Q_070,AllTime DerivCount,quantity,future_active_parent_binary_3m,auc,0.01,6,0.033459602267041456,0.03868922517173828,-0.007142249508141518,0.07406145404222443,0.08768405772520879,0.007136330063889085,0.06227630785590077,positive,0.7891565195268792,21,tie,False,False
S_Q_070,AllTime DerivCount,descendant_quality,future_child_download_quality_sum_3m,lift,0.1,6,0.25465414210171416,0.24611486715325026,-0.003627570997172147,0.5129358552006005,0.052244051445636916,0.07348009375327573,0.42690013348319994,positive,0.5224405144563692,21,tie,False,False
S_Q_070,AllTime DerivCount,descendant_quality,future_child_like_quality_sum_3m,lift,0.1,6,0.2172405259654059,0.09102391810347443,0.12171678222464655,0.3127642697061653,0.0020732542312932633,0.15833245837360335,0.2883206553462451,positive,0.039391830394572,21,win,True,False
S_Q_070,AllTime DerivCount,descendant_quality,future_high_download_child_count_3m,lift,0.1,6,0.133419178818179,0.3706403461980229,-0.2555440100654123,0.5223823677017703,0.41828138763205763,-0.14351077831679668,0.4044511476788531,mixed,0.8909595549476689,21,tie,False,False
S_Q_070,AllTime DerivCount,descendant_quality,future_high_like_child_count_3m,lift,0.1,6,0.1328607616071978,0.11483329411441383,0.012350610116874175,0.25337091309752147,0.03650143187359776,0.0445513200452922,0.21178238070779956,positive,0.40151575060957534,21,tie,False,False
S_Q_070,AllTime DerivCount,descendant_quality,future_nonzero_like_child_share_3m,lift,0.1,6,0.18079256887108874,0.14918538279366142,0.024232111215895302,0.3373530265262822,0.031212819045292186,0.07210988590380649,0.28556706870185966,positive,0.3940658173049782,21,tie,False,False
S_Q_070,AllTime DerivCount,descendant_quality,future_nonzero_download_child_share_3m,lift,0.1,6,0.29274413954712925,0.2395155162600383,0.04138802047575896,0.5441002586184995,0.030312755177306014,0.1224902035673326,0.46036682683553276,positive,0.3940658173049782,21,tie,False,False
S_Q_070,AllTime DerivCount,descendant_quality,future_child_download_quality_mean_3m,lift,0.1,6,0.2585268600420168,0.3302295852760158,-0.08802783609470433,0.6050815561787379,0.1132720544431672,0.01751894032035506,0.4891452687191039,positive,0.8909595549476689,21,tie,False,False
S_Q_070,AllTime DerivCount,descendant_quality,future_child_download_quality_median_3m,lift,0.1,6,0.260729912979412,0.3307650405401568,-0.08638670899506867,0.6078465349538926,0.11136994436845861,0.010347742603337299,0.48766386634643766,positive,0.8909595549476689,21,tie,False,False
S_Q_070,AllTime DerivCount,descendant_quality,future_child_like_quality_mean_3m,lift,0.1,6,0.29499208964525686,0.11080236163623174,0.17871214235955174,0.411272036930962,0.0012676209513032824,0.21423847947209898,0.3723359723628145,positive,0.02662003997736893,21,win,True,False
S_Q_070,AllTime DerivCount,descendant_quality,future_child_like_quality_median_3m,lift,0.1,6,0.29774904542591596,0.11739881350753825,0.1745465464496032,0.4209515444022287,0.0015790673892146397,0.21230552298577918,0.3843282772228515,positive,0.03158134778429279,21,win,True,False
S_Q_070,AllTime DerivCount,repropagation,future_child_becomes_parent_share_3m,lift,0.1,3,0.21342236288894778,0.14137099223071622,-0.13776265025458528,0.5646073760324808,0.12040642239532515,0.07981523034384885,0.36145159040290853,positive,0.8909595549476689,21,tie,False,False
S_Q_070,AllTime DerivCount,repropagation,future_child_future_child_count_mean_3m,lift,0.1,3,0.15347570187549783,0.1047318196679487,-0.10669256097866439,0.41364396472966003,0.12644480542056255,0.06690216226678736,0.2698892159713502,positive,0.8909595549476689,21,tie,False,False
S_Q_070,AllTime DerivCount,repropagation,future_child_future_child_count_median_3m,lift,0.1,3,0.14305675427449258,0.12108610393883597,-0.1577378028851625,0.4438513114341477,0.17734275923654969,0.04328995617682452,0.2777740148710066,positive,0.8909595549476689,21,tie,False,False
S_Q_070,AllTime DerivCount,repropagation,future_child_second_order_diffusion_share_3m,lift,0.1,3,0.1742082812426015,0.14424643738538012,-0.1841197336476134,0.5325362961328164,0.1715620073250287,0.04653216140517813,0.3306807894827628,positive,0.8909595549476689,21,tie,False,False
S_Q_070,AllTime DerivCount,adoption_breadth,future_child_owner_breadth_3m,lift,0.1,6,0.3068525962996896,0.19436638920046542,0.10287758027482724,0.5108276123245519,0.011794964037384352,0.17119692537141976,0.4487804748021687,positive,0.200514388635534,21,tie,False,False
S_Q_070,AllTime DerivCount,adoption_breadth,future_high_download_child_owner_breadth_3m,lift,0.1,6,0.13300456404423366,0.3317430487718113,-0.21513841462465688,0.4811475427131242,0.37116807712664446,-0.11025324235978522,0.37626237044825256,mixed,0.8909595549476689,21,tie,False,False
S_Q_070,AllTime DerivCount,adoption_breadth,future_high_like_child_owner_breadth_3m,lift,0.1,6,0.1531651283922054,0.07129245480361053,0.07834828546562284,0.22798197131878795,0.003292077912251332,0.1050713283502142,0.2063109795610342,positive,0.05925740242052397,21,tie,False,False
S_Q_070,AllTime DerivCount,adoption_breadth,future_cross_owner_reuse_share_3m,lift,0.1,6,0.41678970511468116,0.32716595979525803,0.07345008674476072,0.7601293234846016,0.026237337294899767,0.1784142502332662,0.6551352836304538,positive,0.36732272212859673,21,tie,False,False
S_Q_070,Current DerivCount,quantity,future_direct_children_3m,lift,0.1,6,1.8646625948550943,0.5954293334197924,1.239797831324855,2.4895273583853337,0.0005999008541360718,1.4107049209327513,2.2836546624911507,positive,0.008398611957905006,21,win,True,False
S_Q_070,Current DerivCount,quantity,future_active_parent_months_3m,lift,0.1,6,2.362749122950797,0.7052081238923673,1.622678584193964,3.1028196617076302,0.000437225384051212,1.8531808634080875,2.8709022975202303,positive,0.00655838076076818,21,win,True,False
S_Q_070,Current DerivCount,quantity,future_active_parent_binary_3m,auc,0.01,6,0.17048122580329542,0.037937257888341236,0.13066851529534507,0.21029393631124577,0.00010770001913595163,0.1432544174663424,0.19771057664623057,positive,0.0019386003444471292,21,win,True,False
S_Q_070,Current DerivCount,descendant_quality,future_child_download_quality_sum_3m,lift,0.1,6,1.4718150125095277,0.4728990114404197,0.9755379358323725,1.9680920891866829,0.0006174427798680177,1.111260288090052,1.795481191927303,positive,0.008398611957905006,21,win,True,False
S_Q_070,Current DerivCount,descendant_quality,future_child_like_quality_sum_3m,lift,0.1,6,1.722717458657021,0.7858844605121993,0.8979822969550908,2.5474526203589516,0.003016030008533313,1.1406943055694503,2.271894990118266,positive,0.022378931521030612,21,win,True,False
S_Q_070,Current DerivCount,descendant_quality,future_high_download_child_count_3m,lift,0.1,6,0.385285096338283,0.2503780665984894,0.12252942980157794,0.648040762874988,0.01303219292347753,0.22116405788498472,0.5771403450480167,positive,0.06516096461738766,21,tie,False,False
S_Q_070,Current DerivCount,descendant_quality,future_high_like_child_count_3m,lift,0.1,6,1.7797942074346451,0.7124678298977718,1.0321050744605738,2.5274833404087165,0.001690515632271919,1.1982687532980236,2.1975666662179587,positive,0.01690515632271919,21,win,True,False
S_Q_070,Current DerivCount,descendant_quality,future_nonzero_like_child_share_3m,lift,0.1,6,2.4577028450304272,0.44063856867273005,1.99528102675251,2.920124663308344,3.767734105014686e-05,2.168572143178165,2.7952446000905393,positive,0.0007158694799527903,21,win,True,False
S_Q_070,Current DerivCount,descendant_quality,future_nonzero_download_child_share_3m,lift,0.1,6,2.2883286127618128,0.744077821844423,1.5074668276621006,3.069190397861525,0.0006527340078332809,1.7186091190856692,2.8121226847449576,positive,0.008398611957905006,21,win,True,False
S_Q_070,Current DerivCount,descendant_quality,future_child_download_quality_mean_3m,lift,0.1,6,1.9096677522054895,0.8336640351959616,1.0347910019713473,2.7845445024396316,0.002486547946781179,1.2986903326356887,2.4913149220966537,positive,0.022378931521030612,21,win,True,False
S_Q_070,Current DerivCount,descendant_quality,future_child_download_quality_median_3m,lift,0.1,6,1.9113483084542118,0.8372348091738914,1.0327242607456169,2.7899723561628065,0.0025240342545314446,1.305610838051046,2.503365867222421,positive,0.022378931521030612,21,win,True,False
S_Q_070,Current DerivCount,descendant_quality,future_child_like_quality_mean_3m,lift,0.1,6,2.735594077874263,0.3963494631990783,2.319650825339508,3.1515373304090177,1.3240833458396065e-05,2.4374265460319284,3.014329641701846,positive,0.0002648166691679213,21,win,True,False
S_Q_070,Current DerivCount,descendant_quality,future_child_like_quality_median_3m,lift,0.1,6,2.821698143931792,0.3630986652569243,2.440649463812514,3.20274682405107,7.374617429404151e-06,2.548705447586407,3.072753662903725,positive,0.00015486696601748717,21,win,True,False
S_Q_070,Current DerivCount,repropagation,future_child_becomes_parent_share_3m,lift,0.1,3,5.252787040855531,1.0706684849531303,2.5930990806338294,7.912475001077233,0.013567509018571915,4.4955699137062055,6.477739312054717,positive,0.06516096461738766,21,tie,False,False
S_Q_070,Current DerivCount,repropagation,future_child_future_child_count_mean_3m,lift,0.1,3,5.55274859167569,1.4533429912695033,1.9424444589998267,9.163052724351553,0.022081368250371512,4.4077558876912635,7.187765358125437,positive,0.06624410475111453,21,tie,False,False
S_Q_070,Current DerivCount,repropagation,future_child_future_child_count_median_3m,lift,0.1,3,5.979960409845361,1.923890306811476,1.2007519454832867,10.759168874207436,0.03281314758105625,4.718605223273796,8.194333438694724,positive,0.06624410475111453,21,tie,False,False
S_Q_070,Current DerivCount,repropagation,future_child_second_order_diffusion_share_3m,lift,0.1,3,5.6538868379415375,1.6914602029258101,1.4520667599807373,9.855706915902338,0.028561781023449237,4.50996500350053,7.596840003717321,positive,0.06624410475111453,21,tie,False,False
S_Q_070,Current DerivCount,adoption_breadth,future_child_owner_breadth_3m,lift,0.1,6,1.898191972056992,0.551684724885191,1.3192343597762615,2.4771495843377225,0.00038574962253884996,1.4806081232387722,2.2748678840468983,positive,0.006171993960621599,21,win,True,False
S_Q_070,Current DerivCount,adoption_breadth,future_high_download_child_owner_breadth_3m,lift,0.1,6,0.3982729623109223,0.24508619719928657,0.14107077212341562,0.655475152498429,0.010525489097975481,0.23210757452255745,0.5786375554292521,positive,0.06315293458785289,21,tie,False,False
S_Q_070,Current DerivCount,adoption_breadth,future_high_like_child_owner_breadth_3m,lift,0.1,6,2.006249853872942,0.5399244277853281,1.439633916504573,2.572865791241311,0.0002679636942504148,1.5955723300124023,2.3623922420795185,positive,0.004555382802257051,21,win,True,False
S_Q_070,Current DerivCount,adoption_breadth,future_cross_owner_reuse_share_3m,lift,0.1,6,2.502473658865838,0.907438281572965,1.5501755851772012,3.454771732554475,0.0010795383914129952,1.8508945757731559,3.1677078309436304,positive,0.011874922305542948,21,win,True,False
S_Q_070,Vanilla PageRank,quantity,future_direct_children_3m,lift,0.1,6,0.33129565322430565,0.22100999303329946,0.099359889761998,0.5632314166866133,0.014416218822879788,0.17019857763060045,0.4890821172738781,positive,0.2162432823431968,21,tie,False,False
S_Q_070,Vanilla PageRank,quantity,future_active_parent_months_3m,lift,0.1,6,0.3541159851656665,0.2260871495446243,0.11685207271104461,0.5913798976202884,0.012165819480658159,0.19413492908564223,0.5140970412456908,positive,0.200514388635534,21,tie,False,False
S_Q_070,Vanilla PageRank,quantity,future_active_parent_binary_3m,auc,0.01,6,0.03430702827304971,0.038757105287522325,-0.006366059314877312,0.07498011586097673,0.08232573677416179,0.006395036590595297,0.06316430813852465,positive,0.7409316309674561,21,tie,False,False
S_Q_070,Vanilla PageRank,descendant_quality,future_child_download_quality_sum_3m,lift,0.1,6,0.25465414210171394,0.24611486715325054,-0.003627570997172702,0.5129358552006006,0.0522440514456372,0.07348009375327484,0.42690013348319994,positive,0.522440514456372,21,tie,False,False
S_Q_070,Vanilla PageRank,descendant_quality,future_child_like_quality_sum_3m,lift,0.1,6,0.21724052596540577,0.09102391810347443,0.12171678222464641,0.3127642697061651,0.0020732542312932706,0.1583324583736032,0.2906785416615885,positive,0.03939183039457214,21,win,True,False
S_Q_070,Vanilla PageRank,descendant_quality,future_high_download_child_count_3m,lift,0.1,6,0.133419178818179,0.3706403461980229,-0.2555440100654123,0.5223823677017703,0.41828138763205763,-0.1414104257383613,0.4007073671773058,mixed,0.8909595549476729,21,tie,False,False
S_Q_070,Vanilla PageRank,descendant_quality,future_high_like_child_count_3m,lift,0.1,6,0.1328607616071978,0.11483329411441383,0.012350610116874175,0.25337091309752147,0.03650143187359776,0.04453056534651761,0.2121992069116534,positive,0.40151575060957534,21,tie,False,False
S_Q_070,Vanilla PageRank,descendant_quality,future_nonzero_like_child_share_3m,lift,0.1,6,0.18079256887108874,0.14918538279366111,0.024232111215895635,0.33735302652628185,0.03121281904529199,0.07203695220317415,0.28581803490662167,positive,0.39406581730497897,21,tie,False,False
S_Q_070,Vanilla PageRank,descendant_quality,future_nonzero_download_child_share_3m,lift,0.1,6,0.29274413954712925,0.23951551626003842,0.04138802047575879,0.5441002586184998,0.030312755177306076,0.12313688527740818,0.4603668268355329,positive,0.39406581730497897,21,tie,False,False
S_Q_070,Vanilla PageRank,descendant_quality,future_child_download_quality_mean_3m,lift,0.1,6,0.25852686004201714,0.3302295852760162,-0.08802783609470438,0.6050815561787386,0.11327205444316706,0.01149984811872858,0.4893864447970178,positive,0.8909595549476729,21,tie,False,False
S_Q_070,Vanilla PageRank,descendant_quality,future_child_download_quality_median_3m,lift,0.1,6,0.26072991297941145,0.33076504054015665,-0.08638670899506906,0.607846534953892,0.11136994436845911,0.01377016245430207,0.49329268310187135,positive,0.8909595549476729,21,tie,False,False
S_Q_070,Vanilla PageRank,descendant_quality,future_child_like_quality_mean_3m,lift,0.1,6,0.29499208964525686,0.11080236163623214,0.17871214235955135,0.41127203693096237,0.001267620951303303,0.21301722710897156,0.3732982285047789,positive,0.02662003997736936,21,win,True,False
S_Q_070,Vanilla PageRank,descendant_quality,future_child_like_quality_median_3m,lift,0.1,6,0.2977490454259155,0.11739881350753838,0.17454654644960266,0.4209515444022284,0.001579067389214658,0.21230552298577857,0.38319256786605244,positive,0.03158134778429316,21,win,True,False
S_Q_070,Vanilla PageRank,repropagation,future_child_becomes_parent_share_3m,lift,0.1,3,0.21342236288894778,0.14137099223071622,-0.13776265025458528,0.5646073760324808,0.12040642239532515,0.07981523034384885,0.36145159040290853,positive,0.8909595549476729,21,tie,False,False
S_Q_070,Vanilla PageRank,repropagation,future_child_future_child_count_mean_3m,lift,0.1,3,0.15347570187549783,0.1047318196679487,-0.10669256097866439,0.41364396472966003,0.12644480542056255,0.06690216226678736,0.2698892159713502,positive,0.8909595549476729,21,tie,False,False
S_Q_070,Vanilla PageRank,repropagation,future_child_future_child_count_median_3m,lift,0.1,3,0.14305675427449258,0.12108610393883597,-0.1577378028851625,0.4438513114341477,0.17734275923654969,0.04328995617682452,0.2777740148710066,positive,0.8909595549476729,21,tie,False,False
S_Q_070,Vanilla PageRank,repropagation,future_child_second_order_diffusion_share_3m,lift,0.1,3,0.1742082812426015,0.14424643738538012,-0.1841197336476134,0.5325362961328164,0.1715620073250287,0.04653216140517813,0.3306807894827628,positive,0.8909595549476729,21,tie,False,False
S_Q_070,Vanilla PageRank,adoption_breadth,future_child_owner_breadth_3m,lift,0.1,6,0.3068525962996896,0.19436638920046542,0.10287758027482724,0.5108276123245519,0.011794964037384352,0.16921617588983162,0.44542520409034203,positive,0.200514388635534,21,tie,False,False
S_Q_070,Vanilla PageRank,adoption_breadth,future_high_download_child_owner_breadth_3m,lift,0.1,6,0.13300456404423366,0.3317430487718113,-0.21513841462465688,0.4811475427131242,0.37116807712664446,-0.10924839175914937,0.37626237044825256,mixed,0.8909595549476729,21,tie,False,False
S_Q_070,Vanilla PageRank,adoption_breadth,future_high_like_child_owner_breadth_3m,lift,0.1,6,0.1531651283922054,0.07129245480361053,0.07834828546562284,0.22798197131878795,0.003292077912251332,0.10315363612851813,0.2063109795610342,positive,0.05925740242052397,21,tie,False,False
S_Q_070,Vanilla PageRank,adoption_breadth,future_cross_owner_reuse_share_3m,lift,0.1,6,0.4167897051146811,0.32716595979525814,0.0734500867447605,0.7601293234846017,0.026237337294899788,0.17712767066391386,0.653970105370402,positive,0.367322722128597,21,tie,False,False
S_Q_080,AllTime DerivCount,quantity,future_direct_children_3m,lift,0.1,6,0.3309887170709341,0.22136361439206834,0.09868185075170596,0.5632955833901622,0.014556216635148488,0.16958470532385736,0.4888226071168716,positive,0.2183432495272273,21,tie,False,False
S_Q_080,AllTime DerivCount,quantity,future_active_parent_months_3m,lift,0.1,6,0.3534722372657795,0.2269446406800084,0.11530844305279064,0.5916360314787683,0.012434575512265959,0.18835749759702805,0.5140970412456908,positive,0.20446665667590078,21,tie,False,False
S_Q_080,AllTime DerivCount,quantity,future_active_parent_binary_3m,auc,0.01,6,0.03344088184611532,0.03867653568038015,-0.007147653124584291,0.07402941681681494,0.08773859136260269,0.007125086051565384,0.06221443806310295,positive,0.7896473222634242,21,tie,False,False
S_Q_080,AllTime DerivCount,descendant_quality,future_child_download_quality_sum_3m,lift,0.1,6,0.2546541421017141,0.2461148671532503,-0.003627570997172258,0.5129358552006005,0.05224405144563698,0.0734800937532758,0.42690013348319994,positive,0.5224405144563697,21,tie,False,False
S_Q_080,AllTime DerivCount,descendant_quality,future_child_like_quality_sum_3m,lift,0.1,6,0.2172405259654059,0.09102391810347443,0.12171678222464655,0.3127642697061653,0.0020732542312932633,0.15833245837360335,0.2883206553462451,positive,0.039391830394572,21,win,True,False
S_Q_080,AllTime DerivCount,descendant_quality,future_high_download_child_count_3m,lift,0.1,6,0.133419178818179,0.3706403461980229,-0.2555440100654123,0.5223823677017703,0.41828138763205763,-0.14351077831679668,0.4044511476788531,mixed,0.8909595549476703,21,tie,False,False
S_Q_080,AllTime DerivCount,descendant_quality,future_high_like_child_count_3m,lift,0.1,6,0.1328607616071978,0.11483329411441383,0.012350610116874175,0.25337091309752147,0.03650143187359776,0.0445513200452922,0.21178238070779956,positive,0.40151575060957534,21,tie,False,False
S_Q_080,AllTime DerivCount,descendant_quality,future_nonzero_like_child_share_3m,lift,0.1,6,0.18079256887108874,0.14918538279366111,0.024232111215895635,0.33735302652628185,0.03121281904529199,0.07447453599580278,0.2860690011113835,positive,0.3940658173049778,21,tie,False,False
S_Q_080,AllTime DerivCount,descendant_quality,future_nonzero_download_child_share_3m,lift,0.1,6,0.29274413954712925,0.2395155162600382,0.04138802047575901,0.5441002586184995,0.030312755177305986,0.12115231829609008,0.46036682683553276,positive,0.3940658173049778,21,tie,False,False
S_Q_080,AllTime DerivCount,descendant_quality,future_child_download_quality_mean_3m,lift,0.1,6,0.25852686004201697,0.33022958527601615,-0.08802783609470455,0.6050815561787385,0.11327205444316726,0.011499848118728728,0.4846402886985661,positive,0.8909595549476703,21,tie,False,False
S_Q_080,AllTime DerivCount,descendant_quality,future_child_download_quality_median_3m,lift,0.1,6,0.26072991297941145,0.3307650405401563,-0.08638670899506867,0.6078465349538915,0.11136994436845879,0.015976559358771587,0.49045273163102404,positive,0.8909595549476703,21,tie,False,False
S_Q_080,AllTime DerivCount,descendant_quality,future_child_like_quality_mean_3m,lift,0.1,6,0.29499208964525714,0.11080236163623139,0.1787121423595524,0.41127203693096187,0.0012676209513032594,0.2142384794720996,0.3757456998184147,positive,0.026620039977368448,21,win,True,False
S_Q_080,AllTime DerivCount,descendant_quality,future_child_like_quality_median_3m,lift,0.1,6,0.2977490454259161,0.1173988135075384,0.17454654644960324,0.42095154440222904,0.0015790673892146457,0.21230552298577918,0.38319256786605305,positive,0.03158134778429292,21,win,True,False
S_Q_080,AllTime DerivCount,repropagation,future_child_becomes_parent_share_3m,lift,0.1,3,0.21342236288894778,0.14137099223071622,-0.13776265025458528,0.5646073760324808,0.12040642239532515,0.07981523034384885,0.36145159040290853,positive,0.8909595549476703,21,tie,False,False
S_Q_080,AllTime DerivCount,repropagation,future_child_future_child_count_mean_3m,lift,0.1,3,0.15347570187549783,0.10473181966795042,-0.10669256097866861,0.41364396472966425,0.12644480542056594,0.06690216226678558,0.26988921597135196,positive,0.8909595549476703,21,tie,False,False
S_Q_080,AllTime DerivCount,repropagation,future_child_future_child_count_median_3m,lift,0.1,3,0.14305675427449258,0.12108610393883597,-0.1577378028851625,0.4438513114341477,0.17734275923654969,0.04328995617682452,0.2777740148710066,positive,0.8909595549476703,21,tie,False,False
S_Q_080,AllTime DerivCount,repropagation,future_child_second_order_diffusion_share_3m,lift,0.1,3,0.1742082812426015,0.14424643738538012,-0.1841197336476134,0.5325362961328164,0.1715620073250287,0.04653216140517813,0.3306807894827628,positive,0.8909595549476703,21,tie,False,False
S_Q_080,AllTime DerivCount,adoption_breadth,future_child_owner_breadth_3m,lift,0.1,6,0.30632963950244835,0.1950057124161405,0.10168369490964366,0.510975584095253,0.012027450392700046,0.17015101177693723,0.4487804748021687,positive,0.20446665667590078,21,tie,False,False
S_Q_080,AllTime DerivCount,adoption_breadth,future_high_download_child_owner_breadth_3m,lift,0.1,6,0.13300456404423366,0.3317430487718113,-0.21513841462465688,0.4811475427131242,0.37116807712664446,-0.11025324235978522,0.37626237044825256,mixed,0.8909595549476703,21,tie,False,False
S_Q_080,AllTime DerivCount,adoption_breadth,future_high_like_child_owner_breadth_3m,lift,0.1,6,0.1531651283922054,0.07129245480361053,0.07834828546562284,0.22798197131878795,0.003292077912251332,0.10428919377993351,0.20628961300661794,positive,0.05925740242052397,21,tie,False,False
S_Q_080,AllTime DerivCount,adoption_breadth,future_cross_owner_reuse_share_3m,lift,0.1,6,0.41592763565810825,0.3282542452019735,0.0714459317960019,0.7604093395202146,0.0267401348850854,0.17671998768576266,0.6539402290047605,positive,0.3743618883911956,21,tie,False,False
S_Q_080,Current DerivCount,quantity,future_direct_children_3m,lift,0.1,6,1.864355658701723,0.5957287874237494,1.2391766374672217,2.489534679936224,0.0006017708558414093,1.4279590335446077,2.2832829143955102,positive,0.00842479198177973,21,win,True,False
S_Q_080,Current DerivCount,quantity,future_active_parent_months_3m,lift,0.1,6,2.3621053750509104,0.7059909966821047,1.6212132616870223,3.1029974884147986,0.0004400762829907216,1.8533084525815895,2.870902297520231,positive,0.006601144244860824,21,win,True,False
S_Q_080,Current DerivCount,quantity,future_active_parent_binary_3m,auc,0.01,6,0.17046250538236926,0.03794734486881674,0.13063920923760897,0.21028580152712956,0.00010789560937518735,0.14322792764731246,0.19777877743409586,positive,0.0019421209687533723,21,win,True,False
S_Q_080,Current DerivCount,descendant_quality,future_child_download_quality_sum_3m,lift,0.1,6,1.4718150125095277,0.4728990114404196,0.9755379358323726,1.9680920891866829,0.0006174427798680177,1.1112602880900517,1.7935197500090359,positive,0.00842479198177973,21,win,True,False
S_Q_080,Current DerivCount,descendant_quality,future_child_like_quality_sum_3m,lift,0.1,6,1.722717458657021,0.7858844605121993,0.8979822969550908,2.5474526203589516,0.003016030008533313,1.1291122362391015,2.2720287830981136,positive,0.02237893152103065,21,win,True,False
S_Q_080,Current DerivCount,descendant_quality,future_high_download_child_count_3m,lift,0.1,6,0.385285096338283,0.2503780665984894,0.12252942980157794,0.648040762874988,0.01303219292347753,0.21770663054547826,0.5845595575171094,positive,0.06516096461738766,21,tie,False,False
S_Q_080,Current DerivCount,descendant_quality,future_high_like_child_count_3m,lift,0.1,6,1.7797942074346451,0.7124678298977718,1.0321050744605738,2.5274833404087165,0.001690515632271919,1.198253440078386,2.1981638817838283,positive,0.01690515632271919,21,win,True,False
S_Q_080,Current DerivCount,descendant_quality,future_nonzero_like_child_share_3m,lift,0.1,6,2.4577028450304272,0.4406385686727296,1.9952810267525107,2.9201246633083437,3.767734105014667e-05,2.1718693548477215,2.795244600090539,positive,0.0007158694799527868,21,win,True,False
S_Q_080,Current DerivCount,descendant_quality,future_nonzero_download_child_share_3m,lift,0.1,6,2.2883286127618128,0.7440778218444232,1.5074668276621004,3.069190397861525,0.0006527340078332818,1.718609119085669,2.812122684744958,positive,0.00842479198177973,21,win,True,False
S_Q_080,Current DerivCount,descendant_quality,future_child_download_quality_mean_3m,lift,0.1,6,1.9096677522054895,0.8336640351959619,1.0347910019713469,2.784544502439632,0.0024865479467811834,1.3039626372238757,2.4913149220966537,positive,0.02237893152103065,21,win,True,False
S_Q_080,Current DerivCount,descendant_quality,future_child_download_quality_median_3m,lift,0.1,6,1.911348308454211,0.8372348091738913,1.0327242607456162,2.789972356162806,0.0025240342545314464,1.3056108380510458,2.511476485999952,positive,0.02237893152103065,21,win,True,False
S_Q_080,Current DerivCount,descendant_quality,future_child_like_quality_mean_3m,lift,0.1,6,2.735594077874264,0.39634946319907777,2.31965082533951,3.1515373304090177,1.3240833458395944e-05,2.437428308859664,3.016866623091167,positive,0.0002648166691679189,21,win,True,False
S_Q_080,Current DerivCount,descendant_quality,future_child_like_quality_median_3m,lift,0.1,6,2.821698143931792,0.3630986652569243,2.440649463812514,3.20274682405107,7.374617429404151e-06,2.5428466753515044,3.072753662903725,positive,0.00015486696601748717,21,win,True,False
S_Q_080,Current DerivCount,repropagation,future_child_becomes_parent_share_3m,lift,0.1,3,5.252787040855531,1.0706684849531303,2.5930990806338294,7.912475001077233,0.013567509018571915,4.4955699137062055,6.477739312054717,positive,0.06516096461738766,21,tie,False,False
S_Q_080,Current DerivCount,repropagation,future_child_future_child_count_mean_3m,lift,0.1,3,5.55274859167569,1.453342991269505,1.9424444589998222,9.163052724351559,0.022081368250371568,4.407755887691262,7.187765358125439,positive,0.0662441047511147,21,tie,False,False
S_Q_080,Current DerivCount,repropagation,future_child_future_child_count_median_3m,lift,0.1,3,5.979960409845361,1.923890306811476,1.2007519454832867,10.759168874207436,0.03281314758105625,4.718605223273796,8.194333438694724,positive,0.0662441047511147,21,tie,False,False
S_Q_080,Current DerivCount,repropagation,future_child_second_order_diffusion_share_3m,lift,0.1,3,5.6538868379415375,1.6914602029258101,1.4520667599807373,9.855706915902338,0.028561781023449237,4.50996500350053,7.596840003717321,positive,0.0662441047511147,21,tie,False,False
S_Q_080,Current DerivCount,adoption_breadth,future_child_owner_breadth_3m,lift,0.1,6,1.8976690152597506,0.5523530904782401,1.3180099963051943,2.477328034214307,0.0003884636695432706,1.4990031492727887,2.2810120900170405,positive,0.00621541871269233,21,win,True,False
S_Q_080,Current DerivCount,adoption_breadth,future_high_download_child_owner_breadth_3m,lift,0.1,6,0.3982729623109223,0.24508619719928657,0.14107077212341562,0.655475152498429,0.010525489097975481,0.23051777813314178,0.5843341380891417,positive,0.06315293458785289,21,tie,False,False
S_Q_080,Current DerivCount,adoption_breadth,future_high_like_child_owner_breadth_3m,lift,0.1,6,2.006249853872942,0.5399244277853281,1.439633916504573,2.572865791241311,0.0002679636942504148,1.5864497793983423,2.3729452777073328,positive,0.004555382802257051,21,win,True,False
S_Q_080,Current DerivCount,adoption_breadth,future_cross_owner_reuse_share_3m,lift,0.1,6,2.5016115894092654,0.9083506892103725,1.5483560026278198,3.454867176190711,0.0010862238853437884,1.8567289627359955,3.1407245723105244,positive,0.011948462738781673,21,win,True,False
S_Q_080,Vanilla PageRank,quantity,future_direct_children_3m,lift,0.1,6,0.3309887170709341,0.22136361439206834,0.09868185075170596,0.5632955833901622,0.014556216635148488,0.16958470532385736,0.4901479519537036,positive,0.2183432495272273,21,tie,False,False
S_Q_080,Vanilla PageRank,quantity,future_active_parent_months_3m,lift,0.1,6,0.3534722372657795,0.2269446406800084,0.11530844305279064,0.5916360314787683,0.012434575512265959,0.1887680442626721,0.5152608565548644,positive,0.20446665667590078,21,tie,False,False
S_Q_080,Vanilla PageRank,quantity,future_active_parent_binary_3m,auc,0.01,6,0.03428830785212358,0.03874438780162583,-0.0063714335528538,0.07494804925710095,0.08237479538081457,0.0064378671935614515,0.06314767748285993,positive,0.7413731584273312,21,tie,False,False
S_Q_080,Vanilla PageRank,descendant_quality,future_child_download_quality_sum_3m,lift,0.1,6,0.2546541421017139,0.24611486715325057,-0.0036275709971727577,0.5129358552006005,0.05224405144563728,0.0653785368045318,0.42690013348319994,positive,0.5224405144563727,21,tie,False,False
S_Q_080,Vanilla PageRank,descendant_quality,future_child_like_quality_sum_3m,lift,0.1,6,0.21724052596540577,0.09102391810347443,0.12171678222464641,0.3127642697061651,0.0020732542312932706,0.15877887152290318,0.2906785416615885,positive,0.03939183039457214,21,win,True,False
S_Q_080,Vanilla PageRank,descendant_quality,future_high_download_child_count_3m,lift,0.1,6,0.133419178818179,0.3706403461980229,-0.2555440100654123,0.5223823677017703,0.41828138763205763,-0.14351077831679668,0.3992076889356903,mixed,0.8909595549476735,21,tie,False,False
S_Q_080,Vanilla PageRank,descendant_quality,future_high_like_child_count_3m,lift,0.1,6,0.1328607616071978,0.11483329411441383,0.012350610116874175,0.25337091309752147,0.03650143187359776,0.0445513200452922,0.2121992069116534,positive,0.40151575060957534,21,tie,False,False
S_Q_080,Vanilla PageRank,descendant_quality,future_nonzero_like_child_share_3m,lift,0.1,6,0.18079256887108874,0.14918538279366078,0.02423211121589597,0.3373530265262815,0.031212819045291756,0.0683816053663134,0.28581803490662133,positive,0.394065817304978,21,tie,False,False
S_Q_080,Vanilla PageRank,descendant_quality,future_nonzero_download_child_share_3m,lift,0.1,6,0.29274413954712925,0.23951551626003828,0.04138802047575896,0.5441002586184995,0.030312755177306003,0.10373996033302557,0.4603668268355329,positive,0.394065817304978,21,tie,False,False
S_Q_080,Vanilla PageRank,descendant_quality,future_child_download_quality_mean_3m,lift,0.1,6,0.25852686004201725,0.3302295852760165,-0.0880278360947046,0.605081556178739,0.11327205444316733,0.01457453571570507,0.48938644479701837,positive,0.8909595549476735,21,tie,False,False
S_Q_080,Vanilla PageRank,descendant_quality,future_child_download_quality_median_3m,lift,0.1,6,0.26072991297941095,0.3307650405401562,-0.08638670899506906,0.607846534953891,0.11136994436845919,0.015976559358771292,0.49329268310187063,positive,0.8909595549476735,21,tie,False,False
S_Q_080,Vanilla PageRank,descendant_quality,future_child_like_quality_mean_3m,lift,0.1,6,0.29499208964525714,0.11080236163623179,0.17871214235955196,0.4112720369309623,0.0012676209513032813,0.21417497788982068,0.3756821982361364,positive,0.026620039977368906,21,win,True,False
S_Q_080,Vanilla PageRank,descendant_quality,future_child_like_quality_median_3m,lift,0.1,6,0.2977490454259157,0.11739881350753853,0.17454654644960266,0.4209515444022287,0.0015790673892146626,0.21230552298577857,0.38319256786605277,positive,0.03158134778429325,21,win,True,False
S_Q_080,Vanilla PageRank,repropagation,future_child_becomes_parent_share_3m,lift,0.1,3,0.21342236288894778,0.14137099223071622,-0.13776265025458528,0.5646073760324808,0.12040642239532515,0.07981523034384885,0.36145159040290853,positive,0.8909595549476735,21,tie,False,False
S_Q_080,Vanilla PageRank,repropagation,future_child_future_child_count_mean_3m,lift,0.1,3,0.15347570187549783,0.10473181966795042,-0.10669256097866861,0.41364396472966425,0.12644480542056594,0.06690216226678558,0.26988921597135196,positive,0.8909595549476735,21,tie,False,False
S_Q_080,Vanilla PageRank,repropagation,future_child_future_child_count_median_3m,lift,0.1,3,0.14305675427449258,0.12108610393883597,-0.1577378028851625,0.4438513114341477,0.17734275923654969,0.04328995617682452,0.2777740148710066,positive,0.8909595549476735,21,tie,False,False
S_Q_080,Vanilla PageRank,repropagation,future_child_second_order_diffusion_share_3m,lift,0.1,3,0.1742082812426015,0.14424643738538012,-0.1841197336476134,0.5325362961328164,0.1715620073250287,0.04653216140517813,0.3306807894827628,positive,0.8909595549476735,21,tie,False,False
S_Q_080,Vanilla PageRank,adoption_breadth,future_child_owner_breadth_3m,lift,0.1,6,0.30632963950244835,0.1950057124161405,0.10168369490964366,0.510975584095253,0.012027450392700046,0.16869321909259036,0.44768965956565276,positive,0.20446665667590078,21,tie,False,False
S_Q_080,Vanilla PageRank,adoption_breadth,future_high_download_child_owner_breadth_3m,lift,0.1,6,0.13300456404423366,0.3317430487718113,-0.21513841462465688,0.4811475427131242,0.37116807712664446,-0.10922262635913309,0.37626237044825256,mixed,0.8909595549476735,21,tie,False,False
S_Q_080,Vanilla PageRank,adoption_breadth,future_high_like_child_owner_breadth_3m,lift,0.1,6,0.1531651283922054,0.07129245480361053,0.07834828546562284,0.22798197131878795,0.003292077912251332,0.1050713283502142,0.2063109795610342,positive,0.05925740242052397,21,tie,False,False
S_Q_080,Vanilla PageRank,adoption_breadth,future_cross_owner_reuse_share_3m,lift,0.1,6,0.41592763565810814,0.3282542452019735,0.07144593179600178,0.7604093395202145,0.0267401348850854,0.17671998768576258,0.6527940078140968,positive,0.3743618883911956,21,tie,False,False
S_Q_090,AllTime DerivCount,quantity,future_direct_children_3m,lift,0.1,6,0.33068178091756256,0.22171922120215137,0.09800172813804356,0.5633618336970816,0.014697819166685418,0.16897083301711424,0.4923927288180108,positive,0.22046728750028127,21,tie,False,False
S_Q_090,AllTime DerivCount,quantity,future_active_parent_months_3m,lift,0.1,6,0.35282848936589223,0.22780981895837246,0.1137567462327243,0.5919002324990601,0.012709728388711098,0.19155993748609376,0.5122819756008078,positive,0.20850805845894155,21,tie,False,False
S_Q_090,AllTime DerivCount,quantity,future_active_parent_binary_3m,auc,0.01,6,0.033326822706119065,0.038675873584900926,-0.007261017437987634,0.07391466285022577,0.08854168277573637,0.006921232006802558,0.06218159240954898,positive,0.7968751449816274,21,tie,False,False
S_Q_090,AllTime DerivCount,descendant_quality,future_child_download_quality_sum_3m,lift,0.1,6,0.25424040419447363,0.24663394571488056,-0.004586048446893531,0.5130668568358407,0.05284900832249709,0.06994496928140544,0.4269001334832007,positive,0.5284900832249708,21,tie,False,False
S_Q_090,AllTime DerivCount,descendant_quality,future_child_like_quality_sum_3m,lift,0.1,6,0.21724052596540636,0.09102391810347406,0.1217167822246474,0.31276426970616533,0.0020732542312932047,0.1583324583736041,0.2906785416615887,positive,0.03939183039457089,21,win,True,False
S_Q_090,AllTime DerivCount,descendant_quality,future_high_download_child_count_3m,lift,0.1,6,0.133419178818179,0.3706403461980229,-0.2555440100654123,0.5223823677017703,0.41828138763205763,-0.14603539424324433,0.3992076889356903,mixed,0.9067975221992534,21,tie,False,False
S_Q_090,AllTime DerivCount,descendant_quality,future_high_like_child_count_3m,lift,0.1,6,0.1328607616071978,0.11483329411441383,0.012350610116874175,0.25337091309752147,0.03650143187359776,0.0445513200452922,0.21178238070779956,positive,0.40465993189844174,21,tie,False,False
S_Q_090,AllTime DerivCount,descendant_quality,future_nonzero_like_child_share_3m,lift,0.1,6,0.1807925688710886,0.14918538279366125,0.024232111215895358,0.33735302652628185,0.03121281904529217,0.0721117559986945,0.2858180349066215,positive,0.40465993189844174,21,tie,False,False
S_Q_090,AllTime DerivCount,descendant_quality,future_nonzero_download_child_share_3m,lift,0.1,6,0.2919145777864496,0.24068847701985213,0.03932751188953115,0.5445016436833681,0.031127687069110902,0.1224856315660678,0.4603668268355326,positive,0.40465993189844174,21,tie,False,False
S_Q_090,AllTime DerivCount,descendant_quality,future_child_download_quality_mean_3m,lift,0.1,6,0.257629259118789,0.3314466999296703,-0.09020272051331685,0.6054612387508949,0.11527651641610408,0.00970464627227304,0.48848884387378916,positive,0.9067975221992534,21,tie,False,False
S_Q_090,AllTime DerivCount,descendant_quality,future_child_download_quality_median_3m,lift,0.1,6,0.25982995468140246,0.33198659554480725,-0.08856861065105165,0.6082285200138566,0.11334969027490667,0.01759906261371828,0.49329268310187196,positive,0.9067975221992534,21,tie,False,False
S_Q_090,AllTime DerivCount,descendant_quality,future_child_like_quality_mean_3m,lift,0.1,6,0.2949920896452573,0.11080236163623114,0.17871214235955282,0.4112720369309618,0.0012676209513032438,0.21423847947209987,0.3757456998184147,positive,0.02662003997736812,21,win,True,False
S_Q_090,AllTime DerivCount,descendant_quality,future_child_like_quality_median_3m,lift,0.1,6,0.2977490454259161,0.1173988135075384,0.17454654644960324,0.42095154440222904,0.0015790673892146457,0.21227063172405367,0.38319256786605305,positive,0.03158134778429292,21,win,True,False
S_Q_090,AllTime DerivCount,repropagation,future_child_becomes_parent_share_3m,lift,0.1,3,0.2134223628889472,0.14137099223071709,-0.13776265025458798,0.5646073760324823,0.12040642239532687,0.07981523034384708,0.36145159040290853,positive,0.9067975221992534,21,tie,False,False
S_Q_090,AllTime DerivCount,repropagation,future_child_future_child_count_mean_3m,lift,0.1,3,0.15347570187549722,0.10473181966794944,-0.10669256097866678,0.41364396472966125,0.12644480542056483,0.06690216226678558,0.2698892159713502,positive,0.9067975221992534,21,tie,False,False
S_Q_090,AllTime DerivCount,repropagation,future_child_future_child_count_median_3m,lift,0.1,3,0.14305675427449258,0.12108610393883597,-0.1577378028851625,0.4438513114341477,0.17734275923654969,0.04328995617682452,0.2777740148710066,positive,0.9067975221992534,21,tie,False,False
S_Q_090,AllTime DerivCount,repropagation,future_child_second_order_diffusion_share_3m,lift,0.1,3,0.1742082812426015,0.14424643738538012,-0.1841197336476134,0.5325362961328164,0.1715620073250287,0.04653216140517813,0.3306807894827628,positive,0.9067975221992534,21,tie,False,False
S_Q_090,AllTime DerivCount,adoption_breadth,future_child_owner_breadth_3m,lift,0.1,6,0.3058066827052072,0.1956513335113448,0.10048320032522648,0.5111301650851879,0.012265179909349503,0.16817026229534923,0.44549726806482653,positive,0.20850805845894155,21,tie,False,False
S_Q_090,AllTime DerivCount,adoption_breadth,future_high_download_child_owner_breadth_3m,lift,0.1,6,0.13300456404423366,0.3317430487718113,-0.21513841462465688,0.4811475427131242,0.37116807712664446,-0.10922262635913309,0.37626237044825256,mixed,0.9067975221992534,21,tie,False,False
S_Q_090,AllTime DerivCount,adoption_breadth,future_high_like_child_owner_breadth_3m,lift,0.1,6,0.1531651283922054,0.07129245480361053,0.07834828546562284,0.22798197131878795,0.003292077912251332,0.1050713283502142,0.20628961300661794,positive,0.05925740242052397,21,tie,False,False
S_Q_090,AllTime DerivCount,adoption_breadth,future_cross_owner_reuse_share_3m,lift,0.1,6,0.4150655662015356,0.32935247335105505,0.0694313425790461,0.7606997898240251,0.027253236583407444,0.17380079414692404,0.6539402290047605,positive,0.3815453121677042,21,tie,False,False
S_Q_090,Current DerivCount,quantity,future_direct_children_3m,lift,0.1,6,1.8640487225483513,0.5960290393526394,1.2385546062387254,2.489542838857977,0.0006036496523501997,1.4279590335446077,2.28328291439551,positive,0.008451095132902797,21,win,True,False
S_Q_090,Current DerivCount,quantity,future_active_parent_months_3m,lift,0.1,6,2.361461627151023,0.7067765203548394,1.619745157248985,3.103178097053061,0.00044295070610449807,1.852020956781815,2.8709022975202303,positive,0.006644260591567471,21,win,True,False
S_Q_090,Current DerivCount,quantity,future_active_parent_binary_3m,auc,0.01,6,0.170348446242373,0.03798756758570731,0.1304829389449743,0.21021395353977168,0.0001088002003037019,0.1430867859652549,0.1980722363720576,positive,0.0019584036054666343,21,win,True,False
S_Q_090,Current DerivCount,descendant_quality,future_child_download_quality_sum_3m,lift,0.1,6,1.471401274602287,0.47337564762989043,0.9746239989206371,1.968178550283937,0.0006211607974466345,1.1160910465844867,1.7931060121017957,positive,0.008451095132902797,21,win,True,False
S_Q_090,Current DerivCount,descendant_quality,future_child_like_quality_sum_3m,lift,0.1,6,1.722717458657022,0.7858844605121995,0.8979822969550916,2.5474526203589525,0.00301603000853331,1.1291122362391015,2.277246709312252,positive,0.02255758642430119,21,win,True,False
S_Q_090,Current DerivCount,descendant_quality,future_high_download_child_count_3m,lift,0.1,6,0.385285096338283,0.2503780665984894,0.12252942980157794,0.648040762874988,0.01303219292347753,0.22116405788498472,0.5875911335072351,positive,0.06516096461738766,21,tie,False,False
S_Q_090,Current DerivCount,descendant_quality,future_high_like_child_count_3m,lift,0.1,6,1.7797942074346451,0.7124678298977718,1.0321050744605738,2.5274833404087165,0.001690515632271919,1.1982687532980236,2.1975513529983215,positive,0.01690515632271919,21,win,True,False
S_Q_090,Current DerivCount,descendant_quality,future_nonzero_like_child_share_3m,lift,0.1,6,2.4577028450304272,0.44063856867272977,1.9952810267525105,2.9201246633083437,3.7677341050146734e-05,2.1699581946886908,2.795244600090538,positive,0.000715869479952788,21,win,True,False
S_Q_090,Current DerivCount,descendant_quality,future_nonzero_download_child_share_3m,lift,0.1,6,2.287499051001133,0.74498960319112,1.5056804100604047,3.0693176919418614,0.0006575709635887846,1.731613392549834,2.821848573880177,positive,0.008451095132902797,21,win,True,False
S_Q_090,Current DerivCount,descendant_quality,future_child_download_quality_mean_3m,lift,0.1,6,1.9087701512822612,0.8347763410317819,1.0327261076615448,2.7848141949029777,0.002506398491589021,1.2977927317124607,2.477389269701997,positive,0.02255758642430119,21,win,True,False
S_Q_090,Current DerivCount,descendant_quality,future_child_download_quality_median_3m,lift,0.1,6,1.9104483501562022,0.8383567670991822,1.0306468798143433,2.790249820498061,0.002544242581027536,1.3047108797530367,2.4951560872367957,positive,0.02255758642430119,21,win,True,False
S_Q_090,Current DerivCount,descendant_quality,future_child_like_quality_mean_3m,lift,0.1,6,2.735594077874264,0.39634946319907793,2.3196508253395094,3.151537330409018,1.3240833458395944e-05,2.4374265460319293,3.0145715793197474,positive,0.0002648166691679189,21,win,True,False
S_Q_090,Current DerivCount,descendant_quality,future_child_like_quality_median_3m,lift,0.1,6,2.821698143931792,0.3630986652569243,2.440649463812514,3.20274682405107,7.374617429404151e-06,2.548705447586407,3.072753662903725,positive,0.00015486696601748717,21,win,True,False
S_Q_090,Current DerivCount,repropagation,future_child_becomes_parent_share_3m,lift,0.1,3,5.252787040855531,1.0706684849531312,2.5930990806338268,7.912475001077235,0.013567509018571934,4.495569913706204,6.477739312054717,positive,0.06516096461738766,21,tie,False,False
S_Q_090,Current DerivCount,repropagation,future_child_future_child_count_mean_3m,lift,0.1,3,5.552748591675688,1.453342991269504,1.9424444589998227,9.163052724351553,0.022081368250371543,4.407755887691262,7.187765358125437,positive,0.06624410475111463,21,tie,False,False
S_Q_090,Current DerivCount,repropagation,future_child_future_child_count_median_3m,lift,0.1,3,5.979960409845361,1.923890306811476,1.2007519454832867,10.759168874207436,0.03281314758105625,4.718605223273796,8.194333438694724,positive,0.06624410475111463,21,tie,False,False
S_Q_090,Current DerivCount,repropagation,future_child_second_order_diffusion_share_3m,lift,0.1,3,5.6538868379415375,1.6914602029258101,1.4520667599807373,9.855706915902338,0.028561781023449237,4.50996500350053,7.596840003717321,positive,0.06624410475111463,21,tie,False,False
S_Q_090,Current DerivCount,adoption_breadth,future_child_owner_breadth_3m,lift,0.1,6,1.8971460584625095,0.5530236154594288,1.316783366695253,2.4775087502297657,0.0003912009962465695,1.4825274797711039,2.2810120900170405,positive,0.006259215939945112,21,win,True,False
S_Q_090,Current DerivCount,adoption_breadth,future_high_download_child_owner_breadth_3m,lift,0.1,6,0.3982729623109223,0.24508619719928657,0.14107077212341562,0.655475152498429,0.010525489097975481,0.23210757452255745,0.5843341380891417,positive,0.06315293458785289,21,tie,False,False
S_Q_090,Current DerivCount,adoption_breadth,future_high_like_child_owner_breadth_3m,lift,0.1,6,2.006249853872942,0.5399244277853281,1.439633916504573,2.572865791241311,0.0002679636942504148,1.5881796771097234,2.3671310715307947,positive,0.004555382802257051,21,win,True,False
S_Q_090,Current DerivCount,adoption_breadth,future_cross_owner_reuse_share_3m,lift,0.1,6,2.500749519952693,0.9092670852278756,1.5465322345302208,3.4549668053751645,0.001092966725014877,1.844483819729987,3.1407861572969225,positive,0.012022633975163647,21,win,True,False
S_Q_090,Vanilla PageRank,quantity,future_direct_children_3m,lift,0.1,6,0.33068178091756256,0.22171922120215137,0.09800172813804356,0.5633618336970816,0.014697819166685418,0.16897083301711424,0.4888226071168716,positive,0.22046728750028127,21,tie,False,False
S_Q_090,Vanilla PageRank,quantity,future_active_parent_months_3m,lift,0.1,6,0.35282848936589223,0.22780981895837246,0.1137567462327243,0.5919002324990601,0.012709728388711098,0.18812429636278485,0.5140970412456908,positive,0.20850805845894155,21,tie,False,False
S_Q_090,Vanilla PageRank,quantity,future_active_parent_binary_3m,auc,0.01,6,0.03417424871212732,0.03874367505519608,-0.006484744711344463,0.07483324213559911,0.08312425769506232,0.007791173001971001,0.06297833233939193,positive,0.7481183192555609,21,tie,False,False
S_Q_090,Vanilla PageRank,descendant_quality,future_child_download_quality_sum_3m,lift,0.1,6,0.2542404041944734,0.24663394571488087,-0.004586048446894031,0.5130668568358409,0.05284900832249746,0.06994496928140521,0.42287232368376554,positive,0.5284900832249746,21,tie,False,False
S_Q_090,Vanilla PageRank,descendant_quality,future_child_like_quality_sum_3m,lift,0.1,6,0.21724052596540622,0.09102391810347403,0.12171678222464728,0.31276426970616517,0.002073254231293207,0.15833245837360396,0.28832065534624496,positive,0.039391830394570934,21,win,True,False
S_Q_090,Vanilla PageRank,descendant_quality,future_high_download_child_count_3m,lift,0.1,6,0.133419178818179,0.3706403461980229,-0.2555440100654123,0.5223823677017703,0.41828138763205763,-0.1481896020159985,0.4044511476788531,mixed,0.9067975221992567,21,tie,False,False
S_Q_090,Vanilla PageRank,descendant_quality,future_high_like_child_count_3m,lift,0.1,6,0.1328607616071978,0.11483329411441383,0.012350610116874175,0.25337091309752147,0.03650143187359776,0.0424285413777481,0.21178238070779956,positive,0.4046599318984424,21,tie,False,False
S_Q_090,Vanilla PageRank,descendant_quality,future_nonzero_like_child_share_3m,lift,0.1,6,0.1807925688710886,0.14918538279366092,0.02423211121589569,0.3373530265262815,0.03121281904529193,0.07107015536370387,0.28581803490662133,positive,0.4046599318984424,21,tie,False,False
S_Q_090,Vanilla PageRank,descendant_quality,future_nonzero_download_child_share_3m,lift,0.1,6,0.2919145777864496,0.24068847701985224,0.03932751188953104,0.5445016436833681,0.031127687069110954,0.12230732351672868,0.46036682683553276,positive,0.4046599318984424,21,tie,False,False
S_Q_090,Vanilla PageRank,descendant_quality,future_child_download_quality_mean_3m,lift,0.1,6,0.25762925911878926,0.33144669992967063,-0.09020272051331696,0.6054612387508955,0.11527651641610402,0.013676934792477224,0.48464028869856657,positive,0.9067975221992567,21,tie,False,False
S_Q_090,Vanilla PageRank,descendant_quality,future_child_download_quality_median_3m,lift,0.1,6,0.25982995468140196,0.3319865955448071,-0.08856861065105193,0.6082285200138559,0.11334969027490709,0.011970245858283471,0.4933552118844042,positive,0.9067975221992567,21,tie,False,False
S_Q_090,Vanilla PageRank,descendant_quality,future_child_like_quality_mean_3m,lift,0.1,6,0.2949920896452573,0.11080236163623156,0.1787121423595524,0.4112720369309622,0.0012676209513032644,0.21417497788982098,0.3756821982361364,positive,0.026620039977368552,21,win,True,False
S_Q_090,Vanilla PageRank,descendant_quality,future_child_like_quality_median_3m,lift,0.1,6,0.2977490454259157,0.11739881350753853,0.17454654644960266,0.4209515444022287,0.0015790673892146626,0.21230552298577857,0.38319256786605277,positive,0.03158134778429325,21,win,True,False
S_Q_090,Vanilla PageRank,repropagation,future_child_becomes_parent_share_3m,lift,0.1,3,0.2134223628889472,0.14137099223071709,-0.13776265025458798,0.5646073760324823,0.12040642239532687,0.07981523034384708,0.36145159040290853,positive,0.9067975221992567,21,tie,False,False
S_Q_090,Vanilla PageRank,repropagation,future_child_future_child_count_mean_3m,lift,0.1,3,0.15347570187549722,0.10473181966794944,-0.10669256097866678,0.41364396472966125,0.12644480542056483,0.06690216226678558,0.2698892159713502,positive,0.9067975221992567,21,tie,False,False
S_Q_090,Vanilla PageRank,repropagation,future_child_future_child_count_median_3m,lift,0.1,3,0.14305675427449258,0.12108610393883597,-0.1577378028851625,0.4438513114341477,0.17734275923654969,0.04328995617682452,0.2777740148710066,positive,0.9067975221992567,21,tie,False,False
S_Q_090,Vanilla PageRank,repropagation,future_child_second_order_diffusion_share_3m,lift,0.1,3,0.1742082812426015,0.14424643738538012,-0.1841197336476134,0.5325362961328164,0.1715620073250287,0.04653216140517813,0.3306807894827628,positive,0.9067975221992567,21,tie,False,False
S_Q_090,Vanilla PageRank,adoption_breadth,future_child_owner_breadth_3m,lift,0.1,6,0.3058066827052072,0.1956513335113448,0.10048320032522648,0.5111301650851879,0.012265179909349503,0.16376772649535143,0.44250826722795944,positive,0.20850805845894155,21,tie,False,False
S_Q_090,Vanilla PageRank,adoption_breadth,future_high_download_child_owner_breadth_3m,lift,0.1,6,0.13300456404423366,0.3317430487718113,-0.21513841462465688,0.4811475427131242,0.37116807712664446,-0.11025324235978522,0.37626237044825256,mixed,0.9067975221992567,21,tie,False,False
S_Q_090,Vanilla PageRank,adoption_breadth,future_high_like_child_owner_breadth_3m,lift,0.1,6,0.1531651283922054,0.07129245480361053,0.07834828546562284,0.22798197131878795,0.003292077912251332,0.10315363612851813,0.2063109795610342,positive,0.05925740242052397,21,tie,False,False
S_Q_090,Vanilla PageRank,adoption_breadth,future_cross_owner_reuse_share_3m,lift,0.1,6,0.4150655662015355,0.3293524733510551,0.06943134257904587,0.7606997898240251,0.027253236583407482,0.17379292434691754,0.6539402290047601,positive,0.38154531216770476,21,tie,False,False
S_Q_100,AllTime DerivCount,quantity,future_direct_children_3m,lift,0.1,6,0.29467105793825765,0.2359351396895999,0.047072313644153985,0.5422698022323613,0.02812479981761984,0.11749312985015921,0.46522912400699107,positive,0.47812159689953726,21,tie,False,False
S_Q_100,AllTime DerivCount,quantity,future_active_parent_months_3m,lift,0.1,6,0.30907653995439116,0.25631099846770294,0.04009464326505868,0.5780584366437236,0.0317472269726532,0.11814451285810275,0.4943803573011243,positive,0.5079556315624512,21,tie,False,False
S_Q_100,AllTime DerivCount,quantity,future_active_parent_binary_3m,auc,0.01,6,0.03130112751711698,0.03870895091664451,-0.009321425157794098,0.07192368019202805,0.10448120615499659,0.004897858840996065,0.06027623825369599,positive,1.0,21,tie,False,False
S_Q_100,AllTime DerivCount,descendant_quality,future_child_download_quality_sum_3m,lift,0.1,6,0.23234150648491214,0.26505879418802747,-0.04582063880385845,0.5105036517736827,0.08455032365787378,0.03608582649368097,0.4171547675937488,positive,1.0,21,tie,False,False
S_Q_100,AllTime DerivCount,descendant_quality,future_child_like_quality_sum_3m,lift,0.1,6,0.19744202043958325,0.10710357859371138,0.08504370790294191,0.3098403329762246,0.0063085906172233005,0.12485295212119851,0.2797101049674035,positive,0.1324804029616893,21,tie,False,False
S_Q_100,AllTime DerivCount,descendant_quality,future_high_download_child_count_3m,lift,0.1,6,0.10657324614127184,0.39673188675058096,-0.30977133529796524,0.5229178275805089,0.5396211160585311,-0.18666501644680578,0.3920720566058038,mixed,1.0,21,tie,False,False
S_Q_100,AllTime DerivCount,descendant_quality,future_high_like_child_count_3m,lift,0.1,6,0.10237689803392531,0.14389063436340369,-0.04862706191427234,0.25338085798212295,0.14183407125114858,-0.014549328832136776,0.19355329586667644,mixed,1.0,21,tie,False,False
S_Q_100,AllTime DerivCount,descendant_quality,future_nonzero_like_child_share_3m,lift,0.1,6,0.1304050357141541,0.19731762780625686,-0.07666711528546272,0.3374771867137709,0.16640626924253704,-0.023083297183719154,0.2619389947481827,mixed,1.0,21,tie,False,False
S_Q_100,AllTime DerivCount,descendant_quality,future_nonzero_download_child_share_3m,lift,0.1,6,0.26400979570441835,0.2619219077641133,-0.010860389172790863,0.5388799805816276,0.056598555966860135,0.05623184223443619,0.4465435744470349,positive,0.7357812275691817,21,tie,False,False
S_Q_100,AllTime DerivCount,descendant_quality,future_child_download_quality_mean_3m,lift,0.1,6,0.22747035373088278,0.3581055394890873,-0.1483383622531442,0.6032790697149097,0.18045036184687005,-0.03207319174227696,0.47618966717403105,mixed,1.0,21,tie,False,False
S_Q_100,AllTime DerivCount,descendant_quality,future_child_download_quality_median_3m,lift,0.1,6,0.22927221169230086,0.35931403058314026,-0.14780473791632223,0.606349161300924,0.1788203510272591,-0.03698039253250792,0.4730082445428599,mixed,1.0,21,tie,False,False
S_Q_100,AllTime DerivCount,descendant_quality,future_child_like_quality_mean_3m,lift,0.1,6,0.25567871411536885,0.14564986805394753,0.10282855163340876,0.40852887659732895,0.007716054640274181,0.147898854073823,0.3634585741569147,positive,0.15432109280548362,21,tie,False,False
S_Q_100,AllTime DerivCount,descendant_quality,future_child_like_quality_median_3m,lift,0.1,6,0.25640167466009006,0.15445147364871992,0.09431479357866793,0.4184885557415122,0.009668594999402503,0.14279485855425053,0.36946808749196663,positive,0.18370330498864754,21,tie,False,False
S_Q_100,AllTime DerivCount,repropagation,future_child_becomes_parent_share_3m,lift,0.1,3,0.16995103730363947,0.14661765294353846,-0.19426740357721267,0.5341694781844917,0.18246000033277787,0.04148032907032295,0.32967562641144443,positive,1.0,21,tie,False,False
S_Q_100,AllTime DerivCount,repropagation,future_child_future_child_count_mean_3m,lift,0.1,3,0.1197982096789764,0.12312462087723566,-0.18606030428333636,0.4256567236412892,0.2339813706168616,0.012993395150987297,0.25446697505870297,positive,1.0,21,tie,False,False
S_Q_100,AllTime DerivCount,repropagation,future_child_future_child_count_median_3m,lift,0.1,3,0.14305675427449258,0.12108610393883597,-0.1577378028851625,0.4438513114341477,0.17734275923654969,0.04328995617682452,0.2777740148710066,positive,1.0,21,tie,False,False
S_Q_100,AllTime DerivCount,repropagation,future_child_second_order_diffusion_share_3m,lift,0.1,3,0.1446714905095051,0.1611705910306483,-0.25569845268985636,0.5450414337088665,0.26025261849293846,0.04653216140517813,0.3306807894827628,positive,1.0,21,tie,False,False
S_Q_100,AllTime DerivCount,adoption_breadth,future_child_owner_breadth_3m,lift,0.1,6,0.2728421537398442,0.21410378773534622,0.048154008253647185,0.49753029922604125,0.02620790066348837,0.11372737980183582,0.42203728050550354,positive,0.4717422119427907,21,tie,False,False
S_Q_100,AllTime DerivCount,adoption_breadth,future_high_download_child_owner_breadth_3m,lift,0.1,6,0.1049131037383928,0.3542718666829303,-0.266872419371153,0.4766986268479386,0.5007315851853158,-0.1588339551416326,0.36230567233374605,mixed,1.0,21,tie,False,False
S_Q_100,AllTime DerivCount,adoption_breadth,future_high_like_child_owner_breadth_3m,lift,0.1,6,0.1155697597440229,0.10209725243574627,0.00842526430249367,0.22271425518555216,0.03923878805185368,0.036676278179756494,0.18217362198286624,positive,0.5885818207778052,21,tie,False,False
S_Q_100,AllTime DerivCount,adoption_breadth,future_cross_owner_reuse_share_3m,lift,0.1,6,0.3822684741743641,0.35290852621299745,0.011913689143278394,0.7526232592054498,0.045248074529073194,0.12466759953444913,0.6369365299865759,positive,0.6334730434070247,21,tie,False,False
S_Q_100,Current DerivCount,quantity,future_direct_children_3m,lift,0.1,6,1.8280379995690463,0.6180626357993972,1.1794210418731073,2.4766549572649854,0.0007822738168742596,1.3583323054657697,2.2609175169764923,positive,0.010897973069172902,21,win,True,False
S_Q_100,Current DerivCount,quantity,future_active_parent_months_3m,lift,0.1,6,2.317709677739522,0.7341048777973899,1.547313855557455,3.088105499921589,0.000577569647110994,1.7889883847038666,2.8464309707751774,positive,0.008663544706664911,21,win,True,False
S_Q_100,Current DerivCount,quantity,future_active_parent_binary_3m,auc,0.01,6,0.1683227510533709,0.038473654842336426,0.12794712646476636,0.20869837564197546,0.00012255813299519582,0.14010319316969774,0.1967177126441526,positive,0.0022060463939135248,21,win,True,False
S_Q_100,Current DerivCount,descendant_quality,future_child_download_quality_sum_3m,lift,0.1,6,1.4495023768927258,0.4921125910899182,0.9330618849614065,1.965942868824045,0.000797398382593319,1.0734807153601744,1.7818218383737154,positive,0.010897973069172902,21,win,True,False
S_Q_100,Current DerivCount,descendant_quality,future_child_like_quality_sum_3m,lift,0.1,6,1.702918953131199,0.7830459263143453,0.8811626503815603,2.5246752558808376,0.0031222531269478057,1.1230002615548238,2.244627553752444,positive,0.027344023735437865,21,win,True,False
S_Q_100,Current DerivCount,descendant_quality,future_high_download_child_count_3m,lift,0.1,6,0.3584391636613759,0.24458222724904163,0.1017658575010929,0.6151124698216589,0.015711935887034144,0.20475345603870357,0.5515999276448883,positive,0.07961459439532617,21,tie,False,False
S_Q_100,Current DerivCount,descendant_quality,future_high_like_child_count_3m,lift,0.1,6,1.7493103438613726,0.7013484254735475,1.0132903101844994,2.485330377538246,0.0017022987843175025,1.1900422923503091,2.164819711996191,positive,0.017022987843175026,21,win,True,False
S_Q_100,Current DerivCount,descendant_quality,future_nonzero_like_child_share_3m,lift,0.1,6,2.407315311873493,0.44144049405299784,1.9440519245209857,2.8705786992260003,4.206211022981569e-05,2.1132034823098738,2.747155557964694,positive,0.0007991800943664982,21,win,True,False
S_Q_100,Current DerivCount,descendant_quality,future_nonzero_download_child_share_3m,lift,0.1,6,2.259594268919102,0.7631588543068054,1.4587081683073535,3.0604803695308505,0.0007784266477980645,1.6966967918557394,2.7959543820069057,positive,0.010897973069172902,21,win,True,False
S_Q_100,Current DerivCount,descendant_quality,future_child_download_quality_mean_3m,lift,0.1,6,1.8786112458943551,0.858443057204476,0.9777305068427109,2.7794919849459996,0.003038224859493096,1.2488468404299926,2.498222725694801,positive,0.027344023735437865,21,win,True,False
S_Q_100,Current DerivCount,descendant_quality,future_child_download_quality_median_3m,lift,0.1,6,1.8798906071671009,0.8624690081549231,0.9747848917035844,2.7849963226306174,0.0030916418944858222,1.2499161666606444,2.482685156333618,positive,0.027344023735437865,21,win,True,False
S_Q_100,Current DerivCount,descendant_quality,future_child_like_quality_mean_3m,lift,0.1,6,2.696280702344376,0.3935244453820931,2.2833021241901066,3.109259280498645,1.372711119445398e-05,2.40435327413491,2.9780417185943375,positive,0.0002745422238890796,21,win,True,False
S_Q_100,Current DerivCount,descendant_quality,future_child_like_quality_median_3m,lift,0.1,6,2.7803507731659654,0.3607632807223846,2.401752928810095,3.1589486175218355,7.6836990885751e-06,2.5081144539206317,3.0379141598719825,positive,0.0001613576808600771,21,win,True,False
S_Q_100,Current DerivCount,repropagation,future_child_becomes_parent_share_3m,lift,0.1,3,5.209315715270223,1.0792886223989628,2.5282141465391224,7.890417284001323,0.014008496928569194,4.45723501243268,6.445963348063253,positive,0.07961459439532617,21,tie,False,False
S_Q_100,Current DerivCount,repropagation,future_child_future_child_count_mean_3m,lift,0.1,3,5.519071099479167,1.4712658111026218,1.864244214155499,9.173897984802835,0.022878259925580145,4.353847120575463,7.17234311721279,positive,0.07961459439532617,21,tie,False,False
S_Q_100,Current DerivCount,repropagation,future_child_future_child_count_median_3m,lift,0.1,3,5.979960409845361,1.923890306811476,1.2007519454832867,10.759168874207436,0.03281314758105625,4.718605223273796,8.194333438694724,positive,0.07961459439532617,21,tie,False,False
S_Q_100,Current DerivCount,repropagation,future_child_second_order_diffusion_share_3m,lift,0.1,3,5.6243500472084405,1.7219228274283858,1.3468566149228396,9.90184347949404,0.029851679663801423,4.421354631301241,7.596840003717321,positive,0.07961459439532617,21,tie,False,False
S_Q_100,Current DerivCount,adoption_breadth,future_child_owner_breadth_3m,lift,0.1,6,1.8641815294971462,0.573263300692206,1.2625785907063372,2.4657844682879553,0.0005030121562831564,1.4297759643452885,2.2610658584377656,positive,0.008048194500530502,21,win,True,False
S_Q_100,Current DerivCount,adoption_breadth,future_high_download_child_owner_breadth_3m,lift,0.1,6,0.37018150200508143,0.2416855840896153,0.11654803641236128,0.6238149675978015,0.013269099065887694,0.20621246075810387,0.5568898947227283,positive,0.07961459439532617,21,tie,False,False
S_Q_100,Current DerivCount,adoption_breadth,future_high_like_child_owner_breadth_3m,lift,0.1,6,1.9686544852247598,0.5283231445553968,1.4142133479464085,2.523095622503111,0.00026441353933199363,1.5698897628822204,2.3202629165389106,positive,0.004495030168643892,21,win,True,False
S_Q_100,Current DerivCount,adoption_breadth,future_cross_owner_reuse_share_3m,lift,0.1,6,2.4679524279255216,0.9311135577665536,1.490808675614952,3.4450961802360913,0.0012934510944854413,1.7850836252431856,3.123665837704504,positive,0.014227962039339855,21,win,True,False
S_Q_100,Vanilla PageRank,quantity,future_direct_children_3m,lift,0.1,6,0.29467105793825765,0.2359351396895999,0.047072313644153985,0.5422698022323613,0.02812479981761984,0.11993244954244675,0.46135290596915873,positive,0.47812159689953726,21,tie,False,False
S_Q_100,Vanilla PageRank,quantity,future_active_parent_months_3m,lift,0.1,6,0.30907653995439116,0.25631099846770294,0.04009464326505868,0.5780584366437236,0.0317472269726532,0.11814451285810275,0.4913424570810638,positive,0.5079556315624512,21,tie,False,False
S_Q_100,Vanilla PageRank,quantity,future_active_parent_binary_3m,auc,0.01,6,0.032148553523125234,0.03877565723638674,-0.008544003141129637,0.0728411101873801,0.09800489928337361,0.006010887323050958,0.06131721702559343,positive,1.0,21,tie,False,False
S_Q_100,Vanilla PageRank,descendant_quality,future_child_download_quality_sum_3m,lift,0.1,6,0.23234150648491192,0.26505879418802775,-0.04582063880385895,0.5105036517736827,0.0845503236578742,0.03608582649368075,0.41436525569238153,positive,1.0,21,tie,False,False
S_Q_100,Vanilla PageRank,descendant_quality,future_child_like_quality_sum_3m,lift,0.1,6,0.19744202043958312,0.10710357859371136,0.0850437079029418,0.30984033297622443,0.006308590617223317,0.12485295212119836,0.2775369683678644,positive,0.13248040296168967,21,tie,False,False
S_Q_100,Vanilla PageRank,descendant_quality,future_high_download_child_count_3m,lift,0.1,6,0.10657324614127184,0.39673188675058096,-0.30977133529796524,0.5229178275805089,0.5396211160585311,-0.18666501644680578,0.39208526922736003,mixed,1.0,21,tie,False,False
S_Q_100,Vanilla PageRank,descendant_quality,future_high_like_child_count_3m,lift,0.1,6,0.10237689803392531,0.14389063436340369,-0.04862706191427234,0.25338085798212295,0.14183407125114858,-0.014549328832136776,0.1931006367300053,mixed,1.0,21,tie,False,False
S_Q_100,Vanilla PageRank,descendant_quality,future_nonzero_like_child_share_3m,lift,0.1,6,0.1304050357141541,0.19731762780625647,-0.0766671152854623,0.33747718671377047,0.16640626924253624,-0.029000521992102634,0.2602758944245361,mixed,1.0,21,tie,False,False
S_Q_100,Vanilla PageRank,descendant_quality,future_nonzero_download_child_share_3m,lift,0.1,6,0.26400979570441835,0.26192190776411334,-0.010860389172790863,0.5388799805816276,0.056598555966860184,0.07533512850536835,0.446543574447035,positive,0.7357812275691824,21,tie,False,False
S_Q_100,Vanilla PageRank,descendant_quality,future_child_download_quality_mean_3m,lift,0.1,6,0.2274703537308831,0.35810553948908763,-0.14833836225314423,0.6032790697149104,0.18045036184686994,-0.03207319174227696,0.4761896671740316,mixed,1.0,21,tie,False,False
S_Q_100,Vanilla PageRank,descendant_quality,future_child_download_quality_median_3m,lift,0.1,6,0.22927221169230036,0.3593140305831401,-0.1478047379163225,0.6063491613009232,0.17882035102725982,-0.03698039253250821,0.4836550157747066,mixed,1.0,21,tie,False,False
S_Q_100,Vanilla PageRank,descendant_quality,future_child_like_quality_mean_3m,lift,0.1,6,0.25567871411536885,0.1456498680539479,0.1028285516334084,0.4085288765973293,0.007716054640274261,0.14789885407382272,0.36345857415691496,positive,0.15432109280548523,21,tie,False,False
S_Q_100,Vanilla PageRank,descendant_quality,future_child_like_quality_median_3m,lift,0.1,6,0.2564016746600896,0.1544514736487201,0.09431479357866726,0.418488555741512,0.009668594999402614,0.14279485855424992,0.3700084907659293,positive,0.18370330498864965,21,tie,False,False
S_Q_100,Vanilla PageRank,repropagation,future_child_becomes_parent_share_3m,lift,0.1,3,0.16995103730363947,0.14661765294353846,-0.19426740357721267,0.5341694781844917,0.18246000033277787,0.04148032907032295,0.32967562641144443,positive,1.0,21,tie,False,False
S_Q_100,Vanilla PageRank,repropagation,future_child_future_child_count_mean_3m,lift,0.1,3,0.1197982096789764,0.12312462087723566,-0.18606030428333636,0.4256567236412892,0.2339813706168616,0.012993395150987297,0.25446697505870297,positive,1.0,21,tie,False,False
S_Q_100,Vanilla PageRank,repropagation,future_child_future_child_count_median_3m,lift,0.1,3,0.14305675427449258,0.12108610393883597,-0.1577378028851625,0.4438513114341477,0.17734275923654969,0.04328995617682452,0.2777740148710066,positive,1.0,21,tie,False,False
S_Q_100,Vanilla PageRank,repropagation,future_child_second_order_diffusion_share_3m,lift,0.1,3,0.1446714905095051,0.1611705910306483,-0.25569845268985636,0.5450414337088665,0.26025261849293846,0.04653216140517813,0.3306807894827628,positive,1.0,21,tie,False,False
S_Q_100,Vanilla PageRank,adoption_breadth,future_child_owner_breadth_3m,lift,0.1,6,0.2728421537398442,0.21410378773534622,0.048154008253647185,0.49753029922604125,0.02620790066348837,0.1203539480819568,0.4234823609006382,positive,0.4717422119427907,21,tie,False,False
S_Q_100,Vanilla PageRank,adoption_breadth,future_high_download_child_owner_breadth_3m,lift,0.1,6,0.1049131037383928,0.3542718666829303,-0.266872419371153,0.4766986268479386,0.5007315851853158,-0.1536158738721798,0.3634420813489654,mixed,1.0,21,tie,False,False
S_Q_100,Vanilla PageRank,adoption_breadth,future_high_like_child_owner_breadth_3m,lift,0.1,6,0.1155697597440229,0.10209725243574627,0.00842526430249367,0.22271425518555216,0.03923878805185368,0.033951865206284605,0.18217362198286624,positive,0.5885818207778052,21,tie,False,False
S_Q_100,Vanilla PageRank,adoption_breadth,future_cross_owner_reuse_share_3m,lift,0.1,6,0.38226847417436405,0.3529085262129974,0.011913689143278394,0.7526232592054497,0.045248074529073194,0.12466759953444884,0.6349683268021397,positive,0.6334730434070247,21,tie,False,False
S_WD_000,AllTime DerivCount,quantity,future_direct_children_3m,lift,0.1,6,0.04641690202526546,0.4012005755123367,-0.3746172806641608,0.46745108471469166,0.7882342571341363,-0.23717218094405124,0.3371386592625012,mixed,1.0,21,tie,False,False
S_WD_000,AllTime DerivCount,quantity,future_active_parent_months_3m,lift,0.1,6,0.3403704822278722,0.21562355009741263,0.11408744395475015,0.5666535205009943,0.011800595436568367,0.18817742006739055,0.5005612569210119,positive,0.16520833611195715,21,tie,False,False
S_WD_000,AllTime DerivCount,quantity,future_active_parent_binary_3m,auc,0.01,6,0.022332192576357008,0.010797423604947249,0.011000991426271187,0.03366339372644283,0.003879370858412279,0.014879116714788088,0.030538247455826006,positive,0.07758741716824558,21,tie,False,False
S_WD_000,AllTime DerivCount,descendant_quality,future_child_download_quality_sum_3m,lift,0.1,6,0.1796041343932849,0.33186822567140095,-0.16867020937532665,0.5278784781618965,0.24229395876654003,-0.053475184416759435,0.40830902211380393,mixed,1.0,21,tie,False,False
S_WD_000,AllTime DerivCount,descendant_quality,future_child_like_quality_sum_3m,lift,0.1,6,0.4541023577764942,0.2587389653879446,0.18257246606857164,0.7256322494844167,0.007722767810655228,0.29769069208120696,0.6598350651213402,positive,0.12356428497048365,21,tie,False,False
S_WD_000,AllTime DerivCount,descendant_quality,future_high_download_child_count_3m,lift,0.1,6,0.29761365097396836,0.4082506572943557,-0.13081913880169,0.7260464407496268,0.13421101175440964,0.02984117502492219,0.6208501934403731,positive,1.0,21,tie,False,False
S_WD_000,AllTime DerivCount,descendant_quality,future_high_like_child_count_3m,lift,0.1,6,0.37069883493897354,0.27900486798015417,0.07790118277612584,0.6634964871018212,0.022582751646244324,0.19744516236253862,0.5932049013101641,positive,0.2709930197549319,21,tie,False,False
S_WD_000,AllTime DerivCount,descendant_quality,future_nonzero_like_child_share_3m,lift,0.1,6,0.5198399607321248,0.3599414789923163,0.14210454440071635,0.8975753770635333,0.016604232542467384,0.30318390782006494,0.8149162113415688,positive,0.215855023052076,21,tie,False,False
S_WD_000,AllTime DerivCount,descendant_quality,future_nonzero_download_child_share_3m,lift,0.1,6,0.22691717635182104,0.2094625918783476,0.007099667209695931,0.4467346854939461,0.04522995039758527,0.08449258686042997,0.38737802161292806,positive,0.49752945437343793,21,tie,False,False
S_WD_000,AllTime DerivCount,descendant_quality,future_child_download_quality_mean_3m,lift,0.1,6,0.28833099612958774,0.3237093001152605,-0.05138108037715189,0.6280430726363273,0.08093066855589705,0.06633779319286792,0.5297563076860022,positive,0.8093066855589705,21,tie,False,False
S_WD_000,AllTime DerivCount,descendant_quality,future_child_download_quality_median_3m,lift,0.1,6,0.28917139018217153,0.32524567924207987,-0.05215301733664457,0.6304957977009876,0.08133769018929338,0.06579207999611314,0.5304144115692495,positive,0.8093066855589705,21,tie,False,False
S_WD_000,AllTime DerivCount,descendant_quality,future_child_like_quality_mean_3m,lift,0.1,6,0.6589650199152493,0.3114354393484852,0.33213357033628466,0.9857964694942138,0.0035168959958689875,0.4656412783155656,0.9162961453560637,positive,0.07385481591324873,21,tie,False,False
S_WD_000,AllTime DerivCount,descendant_quality,future_child_like_quality_median_3m,lift,0.1,6,0.6759371379870429,0.3329301753210747,0.32654834640828867,1.0253259295657973,0.004200485483650285,0.47134209725060455,0.9487979160639469,positive,0.07758741716824558,21,tie,False,False
S_WD_000,AllTime DerivCount,repropagation,future_child_becomes_parent_share_3m,lift,0.1,3,-0.1604988550298018,0.15934448520055347,-0.5563324998710337,0.2353347898114301,0.22317327163652706,-0.34372773549832836,-0.05435692411348292,negative,1.0,21,tie,False,True
S_WD_000,AllTime DerivCount,repropagation,future_child_future_child_count_mean_3m,lift,0.1,3,-0.1596634534119096,0.2517142081781477,-0.7849562105228708,0.46562930369905164,0.38651049673392457,-0.44699070671174645,0.021978189670287307,mixed,1.0,21,tie,False,True
S_WD_000,AllTime DerivCount,repropagation,future_child_future_child_count_median_3m,lift,0.1,3,-0.24090280749685414,0.2638516545311144,-0.8963466528171928,0.4145410378234846,0.25458858539246093,-0.5405314588782328,-0.04328995617682452,negative,1.0,21,tie,False,True
S_WD_000,AllTime DerivCount,repropagation,future_child_second_order_diffusion_share_3m,lift,0.1,3,-0.1424936157989117,0.30808262405634174,-0.9078132805427855,0.6228260489449621,0.5071196088250027,-0.4187894526465872,0.1897170789395073,mixed,1.0,21,tie,False,True
S_WD_000,AllTime DerivCount,adoption_breadth,future_child_owner_breadth_3m,lift,0.1,6,0.2886341025623424,0.15924889538990902,0.12151263612610455,0.4557555689985803,0.006767189169248138,0.17939099138012313,0.40586493010929237,positive,0.11504221587721834,21,tie,False,False
S_WD_000,AllTime DerivCount,adoption_breadth,future_high_download_child_owner_breadth_3m,lift,0.1,6,0.30103970480843517,0.41948380148675957,-0.13918154683082234,0.7412609564476926,0.13910640540777788,0.0360378887033214,0.64807012463455,positive,1.0,21,tie,False,False
S_WD_000,AllTime DerivCount,adoption_breadth,future_high_like_child_owner_breadth_3m,lift,0.1,6,0.3951599198794126,0.19164284273061238,0.19404309058692693,0.5962767491718983,0.003930775518887553,0.2834659077124253,0.5553049734430638,positive,0.07758741716824558,21,tie,False,False
S_WD_000,AllTime DerivCount,adoption_breadth,future_cross_owner_reuse_share_3m,lift,0.1,6,0.49516144722834626,0.3060361797745907,0.1739961730752762,0.8163267213814163,0.010708217624859783,0.28122234424584674,0.7178977621729707,positive,0.16062326437289673,21,tie,False,False
S_WD_000,Current DerivCount,quantity,future_direct_children_3m,lift,0.1,6,1.579783843656054,0.6614754221088199,0.8856079607798184,2.27395972653229,0.0020669184744749013,1.062233608412055,2.01437004710297,positive,0.014468429321324309,21,win,True,False
S_WD_000,Current DerivCount,quantity,future_active_parent_months_3m,lift,0.1,6,2.349003620013003,0.7079436060085332,1.6060623688311673,3.0919448711948387,0.00045763484057379265,1.8494873881756586,2.8614282161410043,positive,0.006406887768033097,21,win,True,False
S_WD_000,Current DerivCount,quantity,future_active_parent_binary_3m,auc,0.01,6,0.15935381611261096,0.03380437124729966,0.12387830414141962,0.1948293280838023,8.544699084390213e-05,0.135600817455931,0.18330531920297655,positive,0.0014525988443463362,21,win,True,False
S_WD_000,Current DerivCount,descendant_quality,future_child_download_quality_sum_3m,lift,0.1,6,1.3967650048010984,0.5275091092120103,0.8431781452242317,1.9503518643779651,0.0012994290318380337,0.999281458186395,1.75865711497297,positive,0.011694861286542303,21,win,True,False
S_WD_000,Current DerivCount,descendant_quality,future_child_like_quality_sum_3m,lift,0.1,6,1.9595792904681097,0.6680980062212495,1.2584534317960816,2.6607051491401377,0.0008130956279734883,1.5040455812580174,2.448505089991254,positive,0.008944051907708372,21,win,True,False
S_WD_000,Current DerivCount,descendant_quality,future_high_download_child_count_3m,lift,0.1,6,0.5494795684940724,0.2093198037160577,0.32981190633840957,0.7691472306497353,0.0013514050451935683,0.37654025188337714,0.679720520989267,positive,0.011694861286542303,21,win,True,False
S_WD_000,Current DerivCount,descendant_quality,future_high_like_child_count_3m,lift,0.1,6,2.017632280766421,0.5085051150938564,1.4839888899175189,2.5512756716153233,0.0001959527621355081,1.6132778917393642,2.3543562087420526,positive,0.0031352441941681296,21,win,True,False
S_WD_000,Current DerivCount,descendant_quality,future_nonzero_like_child_share_3m,lift,0.1,6,2.7967502368914636,0.40782385761732004,2.3687653459079825,3.2247351278749448,1.3666892682040715e-05,2.526024335060693,3.101066108595558,positive,0.0002596709609587736,21,win,True,False
S_WD_000,Current DerivCount,descendant_quality,future_nonzero_download_child_share_3m,lift,0.1,6,2.222501649566505,0.7334537848340799,1.4527891075450206,2.992214191587989,0.0006992318866728502,1.6818522838977839,2.753585431095876,positive,0.008390782640074201,21,win,True,False
S_WD_000,Current DerivCount,descendant_quality,future_child_download_quality_mean_3m,lift,0.1,6,1.93947188829306,0.8334157059969044,1.064855743570835,2.8140880330152847,0.0023190599725314317,1.3729833573885415,2.5407070188756102,positive,0.014468429321324309,21,win,True,False
S_WD_000,Current DerivCount,descendant_quality,future_child_download_quality_median_3m,lift,0.1,6,1.939789785656971,0.8376586352491951,1.060720959759835,2.818858611554107,0.0023700220850088856,1.3511835251756281,2.535308423980066,positive,0.014468429321324309,21,win,True,False
S_WD_000,Current DerivCount,descendant_quality,future_child_like_quality_mean_3m,lift,0.1,6,3.099567008144256,0.3601647267249988,2.7215973076856446,3.4775367086028672,4.4515565199705805e-06,2.814248818643504,3.3309831538368218,positive,8.903113039941161e-05,21,win,True,False
S_WD_000,Current DerivCount,descendant_quality,future_child_like_quality_median_3m,lift,0.1,6,3.1998862364929184,0.3408207209891863,2.842216825071821,3.5575556479140156,2.8915127528024852e-06,2.934545886168678,3.4227305730717514,positive,6.072176780885219e-05,21,win,True,False
S_WD_000,Current DerivCount,repropagation,future_child_becomes_parent_share_3m,lift,0.1,3,4.878865822936782,1.0011737834920076,2.391812271379346,7.365919374494219,0.013747747376913758,4.242323893387258,6.032875816174214,positive,0.05499098950765503,21,tie,False,False
S_WD_000,Current DerivCount,repropagation,future_child_future_child_count_mean_3m,lift,0.1,3,5.239609436388282,1.4081594966939643,1.7415473265347896,8.737671546241774,0.023240013986923116,4.362831915094763,6.863898298959818,positive,0.06972004196076935,21,tie,False,False
S_WD_000,Current DerivCount,repropagation,future_child_future_child_count_median_3m,lift,0.1,3,5.5960008480740155,1.8936371474658535,0.8919453977410621,10.300056298406968,0.03611448826425903,4.378304816913687,7.777672416388211,positive,0.06972004196076935,21,tie,False,False
S_WD_000,Current DerivCount,repropagation,future_child_second_order_diffusion_share_3m,lift,0.1,3,5.337184940900023,1.500975683369464,1.6085546414679217,9.065815240332125,0.025364654881330915,4.3895338925549945,7.067750740544903,positive,0.06972004196076935,21,tie,False,False
S_WD_000,Current DerivCount,adoption_breadth,future_child_owner_breadth_3m,lift,0.1,6,1.879973478319645,0.5223468215202713,1.3318041074298854,2.4281428492094044,0.0003118035490904233,1.4946106096762988,2.2297795547506674,positive,0.004677053236356349,21,win,True,False
S_WD_000,Current DerivCount,adoption_breadth,future_high_download_child_owner_breadth_3m,lift,0.1,6,0.5663081030751238,0.18231895788294117,0.37497609084407046,0.7576401153061771,0.0006231914737314506,0.4217176420319296,0.6841430455427998,positive,0.008101489158508857,21,win,True,False
S_WD_000,Current DerivCount,adoption_breadth,future_high_like_child_owner_breadth_3m,lift,0.1,6,2.2482446453601495,0.42050233119590036,1.8069545123438266,2.6895347783764723,4.6322914677398216e-05,1.9254968948172497,2.5404665066606937,positive,0.0008338124641931679,21,win,True,False
S_WD_000,Current DerivCount,adoption_breadth,future_cross_owner_reuse_share_3m,lift,0.1,6,2.5808454009795034,0.8950007134417225,1.641599754561427,3.52009104739758,0.0008794576300959555,1.9412931643471414,3.211143692606939,positive,0.008944051907708372,21,win,True,False
S_WD_000,Vanilla PageRank,quantity,future_direct_children_3m,lift,0.1,6,0.04641690202526546,0.4012005755123367,-0.3746172806641608,0.46745108471469166,0.7882342571341363,-0.23122465825428135,0.33792412419662643,mixed,1.0,21,tie,False,False
S_WD_000,Vanilla PageRank,quantity,future_active_parent_months_3m,lift,0.1,6,0.3403704822278722,0.21562355009741263,0.11408744395475015,0.5666535205009943,0.011800595436568367,0.18988474017015022,0.5013830867454976,positive,0.16520833611195715,21,tie,False,False
S_WD_000,Vanilla PageRank,quantity,future_active_parent_binary_3m,auc,0.01,6,0.023179618582365263,0.010768991481325789,0.01187825511612573,0.034480982048604794,0.0032653641550811404,0.015755983494268582,0.03143223143888102,positive,0.06857264725670395,21,tie,False,False
S_WD_000,Vanilla PageRank,descendant_quality,future_child_download_quality_sum_3m,lift,0.1,6,0.17960413439328468,0.3318682256714012,-0.16867020937532715,0.5278784781618965,0.2422939587665407,-0.05347518441675966,0.40873147140779964,mixed,1.0,21,tie,False,False
S_WD_000,Vanilla PageRank,descendant_quality,future_child_like_quality_sum_3m,lift,0.1,6,0.45410235777649405,0.25873896538794466,0.18257246606857142,0.7256322494844167,0.007722767810655245,0.2976438889883776,0.6587507034644925,positive,0.12356428497048393,21,tie,False,False
S_WD_000,Vanilla PageRank,descendant_quality,future_high_download_child_count_3m,lift,0.1,6,0.29761365097396836,0.4082506572943557,-0.13081913880169,0.7260464407496268,0.13421101175440964,0.022737668432841824,0.6230150331790136,positive,1.0,21,tie,False,False
S_WD_000,Vanilla PageRank,descendant_quality,future_high_like_child_count_3m,lift,0.1,6,0.37069883493897354,0.27900486798015417,0.07790118277612584,0.6634964871018212,0.022582751646244324,0.1957454476310411,0.5899260061524629,positive,0.2709930197549319,21,tie,False,False
S_WD_000,Vanilla PageRank,descendant_quality,future_nonzero_like_child_share_3m,lift,0.1,6,0.5198399607321248,0.35994147899231616,0.14210454440071651,0.8975753770635331,0.016604232542467335,0.3034992308287336,0.8075400634335897,positive,0.21585502305207535,21,tie,False,False
S_WD_000,Vanilla PageRank,descendant_quality,future_nonzero_download_child_share_3m,lift,0.1,6,0.22691717635182104,0.20946259187834745,0.007099667209696098,0.446734685493946,0.04522995039758518,0.08449258686042982,0.38851799598551606,positive,0.497529454373437,21,tie,False,False
S_WD_000,Vanilla PageRank,descendant_quality,future_child_download_quality_mean_3m,lift,0.1,6,0.28833099612958807,0.3237093001152609,-0.051381080377151944,0.6280430726363281,0.08093066855589715,0.06922592135323964,0.5297563076860027,positive,0.8093066855589715,21,tie,False,False
S_WD_000,Vanilla PageRank,descendant_quality,future_child_download_quality_median_3m,lift,0.1,6,0.28917139018217103,0.32524567924207975,-0.05215301733664501,0.6304957977009871,0.08133769018929371,0.06903777253038486,0.5314955564869909,positive,0.8093066855589715,21,tie,False,False
S_WD_000,Vanilla PageRank,descendant_quality,future_child_like_quality_mean_3m,lift,0.1,6,0.6589650199152493,0.31143543934848544,0.33213357033628443,0.9857964694942141,0.003516895995869001,0.4636170411118206,0.916296145356064,positive,0.07033791991738002,21,tie,False,False
S_WD_000,Vanilla PageRank,descendant_quality,future_child_like_quality_median_3m,lift,0.1,6,0.6759371379870425,0.3329301753210749,0.32654834640828806,1.0253259295657968,0.0042004854836503085,0.4713420972506044,0.9436883127934131,positive,0.07560873870570556,21,tie,False,False
S_WD_000,Vanilla PageRank,repropagation,future_child_becomes_parent_share_3m,lift,0.1,3,-0.1604988550298018,0.15934448520055347,-0.5563324998710337,0.2353347898114301,0.22317327163652706,-0.34372773549832836,-0.05435692411348292,negative,1.0,21,tie,False,True
S_WD_000,Vanilla PageRank,repropagation,future_child_future_child_count_mean_3m,lift,0.1,3,-0.1596634534119096,0.2517142081781477,-0.7849562105228708,0.46562930369905164,0.38651049673392457,-0.44699070671174645,0.021978189670287307,mixed,1.0,21,tie,False,True
S_WD_000,Vanilla PageRank,repropagation,future_child_future_child_count_median_3m,lift,0.1,3,-0.24090280749685414,0.2638516545311144,-0.8963466528171928,0.4145410378234846,0.25458858539246093,-0.5405314588782328,-0.04328995617682452,negative,1.0,21,tie,False,True
S_WD_000,Vanilla PageRank,repropagation,future_child_second_order_diffusion_share_3m,lift,0.1,3,-0.1424936157989117,0.30808262405634174,-0.9078132805427855,0.6228260489449621,0.5071196088250027,-0.4187894526465872,0.1897170789395073,mixed,1.0,21,tie,False,True
S_WD_000,Vanilla PageRank,adoption_breadth,future_child_owner_breadth_3m,lift,0.1,6,0.2886341025623424,0.15924889538990902,0.12151263612610455,0.4557555689985803,0.006767189169248138,0.17939099138012313,0.4133932270160936,positive,0.11504221587721834,21,tie,False,False
S_WD_000,Vanilla PageRank,adoption_breadth,future_high_download_child_owner_breadth_3m,lift,0.1,6,0.30103970480843517,0.41948380148675957,-0.13918154683082234,0.7412609564476926,0.13910640540777788,0.0360378887033214,0.645823947663111,positive,1.0,21,tie,False,False
S_WD_000,Vanilla PageRank,adoption_breadth,future_high_like_child_owner_breadth_3m,lift,0.1,6,0.3951599198794126,0.19164284273061238,0.19404309058692693,0.5962767491718983,0.003930775518887553,0.2834659077124253,0.5553049734430638,positive,0.0746847348588635,21,tie,False,False
S_WD_000,Vanilla PageRank,adoption_breadth,future_cross_owner_reuse_share_3m,lift,0.1,6,0.49516144722834615,0.30603617977459063,0.17399617307527615,0.8163267213814162,0.010708217624859783,0.28122234424584663,0.7214595993810767,positive,0.16062326437289673,21,tie,False,False
S_WD_025,AllTime DerivCount,quantity,future_direct_children_3m,lift,0.1,6,0.47198133913409884,0.2646244919678797,0.1942749660736373,0.7496877121945604,0.007229644972653963,0.2825919492838224,0.6613707289843753,positive,0.0795260946991936,21,tie,False,False
S_WD_025,AllTime DerivCount,quantity,future_active_parent_months_3m,lift,0.1,6,0.5979680874135123,0.24493489514473168,0.340924678994445,0.8550114958325795,0.001873886523223857,0.4254515490432273,0.7702334952734757,positive,0.03372995741802943,21,win,True,False
S_WD_025,AllTime DerivCount,quantity,future_active_parent_binary_3m,auc,0.01,6,0.04010281443412953,0.03761397604258915,0.0006293674168427674,0.0795762614514163,0.0475796307054622,0.012981887527586236,0.06822893754796722,positive,0.3330574149382354,21,tie,False,False
S_WD_025,AllTime DerivCount,descendant_quality,future_child_download_quality_sum_3m,lift,0.1,6,0.4210170321500873,0.26455673572131516,0.14338176490959614,0.6986522993905784,0.011430799358553808,0.23026869053594937,0.617292661520124,positive,0.11430799358553809,21,tie,False,False
S_WD_025,AllTime DerivCount,descendant_quality,future_child_like_quality_sum_3m,lift,0.1,6,0.4865825220584656,0.2142292082210766,0.26176275584457004,0.7114022882723612,0.0025813589585696383,0.34688902072060546,0.6533368689455061,positive,0.04130174333711421,21,win,True,False
S_WD_025,AllTime DerivCount,descendant_quality,future_high_download_child_count_3m,lift,0.1,6,0.3379658209945349,0.35550287996421615,-0.03511157132557752,0.7110432133146474,0.0673238477114183,0.09092384069689108,0.5969654375991033,positive,0.40394308626850983,21,tie,False,False
S_WD_025,AllTime DerivCount,descendant_quality,future_high_like_child_count_3m,lift,0.1,6,0.40991567565828513,0.21323853808531507,0.18613555399223833,0.6336957973243319,0.005295591016801272,0.26859983815664057,0.5740454028282999,positive,0.06354709220161527,21,tie,False,False
S_WD_025,AllTime DerivCount,descendant_quality,future_nonzero_like_child_share_3m,lift,0.1,6,0.5773111429929565,0.2582654059804973,0.3062782214048172,0.8483440645810958,0.0027689074105690516,0.4265976682194285,0.7848079495213106,positive,0.04153361115853577,21,win,True,False
S_WD_025,AllTime DerivCount,descendant_quality,future_nonzero_download_child_share_3m,lift,0.1,6,0.5087349623308465,0.2409830932971268,0.2558387156124625,0.7616312090492304,0.0035516961970948942,0.3385297987856499,0.6763604134223261,positive,0.049723746759328516,21,win,True,False
S_WD_025,AllTime DerivCount,descendant_quality,future_child_download_quality_mean_3m,lift,0.1,6,0.507445493886313,0.34584407340848294,0.14450439740464793,0.870386590367978,0.01564099853626479,0.26124794393174344,0.7518604975251947,positive,0.1391094968230993,21,tie,False,False
S_WD_025,AllTime DerivCount,descendant_quality,future_child_download_quality_median_3m,lift,0.1,6,0.5094834305095796,0.3461493661109576,0.1462219489853374,0.8727449120338218,0.015456610758122144,0.26263882996474913,0.7592036484901281,positive,0.1391094968230993,21,tie,False,False
S_WD_025,AllTime DerivCount,descendant_quality,future_child_like_quality_mean_3m,lift,0.1,6,0.710445513636515,0.25079713393223035,0.44725006290426594,0.973640964368764,0.0009545315687172251,0.5457478349631638,0.9115174467784999,positive,0.019090631374344504,21,win,True,False
S_WD_025,AllTime DerivCount,descendant_quality,future_child_like_quality_median_3m,lift,0.1,6,0.731030339582678,0.26998830317769684,0.44769499187296075,1.0143656872923954,0.0011738437675794724,0.552125481029203,0.9543423738910932,positive,0.022303031584009973,21,win,True,False
S_WD_025,AllTime DerivCount,repropagation,future_child_becomes_parent_share_3m,lift,0.1,3,0.21981151310120092,0.13246627135925687,-0.10925294711320385,0.5488759733156057,0.1027377238601417,0.09898268098060825,0.36145159040290853,positive,0.40394308626850983,21,tie,False,False
S_WD_025,AllTime DerivCount,repropagation,future_child_future_child_count_mean_3m,lift,0.1,3,0.16246049639479723,0.09421994086202637,-0.07159481189654787,0.39651580468614234,0.09620898063514655,0.09385654582468561,0.2698892159713502,positive,0.40394308626850983,21,tie,False,False
S_WD_025,AllTime DerivCount,repropagation,future_child_future_child_count_median_3m,lift,0.1,3,0.14305675427449258,0.12108610393883597,-0.1577378028851625,0.4438513114341477,0.17734275923654969,0.04328995617682452,0.2777740148710066,positive,0.40394308626850983,21,tie,False,False
S_WD_025,AllTime DerivCount,repropagation,future_child_second_order_diffusion_share_3m,lift,0.1,3,0.1889766766091494,0.1420757609738603,-0.16395907914726904,0.5419124323655679,0.14776053579993165,0.04653216140517813,0.3306807894827628,positive,0.40394308626850983,21,tie,False,False
S_WD_025,AllTime DerivCount,adoption_breadth,future_child_owner_breadth_3m,lift,0.1,6,0.49754537864213466,0.2094374745841992,0.2777542284836666,0.7173365288006027,0.0021163161318220975,0.3429825874905865,0.64454324830111,positive,0.035977374240975656,21,win,True,False
S_WD_025,AllTime DerivCount,adoption_breadth,future_high_download_child_owner_breadth_3m,lift,0.1,6,0.32986105844022423,0.3647016702107711,-0.05286987220855055,0.712591989088999,0.077567344841794,0.08761100064836332,0.6042903649283576,positive,0.40394308626850983,21,tie,False,False
S_WD_025,AllTime DerivCount,adoption_breadth,future_high_like_child_owner_breadth_3m,lift,0.1,6,0.43317718660332377,0.14007084982253865,0.2861818446890336,0.5801725285176139,0.0006360398742178393,0.3389593181494055,0.5441796712223073,positive,0.013356837358574625,21,win,True,False
S_WD_025,AllTime DerivCount,adoption_breadth,future_cross_owner_reuse_share_3m,lift,0.1,6,0.7167697830683618,0.3562073742477599,0.34295306933899555,1.0905864967977281,0.004363649145212024,0.45652941109482614,0.9640483609026064,positive,0.056727438887756304,21,tie,False,False
S_WD_025,Current DerivCount,quantity,future_direct_children_3m,lift,0.1,6,2.0053482807648875,0.5853912275195943,1.3910178633233663,2.6196786982064086,0.0003938156090130549,1.5522100570636468,2.407850704980138,positive,0.004725787308156659,21,win,True,False
S_WD_025,Current DerivCount,quantity,future_active_parent_months_3m,lift,0.1,6,2.606601225198643,0.7280564984973174,1.8425527878176808,3.3706496625796047,0.0003196698903601591,2.0803417027609044,3.1328607476363817,positive,0.004551917253409253,21,win,True,False
S_WD_025,Current DerivCount,quantity,future_active_parent_binary_3m,auc,0.01,6,0.1771244379703835,0.03688944069973365,0.13841134416425355,0.21583753177651344,7.81591212094974e-05,0.15081236828189162,0.20343650765887533,positive,0.0014068641817709532,21,win,True,False
S_WD_025,Current DerivCount,descendant_quality,future_child_download_quality_sum_3m,lift,0.1,6,1.6381779025579004,0.4504464654918468,1.1654633278055797,2.110892477310221,0.00029676903582887877,1.301823805764699,1.9317668094441245,positive,0.004551917253409253,21,win,True,False
S_WD_025,Current DerivCount,descendant_quality,future_child_like_quality_sum_3m,lift,0.1,6,1.9920594547500812,0.7113232369567671,1.2455714984014734,2.738547411098689,0.0010060564787082486,1.4794995668822442,2.506930474295291,positive,0.009054508308374237,21,win,True,False
S_WD_025,Current DerivCount,descendant_quality,future_high_download_child_count_3m,lift,0.1,6,0.589831738514639,0.26589645505627546,0.31079052205658275,0.8688729549726952,0.002863429739521374,0.38920607534845547,0.7758724117135435,positive,0.01431714869760687,21,win,True,False
S_WD_025,Current DerivCount,descendant_quality,future_high_like_child_count_3m,lift,0.1,6,2.0568491214857327,0.560558147863795,1.4685794228833833,2.645118820088082,0.0002844948283380783,1.608962263281507,2.4087825192383154,positive,0.004551917253409253,21,win,True,False
S_WD_025,Current DerivCount,descendant_quality,future_nonzero_like_child_share_3m,lift,0.1,6,2.8542214191522954,0.4036869393968033,2.43057795758876,3.277864880715831,1.175766949119514e-05,2.567562735571178,3.149522484665649,positive,0.00022339572033270766,21,win,True,False
S_WD_025,Current DerivCount,descendant_quality,future_nonzero_download_child_share_3m,lift,0.1,6,2.5043194355455305,0.7548390027554146,1.7121644836704553,3.2964743874206057,0.00045788058627998493,1.9346135880053767,3.042333529927552,positive,0.005036686449079834,21,win,True,False
S_WD_025,Current DerivCount,descendant_quality,future_child_download_quality_mean_3m,lift,0.1,6,2.1585863860497856,0.8492969982965353,1.2673038471807225,3.0498689249188486,0.0015640098653910862,1.5415490693358223,2.743640639858169,positive,0.010948069057737602,21,win,True,False
S_WD_025,Current DerivCount,descendant_quality,future_child_download_quality_median_3m,lift,0.1,6,2.160101825984379,0.8520757978874914,1.2659031157884382,3.05430053618032,0.0015821946639495061,1.5425344766577702,2.747341802561648,positive,0.010948069057737602,21,win,True,False
S_WD_025,Current DerivCount,descendant_quality,future_child_like_quality_mean_3m,lift,0.1,6,3.1510475018655217,0.3710853335360952,2.761617327410055,3.5404776763209886,4.756900612381004e-06,2.837415048539152,3.3992526452835077,positive,9.513801224762008e-05,21,win,True,False
S_WD_025,Current DerivCount,descendant_quality,future_child_like_quality_median_3m,lift,0.1,6,3.254979438088553,0.33983687001218377,2.8983425149470685,3.6116163612300376,2.6189085735172687e-06,2.9703509316662298,3.475797731186505,positive,5.499708004386264e-05,21,win,True,False
S_WD_025,Current DerivCount,repropagation,future_child_becomes_parent_share_3m,lift,0.1,3,5.259176191067785,1.063926476072098,2.6162363093602035,7.902116072775366,0.013368695758705538,4.514737364342965,6.477739312054717,positive,0.05347478303482215,21,tie,False,False
S_WD_025,Current DerivCount,repropagation,future_child_future_child_count_mean_3m,lift,0.1,3,5.561733386194988,1.442770063924137,1.9776938610610197,9.145772911328956,0.02170362065166811,4.434710271249162,7.187765358125437,positive,0.06511086195500433,21,tie,False,False
S_WD_025,Current DerivCount,repropagation,future_child_future_child_count_median_3m,lift,0.1,3,5.979960409845361,1.923890306811476,1.2007519454832867,10.759168874207436,0.03281314758105625,4.718605223273796,8.194333438694724,positive,0.06511086195500433,21,tie,False,False
S_WD_025,Current DerivCount,repropagation,future_child_second_order_diffusion_share_3m,lift,0.1,3,5.668655233308084,1.6766067710791868,1.5037331255459367,9.833577341070232,0.027943126676574462,4.554270189600174,7.596840003717321,positive,0.06511086195500433,21,tie,False,False
S_WD_025,Current DerivCount,adoption_breadth,future_child_owner_breadth_3m,lift,0.1,6,2.088884754399437,0.5721636550803971,1.4884358229049153,2.6893336858939585,0.0002913815347378203,1.6561523615158178,2.4771825339888984,positive,0.004551917253409253,21,win,True,False
S_WD_025,Current DerivCount,adoption_breadth,future_high_download_child_owner_breadth_3m,lift,0.1,6,0.5951294567069129,0.21683044666029772,0.36757985816703126,0.8226790552467944,0.0011032278365026467,0.4393732999136774,0.7529943429090699,positive,0.009054508308374237,21,win,True,False
S_WD_025,Current DerivCount,adoption_breadth,future_high_like_child_owner_breadth_3m,lift,0.1,6,2.286261912084061,0.4802400480623531,1.782280889942067,2.790242934226055,8.146366967021422e-05,1.9304215637491422,2.621831499517711,positive,0.0014068641817709532,21,win,True,False
S_WD_025,Current DerivCount,adoption_breadth,future_cross_owner_reuse_share_3m,lift,0.1,6,2.802453736819519,0.9401368464855313,1.8158406237381828,3.7890668499008555,0.0007544762166477967,2.1028533067932433,3.4628873147283876,positive,0.007544762166477967,21,win,True,False
S_WD_025,Vanilla PageRank,quantity,future_direct_children_3m,lift,0.1,6,0.47198133913409884,0.2646244919678797,0.1942749660736373,0.7496877121945604,0.007229644972653963,0.288457928090915,0.6669617455010846,positive,0.0795260946991936,21,tie,False,False
S_WD_025,Vanilla PageRank,quantity,future_active_parent_months_3m,lift,0.1,6,0.5979680874135123,0.24493489514473168,0.340924678994445,0.8550114958325795,0.001873886523223857,0.4254966100624073,0.7702334952734757,positive,0.03372995741802943,21,win,True,False
S_WD_025,Vanilla PageRank,quantity,future_active_parent_binary_3m,auc,0.01,6,0.040950240440137786,0.03768337324609258,0.0014039655241854035,0.08049651535609018,0.044784747777474924,0.014912086337107147,0.06888787116778107,positive,0.31349323444232446,21,tie,False,False
S_WD_025,Vanilla PageRank,descendant_quality,future_child_download_quality_sum_3m,lift,0.1,6,0.42101703215008707,0.2645567357213154,0.14338176490959564,0.6986522993905785,0.011430799358553867,0.23319752743405622,0.6147022017804216,positive,0.11430799358553867,21,tie,False,False
S_WD_025,Vanilla PageRank,descendant_quality,future_child_like_quality_sum_3m,lift,0.1,6,0.4865825220584654,0.21422920822107666,0.26176275584456976,0.7114022882723611,0.0025813589585696453,0.3469184046588514,0.653336868945506,positive,0.041301743337114324,21,win,True,False
S_WD_025,Vanilla PageRank,descendant_quality,future_high_download_child_count_3m,lift,0.1,6,0.3379658209945349,0.35550287996421615,-0.03511157132557752,0.7110432133146474,0.0673238477114183,0.09092384069689108,0.5969654375991033,positive,0.40394308626850983,21,tie,False,False
S_WD_025,Vanilla PageRank,descendant_quality,future_high_like_child_count_3m,lift,0.1,6,0.40991567565828513,0.21323853808531507,0.18613555399223833,0.6336957973243319,0.005295591016801272,0.26837968080430247,0.5694792171478261,positive,0.06354709220161527,21,tie,False,False
S_WD_025,Vanilla PageRank,descendant_quality,future_nonzero_like_child_share_3m,lift,0.1,6,0.5773111429929565,0.2582654059804972,0.30627822140481725,0.8483440645810958,0.0027689074105690494,0.4255336718015026,0.7891596275156405,positive,0.04153361115853574,21,win,True,False
S_WD_025,Vanilla PageRank,descendant_quality,future_nonzero_download_child_share_3m,lift,0.1,6,0.5087349623308465,0.2409830932971268,0.2558387156124625,0.7616312090492304,0.0035516961970948942,0.33852979878564965,0.6763604134223264,positive,0.049723746759328516,21,win,True,False
S_WD_025,Vanilla PageRank,descendant_quality,future_child_download_quality_mean_3m,lift,0.1,6,0.5074454938863133,0.34584407340848333,0.14450439740464788,0.8703865903679788,0.015640998536264796,0.2612479439317436,0.7566719789364621,positive,0.1391094968230997,21,tie,False,False
S_WD_025,Vanilla PageRank,descendant_quality,future_child_download_quality_median_3m,lift,0.1,6,0.5094834305095791,0.34614936611095753,0.14622194898533708,0.8727449120338211,0.015456610758122189,0.26263882996474863,0.7541407524877132,positive,0.1391094968230997,21,tie,False,False
S_WD_025,Vanilla PageRank,descendant_quality,future_child_like_quality_mean_3m,lift,0.1,6,0.710445513636515,0.25079713393223063,0.44725006290426567,0.9736409643687642,0.0009545315687172302,0.5457478349631635,0.9134796254280678,positive,0.019090631374344604,21,win,True,False
S_WD_025,Vanilla PageRank,descendant_quality,future_child_like_quality_median_3m,lift,0.1,6,0.7310303395826776,0.26998830317769695,0.4476949918729602,1.014365687292395,0.00117384376757948,0.5512240909416036,0.9543423738910932,positive,0.02230303158401012,21,win,True,False
S_WD_025,Vanilla PageRank,repropagation,future_child_becomes_parent_share_3m,lift,0.1,3,0.21981151310120092,0.13246627135925687,-0.10925294711320385,0.5488759733156057,0.1027377238601417,0.09898268098060825,0.36145159040290853,positive,0.40394308626850983,21,tie,False,False
S_WD_025,Vanilla PageRank,repropagation,future_child_future_child_count_mean_3m,lift,0.1,3,0.16246049639479723,0.09421994086202637,-0.07159481189654787,0.39651580468614234,0.09620898063514655,0.09385654582468561,0.2698892159713502,positive,0.40394308626850983,21,tie,False,False
S_WD_025,Vanilla PageRank,repropagation,future_child_future_child_count_median_3m,lift,0.1,3,0.14305675427449258,0.12108610393883597,-0.1577378028851625,0.4438513114341477,0.17734275923654969,0.04328995617682452,0.2777740148710066,positive,0.40394308626850983,21,tie,False,False
S_WD_025,Vanilla PageRank,repropagation,future_child_second_order_diffusion_share_3m,lift,0.1,3,0.1889766766091494,0.1420757609738603,-0.16395907914726904,0.5419124323655679,0.14776053579993165,0.04653216140517813,0.3306807894827628,positive,0.40394308626850983,21,tie,False,False
S_WD_025,Vanilla PageRank,adoption_breadth,future_child_owner_breadth_3m,lift,0.1,6,0.49754537864213466,0.2094374745841992,0.2777542284836666,0.7173365288006027,0.0021163161318220975,0.3429825874905865,0.64454324830111,positive,0.035977374240975656,21,win,True,False
S_WD_025,Vanilla PageRank,adoption_breadth,future_high_download_child_owner_breadth_3m,lift,0.1,6,0.32986105844022423,0.3647016702107711,-0.05286987220855055,0.712591989088999,0.077567344841794,0.08758374832297258,0.6042903649283576,positive,0.40394308626850983,21,tie,False,False
S_WD_025,Vanilla PageRank,adoption_breadth,future_high_like_child_owner_breadth_3m,lift,0.1,6,0.43317718660332377,0.14007084982253865,0.2861818446890336,0.5801725285176139,0.0006360398742178393,0.3389593181494055,0.5441796712223073,positive,0.013356837358574625,21,win,True,False
S_WD_025,Vanilla PageRank,adoption_breadth,future_cross_owner_reuse_share_3m,lift,0.1,6,0.7167697830683616,0.3562073742477599,0.34295306933899533,1.090586496797728,0.004363649145212027,0.4565294110948262,0.9846242152316158,positive,0.05672743888775635,21,tie,False,False
S_WD_075,AllTime DerivCount,quantity,future_direct_children_3m,lift,0.1,6,0.2210479479478018,0.22853026551510908,-0.018779857478645856,0.46087575337424946,0.06400893999593796,0.054500719658809794,0.3890156599116257,positive,1.0,21,tie,False,False
S_WD_075,AllTime DerivCount,quantity,future_active_parent_months_3m,lift,0.1,6,0.15741858343141724,0.1989376077855868,-0.05135363229442641,0.3661907991572609,0.1103147786041347,0.017610902749635244,0.30449761636104355,positive,1.0,21,tie,False,False
S_WD_075,AllTime DerivCount,quantity,future_active_parent_binary_3m,auc,0.01,6,0.022269327913456077,0.04075150316635709,-0.020496751888653107,0.06503540771556526,0.2383496720390694,-0.006233739381656721,0.052778772642735096,mixed,1.0,21,tie,False,False
S_WD_075,AllTime DerivCount,descendant_quality,future_child_download_quality_sum_3m,lift,0.1,6,0.16841183571346283,0.23059053235964191,-0.07357808716733366,0.4104017585942593,0.1336395141489716,-0.001533998198215647,0.33242416384890583,mixed,1.0,21,tie,False,False
S_WD_075,AllTime DerivCount,descendant_quality,future_child_like_quality_sum_3m,lift,0.1,6,0.024964528046226436,0.055461776414990706,-0.03323903677560734,0.0831680928680602,0.320434743982969,-0.015248834071103298,0.06382952897418859,mixed,1.0,21,tie,False,False
S_WD_075,AllTime DerivCount,descendant_quality,future_high_download_child_count_3m,lift,0.1,6,0.03351377768993191,0.3353648397438285,-0.31843003750524695,0.3854575928851108,0.8163528902304052,-0.2095076556239397,0.2765352110038035,mixed,1.0,21,tie,False,False
S_WD_075,AllTime DerivCount,descendant_quality,future_high_like_child_count_3m,lift,0.1,6,-0.03268944471407539,0.10441690872494898,-0.1422682701378028,0.07688938070965201,0.47779479400851627,-0.10761335528595624,0.04086338056993958,mixed,1.0,21,tie,False,False
S_WD_075,AllTime DerivCount,descendant_quality,future_nonzero_like_child_share_3m,lift,0.1,6,-0.0631753519891222,0.12489198538643838,-0.1942414525910191,0.06789074861277468,0.2703162781651566,-0.1531596249326951,0.024896312033996892,mixed,1.0,21,tie,False,False
S_WD_075,AllTime DerivCount,descendant_quality,future_nonzero_download_child_share_3m,lift,0.1,6,0.14292818560209555,0.22393403562404343,-0.09207617236751259,0.3779325435717037,0.17872052354214973,-0.015903297243877956,0.301543197097597,mixed,1.0,21,tie,False,False
S_WD_075,AllTime DerivCount,descendant_quality,future_child_download_quality_mean_3m,lift,0.1,6,0.11446606834192947,0.29018321516418066,-0.19006253975096654,0.41899467643482546,0.37830648281130524,-0.09948591377472793,0.3249388777996772,mixed,1.0,21,tie,False,False
S_WD_075,AllTime DerivCount,descendant_quality,future_child_download_quality_median_3m,lift,0.1,6,0.11622984350711303,0.29082665485156733,-0.1889740131258501,0.42143370014007614,0.3725650056885723,-0.09742466907801021,0.3163708724898149,mixed,1.0,21,tie,False,False
S_WD_075,AllTime DerivCount,descendant_quality,future_child_like_quality_mean_3m,lift,0.1,6,-0.009399110263200358,0.063573710631438,-0.07611562796026562,0.05731740743386491,0.732044957306863,-0.054403453859744356,0.03645464645389277,mixed,1.0,21,tie,False,False
S_WD_075,AllTime DerivCount,descendant_quality,future_child_like_quality_median_3m,lift,0.1,6,-0.018296113067882036,0.06885913887995398,-0.09055934754105299,0.05396712140528892,0.5438712481434755,-0.06617920740472687,0.0304508593165691,mixed,1.0,21,tie,False,False
S_WD_075,AllTime DerivCount,repropagation,future_child_becomes_parent_share_3m,lift,0.1,3,0.07324743036535519,0.21050902420230672,-0.44968597531287746,0.5961808360435878,0.6079597822505494,-0.10419229576906197,0.30584365341784636,mixed,1.0,21,tie,False,False
S_WD_075,AllTime DerivCount,repropagation,future_child_future_child_count_mean_3m,lift,0.1,3,0.07503027645453031,0.12433347244759267,-0.2338311912815777,0.3838917441906383,0.40563281194656,-0.019351865118494516,0.2159113727770805,mixed,1.0,21,tie,False,False
S_WD_075,AllTime DerivCount,repropagation,future_child_future_child_count_median_3m,lift,0.1,3,0.0781613528980607,0.17421944837299888,-0.3546237489202823,0.5109464547164038,0.5184403998784272,-0.04328995617682452,0.2777740148710066,mixed,1.0,21,tie,False,False
S_WD_075,AllTime DerivCount,repropagation,future_child_second_order_diffusion_share_3m,lift,0.1,3,0.1301175093115662,0.07708464298364635,-0.061371359318547175,0.32160637794167957,0.09978450384680683,0.04653216140517813,0.19840847368965875,positive,1.0,21,tie,False,False
S_WD_075,AllTime DerivCount,adoption_breadth,future_child_owner_breadth_3m,lift,0.1,6,0.14905910513504791,0.1733041984935695,-0.03281249730771188,0.33093070757780774,0.08898132554933631,0.02948330272847688,0.26939595826792945,positive,1.0,21,tie,False,False
S_WD_075,AllTime DerivCount,adoption_breadth,future_high_download_child_owner_breadth_3m,lift,0.1,6,0.015851367417484424,0.2828865465293569,-0.2810198565575164,0.31272259139248526,0.896184577337168,-0.18663278855902563,0.22679651129873876,mixed,1.0,21,tie,False,False
S_WD_075,AllTime DerivCount,adoption_breadth,future_high_like_child_owner_breadth_3m,lift,0.1,6,-0.03903222891025582,0.09461334726495496,-0.1383228475399548,0.06025838971944317,0.35861801227885726,-0.10362059965391716,0.03496557915186956,mixed,1.0,21,tie,False,False
S_WD_075,AllTime DerivCount,adoption_breadth,future_cross_owner_reuse_share_3m,lift,0.1,6,0.18824277113420748,0.2768737864905196,-0.10231844816189509,0.4788039904303101,0.15671855173039634,-0.004404343127692112,0.3832907474084241,mixed,1.0,21,tie,False,False
S_WD_075,Current DerivCount,quantity,future_direct_children_3m,lift,0.1,6,1.7544148895785907,0.584244842740636,1.1412875291811426,2.367542249976039,0.0007292275431296992,1.3103886245825997,2.1603328299776567,positive,0.009728062925234949,21,win,True,False
S_WD_075,Current DerivCount,quantity,future_active_parent_months_3m,lift,0.1,6,2.1660517212165478,0.6623982828620018,1.4709073553752618,2.8611960870578335,0.0004900662703379695,1.682063392208345,2.6445943730238874,positive,0.008331126595745482,21,win,True,False
S_WD_075,Current DerivCount,quantity,future_active_parent_binary_3m,auc,0.01,6,0.15929095144971003,0.04010992958178583,0.11719816183286576,0.20138374106655432,0.0001951072684409254,0.13020638854241123,0.18822773543987595,positive,0.0035119308319366575,21,win,True,False
S_WD_075,Current DerivCount,descendant_quality,future_child_download_quality_sum_3m,lift,0.1,6,1.3855727061212761,0.4566395392782375,0.9063588990170115,1.8647865132255408,0.0006948616375167821,1.0506085749379774,1.7024335485112678,positive,0.009728062925234949,21,win,True,False
S_WD_075,Current DerivCount,descendant_quality,future_child_like_quality_sum_3m,lift,0.1,6,1.530441460737842,0.7649062485190568,0.7277215823628089,2.333161339112875,0.004470602888917684,0.9542105194612854,2.051841468118726,positive,0.031294220222423785,21,win,True,False
S_WD_075,Current DerivCount,descendant_quality,future_high_download_child_count_3m,lift,0.1,6,0.285379695210036,0.2417828435020754,0.031644162123564856,0.539115228296507,0.034140307710234324,0.10991834082195588,0.46084104959811606,positive,0.11647232974156493,21,tie,False,False
S_WD_075,Current DerivCount,descendant_quality,future_high_like_child_count_3m,lift,0.1,6,1.6142440011133719,0.7119461063583941,0.8671023834156961,2.3613856188110476,0.0026012009747689887,1.0347507952204429,2.0322763264712296,positive,0.02601200974768989,21,win,True,False
S_WD_075,Current DerivCount,descendant_quality,future_nonzero_like_child_share_3m,lift,0.1,6,2.2137349241702164,0.4798047762840881,1.7102106917453748,2.717259156595058,9.481180091492409e-05,1.8856364930368352,2.570925690246184,positive,0.0018014242173835576,21,win,True,False
S_WD_075,Current DerivCount,descendant_quality,future_nonzero_download_child_share_3m,lift,0.1,6,2.1385126588167793,0.7053373826374651,1.3983064713260722,2.8787188463074864,0.0006973985979319548,1.6210803045416764,2.6338530971319374,positive,0.009728062925234949,21,win,True,False
S_WD_075,Current DerivCount,descendant_quality,future_child_download_quality_mean_3m,lift,0.1,6,1.7656069605054017,0.7941350498008714,0.932213336353795,2.5990005846570083,0.0028351681577581177,1.2079837785550487,2.318458606462107,positive,0.02601200974768989,21,win,True,False
S_WD_075,Current DerivCount,descendant_quality,future_child_download_quality_median_3m,lift,0.1,6,1.7668482389819127,0.798697398467454,0.9286667235379621,2.605029754425863,0.0028982117745642738,1.2029932744401304,2.322157194148588,positive,0.02601200974768989,21,win,True,False
S_WD_075,Current DerivCount,descendant_quality,future_child_like_quality_mean_3m,lift,0.1,6,2.431202877965806,0.44587208988770494,1.9632888160027426,2.8991169399288697,4.2085714122140194e-05,2.10988925023222,2.7525165056993917,positive,0.0008417142824428039,21,win,True,False
S_WD_075,Current DerivCount,descendant_quality,future_child_like_quality_median_3m,lift,0.1,6,2.505652985437994,0.4287334889670093,2.0557247820990625,2.955581188776925,2.9978970262626767e-05,2.1968191552032543,2.814486815672733,positive,0.000629558375515162,21,win,True,False
S_WD_075,Current DerivCount,repropagation,future_child_becomes_parent_share_3m,lift,0.1,3,5.1126121083319385,1.1434733587323418,2.2720668155583157,7.953157401105561,0.016268423562635963,4.311562387593295,6.422131375069655,positive,0.09761054137581578,21,tie,False,False
S_WD_075,Current DerivCount,repropagation,future_child_future_child_count_mean_3m,lift,0.1,3,5.474303166254722,1.4730184758323661,1.8151224203798946,9.133483912129549,0.023294465948312987,4.321501860305982,7.133787514931168,positive,0.11647232974156493,21,tie,False,False
S_WD_075,Current DerivCount,repropagation,future_child_future_child_count_median_3m,lift,0.1,3,5.91506500846893,1.9791067594146188,0.9986912718880134,10.831438745049846,0.035349465302417914,4.632025310920147,8.194333438694724,positive,0.11647232974156493,21,tie,False,False
S_WD_075,Current DerivCount,repropagation,future_child_second_order_diffusion_share_3m,lift,0.1,3,5.609796066010502,1.615509421784826,1.5966481877165783,9.622943944304426,0.026548251962365044,4.509965003500528,7.464567687924217,positive,0.11647232974156493,21,tie,False,False
S_WD_075,Current DerivCount,adoption_breadth,future_child_owner_breadth_3m,lift,0.1,6,1.74039848089235,0.5323281327926261,1.1817543662204861,2.299042595564214,0.0004904916190988967,1.3460891950530798,2.0993474174082647,positive,0.008331126595745482,21,win,True,False
S_WD_075,Current DerivCount,adoption_breadth,future_high_download_child_owner_breadth_3m,lift,0.1,6,0.2811197656841731,0.24257588561117363,0.026551985944475998,0.5356875454238701,0.036301844278281856,0.1027525136510777,0.44885819307017893,positive,0.11647232974156493,21,tie,False,False
S_WD_075,Current DerivCount,adoption_breadth,future_high_like_child_owner_breadth_3m,lift,0.1,6,1.814052496570481,0.5581404856509431,1.228319978859528,2.399785014281434,0.0005042497091195204,1.4046302404220121,2.2053096486091737,positive,0.008331126595745482,21,win,True,False
S_WD_075,Current DerivCount,adoption_breadth,future_cross_owner_reuse_share_3m,lift,0.1,6,2.273926724885365,0.841095438132991,1.3912511955546762,3.156602254216054,0.0011819982842600578,1.669187535846073,2.8691420264642957,positive,0.013001981126860636,21,win,True,False
S_WD_075,Vanilla PageRank,quantity,future_direct_children_3m,lift,0.1,6,0.2210479479478018,0.22853026551510908,-0.018779857478645856,0.46087575337424946,0.06400893999593796,0.054500719658809794,0.3925381621913821,positive,1.0,21,tie,False,False
S_WD_075,Vanilla PageRank,quantity,future_active_parent_months_3m,lift,0.1,6,0.15741858343141724,0.1989376077855868,-0.05135363229442641,0.3661907991572609,0.1103147786041347,0.017610902749635244,0.30449761636104355,positive,1.0,21,tie,False,False
S_WD_075,Vanilla PageRank,quantity,future_active_parent_binary_3m,auc,0.01,6,0.023116753919464328,0.04081713020521217,-0.01971819723616021,0.06595170507508887,0.22401563985409437,-0.005621618867776419,0.053005271978056524,mixed,1.0,21,tie,False,False
S_WD_075,Vanilla PageRank,descendant_quality,future_child_download_quality_sum_3m,lift,0.1,6,0.1684118357134626,0.23059053235964228,-0.07357808716733424,0.4104017585942594,0.13363951414897246,-0.0015339981982163131,0.3317123937414666,mixed,1.0,21,tie,False,False
S_WD_075,Vanilla PageRank,descendant_quality,future_child_like_quality_sum_3m,lift,0.1,6,0.024964528046226286,0.05546177641499049,-0.033239036775607265,0.08316809286805985,0.3204347439829699,-0.014674113463688817,0.0638295289741883,mixed,1.0,21,tie,False,False
S_WD_075,Vanilla PageRank,descendant_quality,future_high_download_child_count_3m,lift,0.1,6,0.03351377768993191,0.3353648397438285,-0.31843003750524695,0.3854575928851108,0.8163528902304052,-0.2095076556239397,0.2765352110038035,mixed,1.0,21,tie,False,False
S_WD_075,Vanilla PageRank,descendant_quality,future_high_like_child_count_3m,lift,0.1,6,-0.03268944471407539,0.10441690872494898,-0.1422682701378028,0.07688938070965201,0.47779479400851627,-0.10761335528595624,0.04223446585780547,mixed,1.0,21,tie,False,False
S_WD_075,Vanilla PageRank,descendant_quality,future_nonzero_like_child_share_3m,lift,0.1,6,-0.0631753519891222,0.12489198538643818,-0.19424145259101888,0.06789074861277446,0.2703162781651557,-0.15562211026172626,0.026128895247016153,mixed,1.0,21,tie,False,False
S_WD_075,Vanilla PageRank,descendant_quality,future_nonzero_download_child_share_3m,lift,0.1,6,0.14292818560209555,0.22393403562404354,-0.09207617236751273,0.3779325435717038,0.17872052354214998,-0.021517917464069464,0.30776244102733147,mixed,1.0,21,tie,False,False
S_WD_075,Vanilla PageRank,descendant_quality,future_child_download_quality_mean_3m,lift,0.1,6,0.11446606834192978,0.290183215164181,-0.19006253975096654,0.41899467643482613,0.37830648281130436,-0.09774632744527308,0.3250802075438676,mixed,1.0,21,tie,False,False
S_WD_075,Vanilla PageRank,descendant_quality,future_child_download_quality_median_3m,lift,0.1,6,0.11622984350711252,0.2908266548515672,-0.1889740131258505,0.42143370014007553,0.37256500568857387,-0.0966022666466529,0.32823955122952037,mixed,1.0,21,tie,False,False
S_WD_075,Vanilla PageRank,descendant_quality,future_child_like_quality_mean_3m,lift,0.1,6,-0.009399110263200358,0.06357371063143787,-0.0761156279602655,0.057317407433864785,0.7320449573068624,-0.053954448085521044,0.036454646453892625,mixed,1.0,21,tie,False,False
S_WD_075,Vanilla PageRank,descendant_quality,future_child_like_quality_median_3m,lift,0.1,6,-0.01829611306788248,0.0688591388799538,-0.09055934754105326,0.053967121405288296,0.5438712481434651,-0.06617920740472716,0.033402012302800856,mixed,1.0,21,tie,False,False
S_WD_075,Vanilla PageRank,repropagation,future_child_becomes_parent_share_3m,lift,0.1,3,0.07324743036535519,0.21050902420230672,-0.44968597531287746,0.5961808360435878,0.6079597822505494,-0.10419229576906197,0.30584365341784636,mixed,1.0,21,tie,False,False
S_WD_075,Vanilla PageRank,repropagation,future_child_future_child_count_mean_3m,lift,0.1,3,0.07503027645453031,0.12433347244759267,-0.2338311912815777,0.3838917441906383,0.40563281194656,-0.019351865118494516,0.2159113727770805,mixed,1.0,21,tie,False,False
S_WD_075,Vanilla PageRank,repropagation,future_child_future_child_count_median_3m,lift,0.1,3,0.0781613528980607,0.17421944837299888,-0.3546237489202823,0.5109464547164038,0.5184403998784272,-0.04328995617682452,0.2777740148710066,mixed,1.0,21,tie,False,False
S_WD_075,Vanilla PageRank,repropagation,future_child_second_order_diffusion_share_3m,lift,0.1,3,0.1301175093115662,0.07708464298364635,-0.061371359318547175,0.32160637794167957,0.09978450384680683,0.04653216140517813,0.19840847368965875,positive,1.0,21,tie,False,False
S_WD_075,Vanilla PageRank,adoption_breadth,future_child_owner_breadth_3m,lift,0.1,6,0.14905910513504791,0.1733041984935695,-0.03281249730771188,0.33093070757780774,0.08898132554933631,0.02948330272847688,0.27214219427100933,positive,1.0,21,tie,False,False
S_WD_075,Vanilla PageRank,adoption_breadth,future_high_download_child_owner_breadth_3m,lift,0.1,6,0.015851367417484424,0.2828865465293569,-0.2810198565575164,0.31272259139248526,0.896184577337168,-0.18853782958376822,0.22679651129873876,mixed,1.0,21,tie,False,False
S_WD_075,Vanilla PageRank,adoption_breadth,future_high_like_child_owner_breadth_3m,lift,0.1,6,-0.03903222891025582,0.09461334726495496,-0.1383228475399548,0.06025838971944317,0.35861801227885726,-0.10465440131960631,0.03496557915186956,mixed,1.0,21,tie,False,False
S_WD_075,Vanilla PageRank,adoption_breadth,future_cross_owner_reuse_share_3m,lift,0.1,6,0.1882427711342074,0.2768737864905195,-0.10231844816189506,0.47880399043030986,0.1567185517303965,-0.010433510826332556,0.38088988539610696,mixed,1.0,21,tie,False,False
S_WD_100,AllTime DerivCount,quantity,future_direct_children_3m,lift,0.1,6,0.12403089833877907,0.17983722726485912,-0.06469669733303791,0.3127584940105961,0.1519439734202537,-0.007339764210538687,0.25223503165782496,mixed,1.0,21,tie,False,False
S_WD_100,AllTime DerivCount,quantity,future_active_parent_months_3m,lift,0.1,6,0.06646379149351866,0.19878727954797243,-0.1421506644220897,0.275078247409127,0.45005635794904686,-0.07335312885920486,0.20513306716033716,mixed,1.0,21,tie,False,False
S_WD_100,AllTime DerivCount,quantity,future_active_parent_binary_3m,auc,0.01,6,0.011409116418679291,0.041094861965057294,-0.031717296344057753,0.05453552918141633,0.5266786283563021,-0.01828188286981164,0.04241264890918892,mixed,1.0,21,tie,False,False
S_WD_100,AllTime DerivCount,descendant_quality,future_child_download_quality_sum_3m,lift,0.1,6,0.09404490473347422,0.216384626170586,-0.13303683389550802,0.32112664336245644,0.3357464533676446,-0.07813421372003782,0.24929202801375103,mixed,1.0,21,tie,False,False
S_WD_100,AllTime DerivCount,descendant_quality,future_child_like_quality_sum_3m,lift,0.1,6,-0.054242053316484094,0.10386967369527458,-0.16324659079667167,0.054762484163703475,0.2569884364726934,-0.1354039742435332,0.013801449924514264,mixed,1.0,21,tie,False,False
S_WD_100,AllTime DerivCount,descendant_quality,future_high_download_child_count_3m,lift,0.1,6,-0.003577629033992428,0.3334246736303687,-0.3534853647623881,0.34633010669440323,0.9800484310035679,-0.2482920553194821,0.22714963867858676,mixed,1.0,21,tie,False,False
S_WD_100,AllTime DerivCount,descendant_quality,future_high_like_child_count_3m,lift,0.1,6,-0.11335904675342016,0.15399933114222406,-0.27497143337421365,0.048253339867373304,0.13123760573252072,-0.22714703390681282,-0.004656777218405554,negative,1.0,21,tie,False,True
S_WD_100,AllTime DerivCount,descendant_quality,future_nonzero_like_child_share_3m,lift,0.1,6,-0.16743429565376675,0.13230010807502335,-0.30627474422978673,-0.02859384707774673,0.026853585630791516,-0.25774179165437844,-0.07359840824510666,negative,0.5639252982466219,21,tie,False,True
S_WD_100,AllTime DerivCount,descendant_quality,future_nonzero_download_child_share_3m,lift,0.1,6,0.05933759463696638,0.2223507132176932,-0.17400516836997199,0.29268035764390476,0.5421807245316808,-0.10352685890831197,0.2152100663963684,mixed,1.0,21,tie,False,False
S_WD_100,AllTime DerivCount,descendant_quality,future_child_download_quality_mean_3m,lift,0.1,6,0.043763869447269066,0.28966883070843136,-0.2602249252651551,0.34775266415969325,0.7264852100503694,-0.17370719501603707,0.25615628774481686,mixed,1.0,21,tie,False,False
S_WD_100,AllTime DerivCount,descendant_quality,future_child_download_quality_median_3m,lift,0.1,6,0.0455156210713629,0.29053255341230455,-0.25937959502949315,0.350410837172219,0.7169442460972056,-0.17167805472545541,0.25759019427426816,mixed,1.0,21,tie,False,False
S_WD_100,AllTime DerivCount,descendant_quality,future_child_like_quality_mean_3m,lift,0.1,6,-0.1084066988931262,0.10381606755282873,-0.21735498017691374,0.0005415823906613354,0.05078195621040275,-0.1853564975322223,-0.036540288548008025,negative,0.9648571679976522,21,tie,False,True
S_WD_100,AllTime DerivCount,descendant_quality,future_child_like_quality_median_3m,lift,0.1,6,-0.11980563270879567,0.11006629360874251,-0.23531312397306564,-0.0042981414445256855,0.0445492280381808,-0.2016112706382985,-0.041914148575886344,negative,0.890984560763616,21,tie,False,True
S_WD_100,AllTime DerivCount,repropagation,future_child_becomes_parent_share_3m,lift,0.1,3,-0.021880271472105584,0.25989493826746934,-0.6674950887073495,0.6237345457631384,0.8974338473586946,-0.18086209831610844,0.2780396849253153,mixed,1.0,21,tie,False,False
S_WD_100,AllTime DerivCount,repropagation,future_child_future_child_count_mean_3m,lift,0.1,3,0.013356467469590072,0.12879510336461647,-0.30658830588327063,0.3333012408224508,0.8740022114060132,-0.06657308397834605,0.16193352958281082,mixed,1.0,21,tie,False,False
S_WD_100,AllTime DerivCount,repropagation,future_child_future_child_count_median_3m,lift,0.1,3,0.027695936913904262,0.21684125543538502,-0.5109676031697467,0.5663594769975552,0.8454496160108131,-0.10810629177564657,0.2777740148710066,mixed,1.0,21,tie,False,False
S_WD_100,AllTime DerivCount,repropagation,future_child_second_order_diffusion_share_3m,lift,0.1,3,0.10807212334604917,0.05369857826800271,-0.02532253999522001,0.24146678668731836,0.07335534667998679,0.04653216140517813,0.14541189283986355,positive,1.0,21,tie,False,False
S_WD_100,AllTime DerivCount,adoption_breadth,future_child_owner_breadth_3m,lift,0.1,6,0.07251970913792416,0.16819393776314687,-0.10398900356516921,0.24902842184101753,0.3392397049311759,-0.043560170080165626,0.19586550009970383,mixed,1.0,21,tie,False,False
S_WD_100,AllTime DerivCount,adoption_breadth,future_high_download_child_owner_breadth_3m,lift,0.1,6,-0.01811407460223709,0.27507018708610287,-0.30678253240324954,0.2705543831987754,0.87816830303592,-0.22231412242688378,0.1860859732224096,mixed,1.0,21,tie,False,False
S_WD_100,AllTime DerivCount,adoption_breadth,future_high_like_child_owner_breadth_3m,lift,0.1,6,-0.11925509177545512,0.13709929079375024,-0.26313197373888003,0.024621790187969783,0.08633024228439125,-0.21896376120139202,-0.016840242566102125,negative,1.0,21,tie,False,True
S_WD_100,AllTime DerivCount,adoption_breadth,future_cross_owner_reuse_share_3m,lift,0.1,6,0.08530676955606216,0.27541919285654975,-0.20372794733898664,0.3743414864511109,0.4822489338591562,-0.10905280053751414,0.2813038177027461,mixed,1.0,21,tie,False,False
S_WD_100,Current DerivCount,quantity,future_direct_children_3m,lift,0.1,6,1.6573978399695675,0.5661834660784586,1.063224731946994,2.251570947992141,0.000820507607206082,1.2536240501239913,2.0579175626351685,positive,0.011487106500885148,21,win,True,False
S_WD_100,Current DerivCount,quantity,future_active_parent_months_3m,lift,0.1,6,2.0750969292786494,0.669361121695462,1.3726455122106784,2.77754834634662,0.0006288516114205501,1.5907007215286921,2.5534743548566765,positive,0.010061625782728801,21,win,True,False
S_WD_100,Current DerivCount,quantity,future_active_parent_binary_3m,auc,0.01,6,0.14843073995493325,0.039085200886092755,0.10741333715257341,0.1894481427572931,0.0002415703058022095,0.12023827543452366,0.17662320447534283,positive,0.004348265504439771,21,win,True,False
S_WD_100,Current DerivCount,descendant_quality,future_child_download_quality_sum_3m,lift,0.1,6,1.3112057751412876,0.4525826817087819,0.8362493789563914,1.7861621713261837,0.000860669757970904,0.9838302852470525,1.625055447092808,positive,0.011487106500885148,21,win,True,False
S_WD_100,Current DerivCount,descendant_quality,future_child_like_quality_sum_3m,lift,0.1,6,1.4512348793751315,0.7270292035509548,0.6882645219235675,2.214205236826696,0.0045156279509387465,0.8957583209665891,1.9498285931609065,positive,0.031609395656571226,21,win,True,False
S_WD_100,Current DerivCount,descendant_quality,future_high_download_child_count_3m,lift,0.1,6,0.24828828848611162,0.23756825879034066,-0.0010243091965043416,0.49760088616872755,0.05064533249560424,0.07329421652919843,0.41587376961337724,positive,0.11909808243090805,21,tie,False,False
S_WD_100,Current DerivCount,descendant_quality,future_high_like_child_count_3m,lift,0.1,6,1.5335743990740276,0.6975184953621791,0.801573630554335,2.2655751675937204,0.002977065623903623,0.9732561209253285,1.9416745744278348,positive,0.029770656239036228,21,win,True,False
S_WD_100,Current DerivCount,descendant_quality,future_nonzero_like_child_share_3m,lift,0.1,6,2.109475980505572,0.5023918866576662,1.5822480294524333,2.636703931558711,0.00014936691990375745,1.7684797139338864,2.457570175086428,positive,0.0028379714781713917,21,win,True,False
S_WD_100,Current DerivCount,descendant_quality,future_nonzero_download_child_share_3m,lift,0.1,6,2.0549220678516504,0.7188673656455492,1.3005170339850731,2.8093271017182277,0.0009155420429718551,1.525944686117007,2.567272812071557,positive,0.011487106500885148,21,win,True,False
S_WD_100,Current DerivCount,descendant_quality,future_child_download_quality_mean_3m,lift,0.1,6,1.6949047616107416,0.7997948871795905,0.8555715023978916,2.5342380208235915,0.0034934285796275107,1.129063850522769,2.25929463273704,positive,0.0314408572166476,21,win,True,False
S_WD_100,Current DerivCount,descendant_quality,future_child_download_quality_median_3m,lift,0.1,6,1.6961340165461625,0.8046102917156561,0.8517473001926484,2.5405207328996764,0.0035740403977020333,1.1300297856557957,2.2740870690517503,positive,0.0314408572166476,21,win,True,False
S_WD_100,Current DerivCount,descendant_quality,future_child_like_quality_mean_3m,lift,0.1,6,2.33219528933588,0.46052829674889934,1.8489004815469912,2.815490097124769,6.034047620445755e-05,1.9999331710570611,2.6644574076146994,positive,0.001206809524089151,21,win,True,False
S_WD_100,Current DerivCount,descendant_quality,future_child_like_quality_median_3m,lift,0.1,6,2.40414346579708,0.45451250476909644,1.9271618445139966,2.8811250870801635,4.881201074804397e-05,2.080683710251979,2.7276032213421804,positive,0.0010250522257089234,21,win,True,False
S_WD_100,Current DerivCount,repropagation,future_child_becomes_parent_share_3m,lift,0.1,3,5.017484406494479,1.1960938652929018,2.0462225289639826,7.988746284024975,0.018420716489887107,4.234892585046248,6.394327406577124,positive,0.11052429893932264,21,tie,False,False
S_WD_100,Current DerivCount,repropagation,future_child_future_child_count_mean_3m,lift,0.1,3,5.412629357269782,1.4733452131847398,1.752636950816096,9.072621763723468,0.02381961648618161,4.285562682228782,7.079809671736899,positive,0.11909808243090805,21,tie,False,False
S_WD_100,Current DerivCount,repropagation,future_child_future_child_count_median_3m,lift,0.1,3,5.864599592484773,2.0206596075263796,0.8450028588800773,10.88419632608947,0.03736801532585945,4.588735354743324,8.194333438694724,positive,0.11909808243090805,21,tie,False,False
S_WD_100,Current DerivCount,repropagation,future_child_second_order_diffusion_share_3m,lift,0.1,3,5.5877506800449845,1.577549118142987,1.6689014235760773,9.506599936513892,0.02555467272706065,4.50996500350053,7.398431530027664,positive,0.11909808243090805,21,tie,False,False
S_WD_100,Current DerivCount,adoption_breadth,future_child_owner_breadth_3m,lift,0.1,6,1.6638590848952266,0.5268190886705336,1.110996357466846,2.216721812323607,0.0005766135691708545,1.277075032527635,2.034182930443658,positive,0.009802430675904526,21,win,True,False
S_WD_100,Current DerivCount,adoption_breadth,future_high_download_child_owner_breadth_3m,lift,0.1,6,0.24715432366445156,0.25448956204870565,-0.01991609273098066,0.5142247400598838,0.06325208626177814,0.06410420343249397,0.42368177657144807,positive,0.11909808243090805,21,tie,False,False
S_WD_100,Current DerivCount,adoption_breadth,future_high_like_child_owner_breadth_3m,lift,0.1,6,1.7338296337052814,0.5636862068848492,1.1422772384825395,2.3253820289280234,0.0006522518626423076,1.3304671439925182,2.137192123418045,positive,0.010061625782728801,21,win,True,False
S_WD_100,Current DerivCount,adoption_breadth,future_cross_owner_reuse_share_3m,lift,0.1,6,2.1709907233072196,0.8383324258007042,1.291214797591505,3.0507666490229344,0.0014371825046761986,1.5577398314280952,2.761096049639517,positive,0.015809007551438183,21,win,True,False
S_WD_100,Vanilla PageRank,quantity,future_direct_children_3m,lift,0.1,6,0.12403089833877907,0.17983722726485912,-0.06469669733303791,0.3127584940105961,0.1519439734202537,-0.008552142246541994,0.2522102955667586,mixed,1.0,21,tie,False,False
S_WD_100,Vanilla PageRank,quantity,future_active_parent_months_3m,lift,0.1,6,0.06646379149351866,0.19878727954797243,-0.1421506644220897,0.275078247409127,0.45005635794904686,-0.07335312885920486,0.20640009989370403,mixed,1.0,21,tie,False,False
S_WD_100,Vanilla PageRank,quantity,future_active_parent_binary_3m,auc,0.01,6,0.012256542424687544,0.0411619021062924,-0.030940224651565283,0.05545330950094037,0.4984940493759785,-0.017459532603846972,0.0432903762866186,mixed,1.0,21,tie,False,False
S_WD_100,Vanilla PageRank,descendant_quality,future_child_download_quality_sum_3m,lift,0.1,6,0.094044904733474,0.21638462617058632,-0.13303683389550858,0.3211266433624566,0.3357464533676462,-0.061202218546803,0.24539719921903744,mixed,1.0,21,tie,False,False
S_WD_100,Vanilla PageRank,descendant_quality,future_child_like_quality_sum_3m,lift,0.1,6,-0.05424205331648424,0.10386967369527442,-0.16324659079667164,0.05476248416370315,0.2569884364726915,-0.13540397424353334,0.013801449924513967,mixed,1.0,21,tie,False,False
S_WD_100,Vanilla PageRank,descendant_quality,future_high_download_child_count_3m,lift,0.1,6,-0.003577629033992428,0.3334246736303687,-0.3534853647623881,0.34633010669440323,0.9800484310035679,-0.2460113204532927,0.23885606238530785,mixed,1.0,21,tie,False,False
S_WD_100,Vanilla PageRank,descendant_quality,future_high_like_child_count_3m,lift,0.1,6,-0.11335904675342016,0.15399933114222406,-0.27497143337421365,0.048253339867373304,0.13123760573252072,-0.22714703390681282,-0.004656777218405554,negative,1.0,21,tie,False,True
S_WD_100,Vanilla PageRank,descendant_quality,future_nonzero_like_child_share_3m,lift,0.1,6,-0.16743429565376675,0.13230010807502326,-0.3062747442297867,-0.028593847077746815,0.02685358563079148,-0.2583814447729205,-0.07107645988083029,negative,0.5639252982466211,21,tie,False,True
S_WD_100,Vanilla PageRank,descendant_quality,future_nonzero_download_child_share_3m,lift,0.1,6,0.05933759463696638,0.22235071321769334,-0.1740051683699721,0.2926803576439049,0.5421807245316809,-0.10707823766218587,0.21521006639636853,mixed,1.0,21,tie,False,False
S_WD_100,Vanilla PageRank,descendant_quality,future_child_download_quality_mean_3m,lift,0.1,6,0.043763869447269364,0.28966883070843175,-0.2602249252651553,0.34775266415969397,0.7264852100503679,-0.17370719501603707,0.2561562877448174,mixed,1.0,21,tie,False,False
S_WD_100,Vanilla PageRank,descendant_quality,future_child_download_quality_median_3m,lift,0.1,6,0.04551562107136239,0.29053255341230444,-0.25937959502949354,0.35041083717221827,0.7169442460972085,-0.17015259484197762,0.25965837710122425,mixed,1.0,21,tie,False,False
S_WD_100,Vanilla PageRank,descendant_quality,future_child_like_quality_mean_3m,lift,0.1,6,-0.1084066988931262,0.10381606755282832,-0.21735498017691332,0.0005415823906609329,0.050781956210402136,-0.18567010301706657,-0.035250070226910214,negative,0.9648571679976405,21,tie,False,True
S_WD_100,Vanilla PageRank,descendant_quality,future_child_like_quality_median_3m,lift,0.1,6,-0.11980563270879611,0.11006629360874243,-0.235313123973066,-0.004298141444526227,0.044549228038180205,-0.19754797916153924,-0.041914148575886635,negative,0.8909845607636041,21,tie,False,True
S_WD_100,Vanilla PageRank,repropagation,future_child_becomes_parent_share_3m,lift,0.1,3,-0.021880271472105584,0.25989493826746934,-0.6674950887073495,0.6237345457631384,0.8974338473586946,-0.18086209831610844,0.2780396849253153,mixed,1.0,21,tie,False,False
S_WD_100,Vanilla PageRank,repropagation,future_child_future_child_count_mean_3m,lift,0.1,3,0.013356467469590072,0.12879510336461647,-0.30658830588327063,0.3333012408224508,0.8740022114060132,-0.06657308397834605,0.16193352958281082,mixed,1.0,21,tie,False,False
S_WD_100,Vanilla PageRank,repropagation,future_child_future_child_count_median_3m,lift,0.1,3,0.027695936913904262,0.21684125543538502,-0.5109676031697467,0.5663594769975552,0.8454496160108131,-0.10810629177564657,0.2777740148710066,mixed,1.0,21,tie,False,False
S_WD_100,Vanilla PageRank,repropagation,future_child_second_order_diffusion_share_3m,lift,0.1,3,0.10807212334604917,0.05369857826800271,-0.02532253999522001,0.24146678668731836,0.07335534667998679,0.04653216140517813,0.14541189283986355,positive,1.0,21,tie,False,False
S_WD_100,Vanilla PageRank,adoption_breadth,future_child_owner_breadth_3m,lift,0.1,6,0.07251970913792416,0.16819393776314687,-0.10398900356516921,0.24902842184101753,0.3392397049311759,-0.043560170080165626,0.1937418059625379,mixed,1.0,21,tie,False,False
S_WD_100,Vanilla PageRank,adoption_breadth,future_high_download_child_owner_breadth_3m,lift,0.1,6,-0.01811407460223709,0.27507018708610287,-0.30678253240324954,0.2705543831987754,0.87816830303592,-0.22231412242688378,0.1860859732224096,mixed,1.0,21,tie,False,False
S_WD_100,Vanilla PageRank,adoption_breadth,future_high_like_child_owner_breadth_3m,lift,0.1,6,-0.11925509177545512,0.13709929079375024,-0.26313197373888003,0.024621790187969783,0.08633024228439125,-0.21661784606914525,-0.019546422349518238,negative,1.0,21,tie,False,True
S_WD_100,Vanilla PageRank,adoption_breadth,future_cross_owner_reuse_share_3m,lift,0.1,6,0.08530676955606209,0.2754191928565498,-0.20372794733898675,0.3743414864511109,0.4822489338591561,-0.11069027859062186,0.2960653526567291,mixed,1.0,21,tie,False,False
