scheme,month,metric,family,statistic,method,value,candidate_n,base_value
primary,2025-06,future_direct_children_3m,quantity,lift,S_C3_Q10,3.9944670999778307,496939,0.01092689444780949
primary,2025-06,future_direct_children_3m,quantity,lift,AllTime DerivCount,3.874762000162912,496939,0.01092689444780949
primary,2025-06,future_direct_children_3m,quantity,lift,Current DerivCount,2.6132544098056902,496939,0.01092689444780949
primary,2025-06,future_direct_children_3m,quantity,lift,Vanilla PageRank,3.874762000162912,496939,0.01092689444780949
primary,2025-06,future_direct_children_3m,quantity,lift,Downloads,2.018412144571555,496939,0.01092689444780949
primary,2025-06,future_direct_children_3m,quantity,lift,Likes,3.3001775210513014,496939,0.01092689444780949
primary,2025-06,future_direct_children_3m,quantity,lift,MTPR_time_safe_typed,3.4824975961540243,496939,0.01092689444780949
primary,2025-06,future_direct_children_3m,quantity,lift,Simplified_MTPR_time_safe_typed,3.3185936902535964,496939,0.01092689444780949
primary,2025-06,future_direct_children_3m,quantity,lift,No-Propagation ModelRank,3.379367048621171,496939,0.01092689444780949
primary,2025-06,future_direct_children_3m,quantity,lift,EventValue_time_safe_typed,2.6132544098056902,496939,0.01092689444780949
primary,2025-06,future_direct_children_3m,quantity,lift,No child quality,3.5469541883620574,496939,0.01092689444780949
primary,2025-06,future_direct_children_3m,quantity,lift,No type weight,3.53590448684068,496939,0.01092689444780949
primary,2025-06,future_direct_children_3m,quantity,lift,No parent size,3.4272490885471383,496939,0.01092689444780949
primary,2025-06,future_direct_children_3m,quantity,lift,No quality teleport,3.7587401341884523,496939,0.01092689444780949
primary,2025-06,future_direct_children_3m,quantity,lift,No PageRank propagation,3.3646341132593345,496939,0.01092689444780949
primary,2025-06,future_direct_children_3m,quantity,lift,No temporal inheritance,3.3535844117379576,496939,0.01092689444780949
primary,2025-06,future_direct_children_3m,quantity,lift,No event injection,3.41988262086622,496939,0.01092689444780949
primary,2025-06,future_direct_children_3m,quantity,lift,S_D_000,3.379367048621171,496939,0.01092689444780949
primary,2025-06,future_direct_children_3m,quantity,lift,S_D_025,3.9594763784934703,496939,0.01092689444780949
primary,2025-06,future_direct_children_3m,quantity,lift,S_D_050,3.977892547695765,496939,0.01092689444780949
primary,2025-06,future_direct_children_3m,quantity,lift,S_D_065,3.977892547695765,496939,0.01092689444780949
primary,2025-06,future_direct_children_3m,quantity,lift,S_D_075,3.9889422492171427,496939,0.01092689444780949
primary,2025-06,future_direct_children_3m,quantity,lift,S_D_090,4.020249736861045,496939,0.01092689444780949
primary,2025-06,future_direct_children_3m,quantity,lift,S_D_095,4.020249736861045,496939,0.01092689444780949
primary,2025-06,future_direct_children_3m,quantity,lift,S_D_099,3.99815033381829,496939,0.01092689444780949
primary,2025-06,future_direct_children_3m,quantity,lift,S_MEM_01,3.379367048621171,496939,0.01092689444780949
primary,2025-06,future_direct_children_3m,quantity,lift,S_MEM_03,3.7587401341884523,496939,0.01092689444780949
primary,2025-06,future_direct_children_3m,quantity,lift,S_MEM_06,4.128905135154586,496939,0.01092689444780949
primary,2025-06,future_direct_children_3m,quantity,lift,S_MEM_12,3.9944670999778307,496939,0.01092689444780949
primary,2025-06,future_direct_children_3m,quantity,lift,S_Q_000,2.8655559278771343,496939,0.01092689444780949
primary,2025-06,future_direct_children_3m,quantity,lift,S_Q_005,3.9944670999778307,496939,0.01092689444780949
primary,2025-06,future_direct_children_3m,quantity,lift,S_Q_015,3.9944670999778307,496939,0.01092689444780949
primary,2025-06,future_direct_children_3m,quantity,lift,S_Q_020,3.9944670999778307,496939,0.01092689444780949
primary,2025-06,future_direct_children_3m,quantity,lift,S_Q_030,3.9944670999778307,496939,0.01092689444780949
primary,2025-06,future_direct_children_3m,quantity,lift,S_Q_040,3.9944670999778307,496939,0.01092689444780949
primary,2025-06,future_direct_children_3m,quantity,lift,S_Q_050,3.9944670999778307,496939,0.01092689444780949
primary,2025-06,future_direct_children_3m,quantity,lift,S_Q_060,3.9944670999778307,496939,0.01092689444780949
primary,2025-06,future_direct_children_3m,quantity,lift,S_Q_070,3.9944670999778307,496939,0.01092689444780949
primary,2025-06,future_direct_children_3m,quantity,lift,S_Q_080,3.9926254830576013,496939,0.01092689444780949
primary,2025-06,future_direct_children_3m,quantity,lift,S_Q_090,3.990783866137372,496939,0.01092689444780949
primary,2025-06,future_direct_children_3m,quantity,lift,S_Q_100,3.939218592370945,496939,0.01092689444780949
primary,2025-06,future_direct_children_3m,quantity,lift,S_WD_000,3.567211974484582,496939,0.01092689444780949
primary,2025-06,future_direct_children_3m,quantity,lift,S_WD_025,4.108647349032061,496939,0.01092689444780949
primary,2025-06,future_direct_children_3m,quantity,lift,S_WD_075,3.852662597120158,496939,0.01092689444780949
primary,2025-06,future_direct_children_3m,quantity,lift,S_WD_100,3.8066221741144197,496939,0.01092689444780949
primary,2025-06,future_active_parent_months_3m,quantity,lift,S_C3_Q10,3.993811970899603,496939,0.005209894977049497
primary,2025-06,future_active_parent_months_3m,quantity,lift,AllTime DerivCount,3.8895248111178926,496939,0.005209894977049497
primary,2025-06,future_active_parent_months_3m,quantity,lift,Current DerivCount,2.3445298513888386,496939,0.005209894977049497
primary,2025-06,future_active_parent_months_3m,quantity,lift,Vanilla PageRank,3.8895248111178926,496939,0.005209894977049497
primary,2025-06,future_active_parent_months_3m,quantity,lift,Downloads,2.495166859962421,496939,0.005209894977049497
primary,2025-06,future_active_parent_months_3m,quantity,lift,Likes,3.6848129789537927,496939,0.005209894977049497
primary,2025-06,future_active_parent_months_3m,quantity,lift,MTPR_time_safe_typed,3.800687600933472,496939,0.005209894977049497
primary,2025-06,future_active_parent_months_3m,quantity,lift,Simplified_MTPR_time_safe_typed,3.615288205765985,496939,0.005209894977049497
primary,2025-06,future_active_parent_months_3m,quantity,lift,No-Propagation ModelRank,3.6925379537524377,496939,0.005209894977049497
primary,2025-06,future_active_parent_months_3m,quantity,lift,EventValue_time_safe_typed,2.3445298513888386,496939,0.005209894977049497
primary,2025-06,future_active_parent_months_3m,quantity,lift,No child quality,3.881799836319247,496939,0.005209894977049497
primary,2025-06,future_active_parent_months_3m,quantity,lift,No type weight,3.870212374121279,496939,0.005209894977049497
primary,2025-06,future_active_parent_months_3m,quantity,lift,No parent size,3.7157128781483735,496939,0.005209894977049497
primary,2025-06,future_active_parent_months_3m,quantity,lift,No quality teleport,3.7002629285510826,496939,0.005209894977049497
primary,2025-06,future_active_parent_months_3m,quantity,lift,No PageRank propagation,3.6268756679639527,496939,0.005209894977049497
primary,2025-06,future_active_parent_months_3m,quantity,lift,No temporal inheritance,3.661638054557857,496939,0.005209894977049497
primary,2025-06,future_active_parent_months_3m,quantity,lift,No event injection,3.704125415950406,496939,0.005209894977049497
primary,2025-06,future_active_parent_months_3m,quantity,lift,S_D_000,3.6925379537524377,496939,0.005209894977049497
primary,2025-06,future_active_parent_months_3m,quantity,lift,S_D_025,3.9474621221077317,496939,0.005209894977049497
primary,2025-06,future_active_parent_months_3m,quantity,lift,S_D_050,3.9590495843056996,496939,0.005209894977049497
primary,2025-06,future_active_parent_months_3m,quantity,lift,S_D_065,3.9706370465036676,496939,0.005209894977049497
primary,2025-06,future_active_parent_months_3m,quantity,lift,S_D_075,3.9822245087016355,496939,0.005209894977049497
primary,2025-06,future_active_parent_months_3m,quantity,lift,S_D_090,4.016986895295539,496939,0.005209894977049497
primary,2025-06,future_active_parent_months_3m,quantity,lift,S_D_095,4.016986895295539,496939,0.005209894977049497
primary,2025-06,future_active_parent_months_3m,quantity,lift,S_D_099,4.020849382694862,496939,0.005209894977049497
primary,2025-06,future_active_parent_months_3m,quantity,lift,S_MEM_01,3.6925379537524377,496939,0.005209894977049497
primary,2025-06,future_active_parent_months_3m,quantity,lift,S_MEM_03,4.105824105479959,496939,0.005209894977049497
primary,2025-06,future_active_parent_months_3m,quantity,lift,S_MEM_06,4.171486391268444,496939,0.005209894977049497
primary,2025-06,future_active_parent_months_3m,quantity,lift,S_MEM_12,3.993811970899603,496939,0.005209894977049497
primary,2025-06,future_active_parent_months_3m,quantity,lift,S_Q_000,2.5955915323448098,496939,0.005209894977049497
primary,2025-06,future_active_parent_months_3m,quantity,lift,S_Q_005,3.993811970899603,496939,0.005209894977049497
primary,2025-06,future_active_parent_months_3m,quantity,lift,S_Q_015,3.993811970899603,496939,0.005209894977049497
primary,2025-06,future_active_parent_months_3m,quantity,lift,S_Q_020,3.993811970899603,496939,0.005209894977049497
primary,2025-06,future_active_parent_months_3m,quantity,lift,S_Q_030,3.993811970899603,496939,0.005209894977049497
primary,2025-06,future_active_parent_months_3m,quantity,lift,S_Q_040,3.993811970899603,496939,0.005209894977049497
primary,2025-06,future_active_parent_months_3m,quantity,lift,S_Q_050,3.993811970899603,496939,0.005209894977049497
primary,2025-06,future_active_parent_months_3m,quantity,lift,S_Q_060,3.993811970899603,496939,0.005209894977049497
primary,2025-06,future_active_parent_months_3m,quantity,lift,S_Q_070,3.993811970899603,496939,0.005209894977049497
primary,2025-06,future_active_parent_months_3m,quantity,lift,S_Q_080,3.989949483500281,496939,0.005209894977049497
primary,2025-06,future_active_parent_months_3m,quantity,lift,S_Q_090,3.9860869961009575,496939,0.005209894977049497
primary,2025-06,future_active_parent_months_3m,quantity,lift,S_Q_100,3.920424710312473,496939,0.005209894977049497
primary,2025-06,future_active_parent_months_3m,quantity,lift,S_WD_000,4.055611769288765,496939,0.005209894977049497
primary,2025-06,future_active_parent_months_3m,quantity,lift,S_WD_025,4.202386290463026,496939,0.005209894977049497
primary,2025-06,future_active_parent_months_3m,quantity,lift,S_WD_075,3.800687600933472,496939,0.005209894977049497
primary,2025-06,future_active_parent_months_3m,quantity,lift,S_WD_100,3.723437852947019,496939,0.005209894977049497
primary,2025-06,future_active_parent_binary_3m,quantity,auc,S_C3_Q10,0.6626566890693276,496939,0.004425090403449921
primary,2025-06,future_active_parent_binary_3m,quantity,auc,AllTime DerivCount,0.6573846515180536,496939,0.004425090403449921
primary,2025-06,future_active_parent_binary_3m,quantity,auc,Current DerivCount,0.5424262633536914,496939,0.004425090403449921
primary,2025-06,future_active_parent_binary_3m,quantity,auc,Vanilla PageRank,0.6565931199676716,496939,0.004425090403449921
primary,2025-06,future_active_parent_binary_3m,quantity,auc,Downloads,0.5717849719016771,496939,0.004425090403449921
primary,2025-06,future_active_parent_binary_3m,quantity,auc,Likes,0.6497090634953103,496939,0.004425090403449921
primary,2025-06,future_active_parent_binary_3m,quantity,auc,MTPR_time_safe_typed,0.648492876759738,496939,0.004425090403449921
primary,2025-06,future_active_parent_binary_3m,quantity,auc,Simplified_MTPR_time_safe_typed,0.6309178432507891,496939,0.004425090403449921
primary,2025-06,future_active_parent_binary_3m,quantity,auc,No-Propagation ModelRank,0.6334580261844371,496939,0.004425090403449921
primary,2025-06,future_active_parent_binary_3m,quantity,auc,EventValue_time_safe_typed,0.5423861841488328,496939,0.004425090403449921
primary,2025-06,future_active_parent_binary_3m,quantity,auc,No child quality,0.6526843213709635,496939,0.004425090403449921
primary,2025-06,future_active_parent_binary_3m,quantity,auc,No type weight,0.6517831438483643,496939,0.004425090403449921
primary,2025-06,future_active_parent_binary_3m,quantity,auc,No parent size,0.6449904734965084,496939,0.004425090403449921
primary,2025-06,future_active_parent_binary_3m,quantity,auc,No quality teleport,0.6472037406963732,496939,0.004425090403449921
primary,2025-06,future_active_parent_binary_3m,quantity,auc,No PageRank propagation,0.6386840066825423,496939,0.004425090403449921
primary,2025-06,future_active_parent_binary_3m,quantity,auc,No temporal inheritance,0.6326781166705023,496939,0.004425090403449921
primary,2025-06,future_active_parent_binary_3m,quantity,auc,No event injection,0.6438715817916992,496939,0.004425090403449921
primary,2025-06,future_active_parent_binary_3m,quantity,auc,S_D_000,0.6334444049444724,496939,0.004425090403449921
primary,2025-06,future_active_parent_binary_3m,quantity,auc,S_D_025,0.6555557148790543,496939,0.004425090403449921
primary,2025-06,future_active_parent_binary_3m,quantity,auc,S_D_050,0.6601434411518956,496939,0.004425090403449921
primary,2025-06,future_active_parent_binary_3m,quantity,auc,S_D_065,0.6614539797229841,496939,0.004425090403449921
primary,2025-06,future_active_parent_binary_3m,quantity,auc,S_D_075,0.662130515708289,496939,0.004425090403449921
primary,2025-06,future_active_parent_binary_3m,quantity,auc,S_D_090,0.6627766844815463,496939,0.004425090403449921
primary,2025-06,future_active_parent_binary_3m,quantity,auc,S_D_095,0.6628815824603065,496939,0.004425090403449921
primary,2025-06,future_active_parent_binary_3m,quantity,auc,S_D_099,0.6628845619629278,496939,0.004425090403449921
primary,2025-06,future_active_parent_binary_3m,quantity,auc,S_MEM_01,0.633435304661979,496939,0.004425090403449921
primary,2025-06,future_active_parent_binary_3m,quantity,auc,S_MEM_03,0.6603166558213323,496939,0.004425090403449921
primary,2025-06,future_active_parent_binary_3m,quantity,auc,S_MEM_06,0.6656082708602915,496939,0.004425090403449921
primary,2025-06,future_active_parent_binary_3m,quantity,auc,S_MEM_12,0.6626442733261045,496939,0.004425090403449921
primary,2025-06,future_active_parent_binary_3m,quantity,auc,S_Q_000,0.559791624534027,496939,0.004425090403449921
primary,2025-06,future_active_parent_binary_3m,quantity,auc,S_Q_005,0.6626403884370627,496939,0.004425090403449921
primary,2025-06,future_active_parent_binary_3m,quantity,auc,S_Q_015,0.6626391631780795,496939,0.004425090403449921
primary,2025-06,future_active_parent_binary_3m,quantity,auc,S_Q_020,0.6626579993519087,496939,0.004425090403449921
primary,2025-06,future_active_parent_binary_3m,quantity,auc,S_Q_030,0.6626513601578832,496939,0.004425090403449921
primary,2025-06,future_active_parent_binary_3m,quantity,auc,S_Q_040,0.6626490158045173,496939,0.004425090403449921
primary,2025-06,future_active_parent_binary_3m,quantity,auc,S_Q_050,0.6626712487859779,496939,0.004425090403449921
primary,2025-06,future_active_parent_binary_3m,quantity,auc,S_Q_060,0.6627002763018753,496939,0.004425090403449921
primary,2025-06,future_active_parent_binary_3m,quantity,auc,S_Q_070,0.6627029892440277,496939,0.004425090403449921
primary,2025-06,future_active_parent_binary_3m,quantity,auc,S_Q_080,0.6626442402358395,496939,0.004425090403449921
primary,2025-06,future_active_parent_binary_3m,quantity,auc,S_Q_090,0.6623959152604637,496939,0.004425090403449921
primary,2025-06,future_active_parent_binary_3m,quantity,auc,S_Q_100,0.6598372256768765,496939,0.004425090403449921
primary,2025-06,future_active_parent_binary_3m,quantity,auc,S_WD_000,0.6720726958931286,496939,0.004425090403449921
primary,2025-06,future_active_parent_binary_3m,quantity,auc,S_WD_025,0.6686703116329029,496939,0.004425090403449921
primary,2025-06,future_active_parent_binary_3m,quantity,auc,S_WD_075,0.6519949698017321,496939,0.004425090403449921
primary,2025-06,future_active_parent_binary_3m,quantity,auc,S_WD_100,0.6440606641624321,496939,0.004425090403449921
primary,2025-06,future_child_download_quality_sum_3m,descendant_quality,lift,S_C3_Q10,3.6166454387378457,496939,0.03832134225298356
primary,2025-06,future_child_download_quality_sum_3m,descendant_quality,lift,AllTime DerivCount,3.6185428741713626,496939,0.03832134225298356
primary,2025-06,future_child_download_quality_sum_3m,descendant_quality,lift,Current DerivCount,2.598017562215518,496939,0.03832134225298356
primary,2025-06,future_child_download_quality_sum_3m,descendant_quality,lift,Vanilla PageRank,3.618542874171364,496939,0.03832134225298356
primary,2025-06,future_child_download_quality_sum_3m,descendant_quality,lift,Downloads,1.9841019318328834,496939,0.03832134225298356
primary,2025-06,future_child_download_quality_sum_3m,descendant_quality,lift,Likes,3.16863801780598,496939,0.03832134225298356
primary,2025-06,future_child_download_quality_sum_3m,descendant_quality,lift,MTPR_time_safe_typed,3.3760694457652387,496939,0.03832134225298356
primary,2025-06,future_child_download_quality_sum_3m,descendant_quality,lift,Simplified_MTPR_time_safe_typed,3.2603108788387116,496939,0.03832134225298356
primary,2025-06,future_child_download_quality_sum_3m,descendant_quality,lift,No-Propagation ModelRank,3.325475070962332,496939,0.03832134225298356
primary,2025-06,future_child_download_quality_sum_3m,descendant_quality,lift,EventValue_time_safe_typed,2.5980175622155177,496939,0.03832134225298356
primary,2025-06,future_child_download_quality_sum_3m,descendant_quality,lift,No child quality,3.4246214813434825,496939,0.03832134225298356
primary,2025-06,future_child_download_quality_sum_3m,descendant_quality,lift,No type weight,3.4142021085702905,496939,0.03832134225298356
primary,2025-06,future_child_download_quality_sum_3m,descendant_quality,lift,No parent size,3.310352493686312,496939,0.03832134225298356
primary,2025-06,future_child_download_quality_sum_3m,descendant_quality,lift,No quality teleport,3.4659301010552923,496939,0.03832134225298356
primary,2025-06,future_child_download_quality_sum_3m,descendant_quality,lift,No PageRank propagation,3.222141628400023,496939,0.03832134225298356
primary,2025-06,future_child_download_quality_sum_3m,descendant_quality,lift,No temporal inheritance,3.3187548091091963,496939,0.03832134225298356
primary,2025-06,future_child_download_quality_sum_3m,descendant_quality,lift,No event injection,3.2951668557231795,496939,0.03832134225298356
primary,2025-06,future_child_download_quality_sum_3m,descendant_quality,lift,S_D_000,3.325475070962332,496939,0.03832134225298356
primary,2025-06,future_child_download_quality_sum_3m,descendant_quality,lift,S_D_025,3.609123984607822,496939,0.03832134225298356
primary,2025-06,future_child_download_quality_sum_3m,descendant_quality,lift,S_D_050,3.5742942536277464,496939,0.03832134225298356
primary,2025-06,future_child_download_quality_sum_3m,descendant_quality,lift,S_D_065,3.576781872142935,496939,0.03832134225298356
primary,2025-06,future_child_download_quality_sum_3m,descendant_quality,lift,S_D_075,3.602421729777756,496939,0.03832134225298356
primary,2025-06,future_child_download_quality_sum_3m,descendant_quality,lift,S_D_090,3.6404507158240764,496939,0.03832134225298356
primary,2025-06,future_child_download_quality_sum_3m,descendant_quality,lift,S_D_095,3.643942668158536,496939,0.03832134225298356
primary,2025-06,future_child_download_quality_sum_3m,descendant_quality,lift,S_D_099,3.635405273458032,496939,0.03832134225298356
primary,2025-06,future_child_download_quality_sum_3m,descendant_quality,lift,S_MEM_01,3.325475070962332,496939,0.03832134225298356
primary,2025-06,future_child_download_quality_sum_3m,descendant_quality,lift,S_MEM_03,3.689847522680327,496939,0.03832134225298356
primary,2025-06,future_child_download_quality_sum_3m,descendant_quality,lift,S_MEM_06,3.826520015790808,496939,0.03832134225298356
primary,2025-06,future_child_download_quality_sum_3m,descendant_quality,lift,S_MEM_12,3.6166454387378457,496939,0.03832134225298356
primary,2025-06,future_child_download_quality_sum_3m,descendant_quality,lift,S_Q_000,2.806200149131718,496939,0.03832134225298356
primary,2025-06,future_child_download_quality_sum_3m,descendant_quality,lift,S_Q_005,3.6166454387378457,496939,0.03832134225298356
primary,2025-06,future_child_download_quality_sum_3m,descendant_quality,lift,S_Q_015,3.6166454387378457,496939,0.03832134225298356
primary,2025-06,future_child_download_quality_sum_3m,descendant_quality,lift,S_Q_020,3.6166454387378457,496939,0.03832134225298356
primary,2025-06,future_child_download_quality_sum_3m,descendant_quality,lift,S_Q_030,3.6166454387378457,496939,0.03832134225298356
primary,2025-06,future_child_download_quality_sum_3m,descendant_quality,lift,S_Q_040,3.6166454387378457,496939,0.03832134225298356
primary,2025-06,future_child_download_quality_sum_3m,descendant_quality,lift,S_Q_050,3.6166454387378457,496939,0.03832134225298356
primary,2025-06,future_child_download_quality_sum_3m,descendant_quality,lift,S_Q_060,3.6166454387378457,496939,0.03832134225298356
primary,2025-06,future_child_download_quality_sum_3m,descendant_quality,lift,S_Q_070,3.6166454387378457,496939,0.03832134225298356
primary,2025-06,future_child_download_quality_sum_3m,descendant_quality,lift,S_Q_080,3.6166454387378457,496939,0.03832134225298356
primary,2025-06,future_child_download_quality_sum_3m,descendant_quality,lift,S_Q_090,3.6141630112943997,496939,0.03832134225298356
primary,2025-06,future_child_download_quality_sum_3m,descendant_quality,lift,S_Q_100,3.575028545289336,496939,0.03832134225298356
primary,2025-06,future_child_download_quality_sum_3m,descendant_quality,lift,S_WD_000,3.471091281296926,496939,0.03832134225298356
primary,2025-06,future_child_download_quality_sum_3m,descendant_quality,lift,S_WD_025,3.7942582093885813,496939,0.03832134225298356
primary,2025-06,future_child_download_quality_sum_3m,descendant_quality,lift,S_WD_075,3.490160281278226,496939,0.03832134225298356
primary,2025-06,future_child_download_quality_sum_3m,descendant_quality,lift,S_WD_100,3.463762094074891,496939,0.03832134225298356
primary,2025-06,future_child_like_quality_sum_3m,descendant_quality,lift,S_C3_Q10,2.703714613573745,496939,0.0030899828878572675
primary,2025-06,future_child_like_quality_sum_3m,descendant_quality,lift,AllTime DerivCount,2.5671925140459764,496939,0.0030899828878572675
primary,2025-06,future_child_like_quality_sum_3m,descendant_quality,lift,Current DerivCount,1.5087460304655016,496939,0.0030899828878572675
primary,2025-06,future_child_like_quality_sum_3m,descendant_quality,lift,Vanilla PageRank,2.5671925140459764,496939,0.0030899828878572675
primary,2025-06,future_child_like_quality_sum_3m,descendant_quality,lift,Downloads,1.6776238447990184,496939,0.0030899828878572675
primary,2025-06,future_child_like_quality_sum_3m,descendant_quality,lift,Likes,2.562763405079834,496939,0.0030899828878572675
primary,2025-06,future_child_like_quality_sum_3m,descendant_quality,lift,MTPR_time_safe_typed,2.560792071583465,496939,0.0030899828878572675
primary,2025-06,future_child_like_quality_sum_3m,descendant_quality,lift,Simplified_MTPR_time_safe_typed,2.441206779346612,496939,0.0030899828878572675
primary,2025-06,future_child_like_quality_sum_3m,descendant_quality,lift,No-Propagation ModelRank,2.4799596459640627,496939,0.0030899828878572675
primary,2025-06,future_child_like_quality_sum_3m,descendant_quality,lift,EventValue_time_safe_typed,1.5087460304655014,496939,0.0030899828878572675
primary,2025-06,future_child_like_quality_sum_3m,descendant_quality,lift,No child quality,2.5814887770404242,496939,0.0030899828878572675
primary,2025-06,future_child_like_quality_sum_3m,descendant_quality,lift,No type weight,2.586002817330548,496939,0.0030899828878572675
primary,2025-06,future_child_like_quality_sum_3m,descendant_quality,lift,No parent size,2.5291937895526035,496939,0.0030899828878572675
primary,2025-06,future_child_like_quality_sum_3m,descendant_quality,lift,No quality teleport,2.446219477060072,496939,0.0030899828878572675
primary,2025-06,future_child_like_quality_sum_3m,descendant_quality,lift,No PageRank propagation,2.465230177188071,496939,0.0030899828878572675
primary,2025-06,future_child_like_quality_sum_3m,descendant_quality,lift,No temporal inheritance,2.4799596459640627,496939,0.0030899828878572675
primary,2025-06,future_child_like_quality_sum_3m,descendant_quality,lift,No event injection,2.517525164675891,496939,0.0030899828878572675
primary,2025-06,future_child_like_quality_sum_3m,descendant_quality,lift,S_D_000,2.4799596459640627,496939,0.0030899828878572675
primary,2025-06,future_child_like_quality_sum_3m,descendant_quality,lift,S_D_025,2.588223062024201,496939,0.0030899828878572675
primary,2025-06,future_child_like_quality_sum_3m,descendant_quality,lift,S_D_050,2.631489968931776,496939,0.0030899828878572675
primary,2025-06,future_child_like_quality_sum_3m,descendant_quality,lift,S_D_065,2.6630882509626375,496939,0.0030899828878572675
primary,2025-06,future_child_like_quality_sum_3m,descendant_quality,lift,S_D_075,2.6928130369998415,496939,0.0030899828878572675
primary,2025-06,future_child_like_quality_sum_3m,descendant_quality,lift,S_D_090,2.708228653863867,496939,0.0030899828878572675
primary,2025-06,future_child_like_quality_sum_3m,descendant_quality,lift,S_D_095,2.7172567344441134,496939,0.0030899828878572675
primary,2025-06,future_child_like_quality_sum_3m,descendant_quality,lift,S_D_099,2.7172567344441134,496939,0.0030899828878572675
primary,2025-06,future_child_like_quality_sum_3m,descendant_quality,lift,S_MEM_01,2.4799596459640627,496939,0.0030899828878572675
primary,2025-06,future_child_like_quality_sum_3m,descendant_quality,lift,S_MEM_03,2.714350341662426,496939,0.0030899828878572675
primary,2025-06,future_child_like_quality_sum_3m,descendant_quality,lift,S_MEM_06,2.730533006829262,496939,0.0030899828878572675
primary,2025-06,future_child_like_quality_sum_3m,descendant_quality,lift,S_MEM_12,2.703714613573745,496939,0.0030899828878572675
primary,2025-06,future_child_like_quality_sum_3m,descendant_quality,lift,S_Q_000,1.779357840377934,496939,0.0030899828878572675
primary,2025-06,future_child_like_quality_sum_3m,descendant_quality,lift,S_Q_005,2.703714613573745,496939,0.0030899828878572675
primary,2025-06,future_child_like_quality_sum_3m,descendant_quality,lift,S_Q_015,2.703714613573745,496939,0.0030899828878572675
primary,2025-06,future_child_like_quality_sum_3m,descendant_quality,lift,S_Q_020,2.703714613573745,496939,0.0030899828878572675
primary,2025-06,future_child_like_quality_sum_3m,descendant_quality,lift,S_Q_030,2.703714613573745,496939,0.0030899828878572675
primary,2025-06,future_child_like_quality_sum_3m,descendant_quality,lift,S_Q_040,2.703714613573745,496939,0.0030899828878572675
primary,2025-06,future_child_like_quality_sum_3m,descendant_quality,lift,S_Q_050,2.703714613573745,496939,0.0030899828878572675
primary,2025-06,future_child_like_quality_sum_3m,descendant_quality,lift,S_Q_060,2.703714613573745,496939,0.0030899828878572675
primary,2025-06,future_child_like_quality_sum_3m,descendant_quality,lift,S_Q_070,2.703714613573745,496939,0.0030899828878572675
primary,2025-06,future_child_like_quality_sum_3m,descendant_quality,lift,S_Q_080,2.703714613573745,496939,0.0030899828878572675
primary,2025-06,future_child_like_quality_sum_3m,descendant_quality,lift,S_Q_090,2.703714613573745,496939,0.0030899828878572675
primary,2025-06,future_child_like_quality_sum_3m,descendant_quality,lift,S_Q_100,2.685658452413252,496939,0.0030899828878572675
primary,2025-06,future_child_like_quality_sum_3m,descendant_quality,lift,S_WD_000,2.8031213374591655,496939,0.0030899828878572675
primary,2025-06,future_child_like_quality_sum_3m,descendant_quality,lift,S_WD_025,2.828332083206247,496939,0.0030899828878572675
primary,2025-06,future_child_like_quality_sum_3m,descendant_quality,lift,S_WD_075,2.5278358882702214,496939,0.0030899828878572675
primary,2025-06,future_child_like_quality_sum_3m,descendant_quality,lift,S_WD_100,2.5011719461322954,496939,0.0030899828878572675
primary,2025-06,future_high_download_child_count_3m,descendant_quality,lift,S_C3_Q10,3.009112485737944,496939,0.0019861592670327747
primary,2025-06,future_high_download_child_count_3m,descendant_quality,lift,AllTime DerivCount,3.3029315500019183,496939,0.0019861592670327747
primary,2025-06,future_high_download_child_count_3m,descendant_quality,lift,Current DerivCount,2.58358142714874,496939,0.0019861592670327747
primary,2025-06,future_high_download_child_count_3m,descendant_quality,lift,Vanilla PageRank,3.3029315500019183,496939,0.0019861592670327747
primary,2025-06,future_high_download_child_count_3m,descendant_quality,lift,Downloads,1.783177769326189,496939,0.0019861592670327747
primary,2025-06,future_high_download_child_count_3m,descendant_quality,lift,Likes,2.816610340185685,496939,0.0019861592670327747
primary,2025-06,future_high_download_child_count_3m,descendant_quality,lift,MTPR_time_safe_typed,3.009112485737944,496939,0.0019861592670327747
primary,2025-06,future_high_download_child_count_3m,descendant_quality,lift,Simplified_MTPR_time_safe_typed,2.836873723928028,496939,0.0019861592670327747
primary,2025-06,future_high_download_child_count_3m,descendant_quality,lift,No-Propagation ModelRank,2.948322334510915,496939,0.0019861592670327747
primary,2025-06,future_high_download_child_count_3m,descendant_quality,lift,EventValue_time_safe_typed,2.58358142714874,496939,0.0019861592670327747
primary,2025-06,future_high_download_child_count_3m,descendant_quality,lift,No child quality,3.0496392532226304,496939,0.0019861592670327747
primary,2025-06,future_high_download_child_count_3m,descendant_quality,lift,No type weight,3.0395075613514586,496939,0.0019861592670327747
primary,2025-06,future_high_download_child_count_3m,descendant_quality,lift,No parent size,2.9381906426397433,496939,0.0019861592670327747
primary,2025-06,future_high_download_child_count_3m,descendant_quality,lift,No quality teleport,3.1306927881920026,496939,0.0019861592670327747
primary,2025-06,future_high_download_child_count_3m,descendant_quality,lift,No PageRank propagation,2.7659518808298276,496939,0.0019861592670327747
primary,2025-06,future_high_download_child_count_3m,descendant_quality,lift,No temporal inheritance,2.948322334510915,496939,0.0019861592670327747
primary,2025-06,future_high_download_child_count_3m,descendant_quality,lift,No event injection,2.9077955670262288,496939,0.0019861592670327747
primary,2025-06,future_high_download_child_count_3m,descendant_quality,lift,S_D_000,2.948322334510915,496939,0.0019861592670327747
primary,2025-06,future_high_download_child_count_3m,descendant_quality,lift,S_D_025,2.9685857182532582,496939,0.0019861592670327747
primary,2025-06,future_high_download_child_count_3m,descendant_quality,lift,S_D_050,2.857137107670371,496939,0.0019861592670327747
primary,2025-06,future_high_download_child_count_3m,descendant_quality,lift,S_D_065,2.9077955670262288,496939,0.0019861592670327747
primary,2025-06,future_high_download_child_count_3m,descendant_quality,lift,S_D_075,2.9584540263820864,496939,0.0019861592670327747
primary,2025-06,future_high_download_child_count_3m,descendant_quality,lift,S_D_090,3.0496392532226304,496939,0.0019861592670327747
primary,2025-06,future_high_download_child_count_3m,descendant_quality,lift,S_D_095,3.0699026369649736,496939,0.0019861592670327747
primary,2025-06,future_high_download_child_count_3m,descendant_quality,lift,S_D_099,3.080034328836145,496939,0.0019861592670327747
primary,2025-06,future_high_download_child_count_3m,descendant_quality,lift,S_MEM_01,2.948322334510915,496939,0.0019861592670327747
primary,2025-06,future_high_download_child_count_3m,descendant_quality,lift,S_MEM_03,3.4751703118118344,496939,0.0019861592670327747
primary,2025-06,future_high_download_child_count_3m,descendant_quality,lift,S_MEM_06,3.3434583174866046,496939,0.0019861592670327747
primary,2025-06,future_high_download_child_count_3m,descendant_quality,lift,S_MEM_12,3.009112485737944,496939,0.0019861592670327747
primary,2025-06,future_high_download_child_count_3m,descendant_quality,lift,S_Q_000,2.7862152645721707,496939,0.0019861592670327747
primary,2025-06,future_high_download_child_count_3m,descendant_quality,lift,S_Q_005,3.009112485737944,496939,0.0019861592670327747
primary,2025-06,future_high_download_child_count_3m,descendant_quality,lift,S_Q_015,3.009112485737944,496939,0.0019861592670327747
primary,2025-06,future_high_download_child_count_3m,descendant_quality,lift,S_Q_020,3.009112485737944,496939,0.0019861592670327747
primary,2025-06,future_high_download_child_count_3m,descendant_quality,lift,S_Q_030,3.009112485737944,496939,0.0019861592670327747
primary,2025-06,future_high_download_child_count_3m,descendant_quality,lift,S_Q_040,3.009112485737944,496939,0.0019861592670327747
primary,2025-06,future_high_download_child_count_3m,descendant_quality,lift,S_Q_050,3.009112485737944,496939,0.0019861592670327747
primary,2025-06,future_high_download_child_count_3m,descendant_quality,lift,S_Q_060,3.009112485737944,496939,0.0019861592670327747
primary,2025-06,future_high_download_child_count_3m,descendant_quality,lift,S_Q_070,3.009112485737944,496939,0.0019861592670327747
primary,2025-06,future_high_download_child_count_3m,descendant_quality,lift,S_Q_080,3.009112485737944,496939,0.0019861592670327747
primary,2025-06,future_high_download_child_count_3m,descendant_quality,lift,S_Q_090,3.009112485737944,496939,0.0019861592670327747
primary,2025-06,future_high_download_child_count_3m,descendant_quality,lift,S_Q_100,2.9584540263820864,496939,0.0019861592670327747
primary,2025-06,future_high_download_child_count_3m,descendant_quality,lift,S_WD_000,3.232009706903718,496939,0.0019861592670327747
primary,2025-06,future_high_download_child_count_3m,descendant_quality,lift,S_WD_025,3.3029315500019183,496939,0.0019861592670327747
primary,2025-06,future_high_download_child_count_3m,descendant_quality,lift,S_WD_075,2.9077955670262288,496939,0.0019861592670327747
primary,2025-06,future_high_download_child_count_3m,descendant_quality,lift,S_WD_100,2.928058950768572,496939,0.0019861592670327747
primary,2025-06,future_high_like_child_count_3m,descendant_quality,lift,S_C3_Q10,3.451950348946944,496939,0.0022618470275023693
primary,2025-06,future_high_like_child_count_3m,descendant_quality,lift,AllTime DerivCount,3.362982556448311,496939,0.0022618470275023693
primary,2025-06,future_high_like_child_count_3m,descendant_quality,lift,Current DerivCount,1.8505300839715575,496939,0.0022618470275023693
primary,2025-06,future_high_like_child_count_3m,descendant_quality,lift,Vanilla PageRank,3.362982556448311,496939,0.0022618470275023693
primary,2025-06,future_high_like_child_count_3m,descendant_quality,lift,Downloads,2.010672110469096,496939,0.0022618470275023693
primary,2025-06,future_high_like_child_count_3m,descendant_quality,lift,Likes,3.131666295951866,496939,0.0022618470275023693
primary,2025-06,future_high_like_child_count_3m,descendant_quality,lift,MTPR_time_safe_typed,3.2028405299507723,496939,0.0022618470275023693
primary,2025-06,future_high_like_child_count_3m,descendant_quality,lift,Simplified_MTPR_time_safe_typed,3.016008165703644,496939,0.0022618470275023693
primary,2025-06,future_high_like_child_count_3m,descendant_quality,lift,No-Propagation ModelRank,3.0782856204526867,496939,0.0022618470275023693
primary,2025-06,future_high_like_child_count_3m,descendant_quality,lift,EventValue_time_safe_typed,1.8505300839715575,496939,0.0022618470275023693
primary,2025-06,future_high_like_child_count_3m,descendant_quality,lift,No child quality,3.238427646950225,496939,0.0022618470275023693
primary,2025-06,future_high_like_child_count_3m,descendant_quality,lift,No type weight,3.238427646950225,496939,0.0022618470275023693
primary,2025-06,future_high_like_child_count_3m,descendant_quality,lift,No parent size,3.158356633701456,496939,0.0022618470275023693
primary,2025-06,future_high_like_child_count_3m,descendant_quality,lift,No quality teleport,3.220634088450499,496939,0.0022618470275023693
primary,2025-06,future_high_like_child_count_3m,descendant_quality,lift,No PageRank propagation,3.0515952827030968,496939,0.0022618470275023693
primary,2025-06,future_high_like_child_count_3m,descendant_quality,lift,No temporal inheritance,3.0782856204526867,496939,0.0022618470275023693
primary,2025-06,future_high_like_child_count_3m,descendant_quality,lift,No event injection,3.1405630752017295,496939,0.0022618470275023693
primary,2025-06,future_high_like_child_count_3m,descendant_quality,lift,S_D_000,3.0782856204526867,496939,0.0022618470275023693
primary,2025-06,future_high_like_child_count_3m,descendant_quality,lift,S_D_025,3.238427646950225,496939,0.0022618470275023693
primary,2025-06,future_high_like_child_count_3m,descendant_quality,lift,S_D_050,3.309601880949131,496939,0.0022618470275023693
primary,2025-06,future_high_like_child_count_3m,descendant_quality,lift,S_D_065,3.3718793356981744,496939,0.0022618470275023693
primary,2025-06,future_high_like_child_count_3m,descendant_quality,lift,S_D_075,3.425260011197354,496939,0.0022618470275023693
primary,2025-06,future_high_like_child_count_3m,descendant_quality,lift,S_D_090,3.4608471281968067,496939,0.0022618470275023693
primary,2025-06,future_high_like_child_count_3m,descendant_quality,lift,S_D_095,3.4786406866965334,496939,0.0022618470275023693
primary,2025-06,future_high_like_child_count_3m,descendant_quality,lift,S_D_099,3.4786406866965334,496939,0.0022618470275023693
primary,2025-06,future_high_like_child_count_3m,descendant_quality,lift,S_MEM_01,3.0782856204526867,496939,0.0022618470275023693
primary,2025-06,future_high_like_child_count_3m,descendant_quality,lift,S_MEM_03,3.46974390744667,496939,0.0022618470275023693
primary,2025-06,future_high_like_child_count_3m,descendant_quality,lift,S_MEM_06,3.4786406866965334,496939,0.0022618470275023693
primary,2025-06,future_high_like_child_count_3m,descendant_quality,lift,S_MEM_12,3.451950348946944,496939,0.0022618470275023693
primary,2025-06,future_high_like_child_count_3m,descendant_quality,lift,S_Q_000,2.224194812465814,496939,0.0022618470275023693
primary,2025-06,future_high_like_child_count_3m,descendant_quality,lift,S_Q_005,3.451950348946944,496939,0.0022618470275023693
primary,2025-06,future_high_like_child_count_3m,descendant_quality,lift,S_Q_015,3.451950348946944,496939,0.0022618470275023693
primary,2025-06,future_high_like_child_count_3m,descendant_quality,lift,S_Q_020,3.451950348946944,496939,0.0022618470275023693
primary,2025-06,future_high_like_child_count_3m,descendant_quality,lift,S_Q_030,3.451950348946944,496939,0.0022618470275023693
primary,2025-06,future_high_like_child_count_3m,descendant_quality,lift,S_Q_040,3.451950348946944,496939,0.0022618470275023693
primary,2025-06,future_high_like_child_count_3m,descendant_quality,lift,S_Q_050,3.451950348946944,496939,0.0022618470275023693
primary,2025-06,future_high_like_child_count_3m,descendant_quality,lift,S_Q_060,3.451950348946944,496939,0.0022618470275023693
primary,2025-06,future_high_like_child_count_3m,descendant_quality,lift,S_Q_070,3.451950348946944,496939,0.0022618470275023693
primary,2025-06,future_high_like_child_count_3m,descendant_quality,lift,S_Q_080,3.451950348946944,496939,0.0022618470275023693
primary,2025-06,future_high_like_child_count_3m,descendant_quality,lift,S_Q_090,3.451950348946944,496939,0.0022618470275023693
primary,2025-06,future_high_like_child_count_3m,descendant_quality,lift,S_Q_100,3.425260011197354,496939,0.0022618470275023693
primary,2025-06,future_high_like_child_count_3m,descendant_quality,lift,S_WD_000,3.4786406866965334,496939,0.0022618470275023693
primary,2025-06,future_high_like_child_count_3m,descendant_quality,lift,S_WD_025,3.567608479195166,496939,0.0022618470275023693
primary,2025-06,future_high_like_child_count_3m,descendant_quality,lift,S_WD_075,3.2562212054499517,496939,0.0022618470275023693
primary,2025-06,future_high_like_child_count_3m,descendant_quality,lift,S_WD_100,3.2117373092006356,496939,0.0022618470275023693
primary,2025-06,future_nonzero_like_child_share_3m,descendant_quality,lift,S_C3_Q10,4.4197407868337235,496939,0.0009910311158478503
primary,2025-06,future_nonzero_like_child_share_3m,descendant_quality,lift,AllTime DerivCount,4.335109465650689,496939,0.0009910311158478503
primary,2025-06,future_nonzero_like_child_share_3m,descendant_quality,lift,Current DerivCount,2.3000905376907594,496939,0.0009910311158478503
primary,2025-06,future_nonzero_like_child_share_3m,descendant_quality,lift,Vanilla PageRank,4.335109465650689,496939,0.0009910311158478503
primary,2025-06,future_nonzero_like_child_share_3m,descendant_quality,lift,Downloads,2.5636457884961614,496939,0.0009910311158478503
primary,2025-06,future_nonzero_like_child_share_3m,descendant_quality,lift,Likes,4.124468328968891,496939,0.0009910311158478503
primary,2025-06,future_nonzero_like_child_share_3m,descendant_quality,lift,MTPR_time_safe_typed,4.039016987294541,496939,0.0009910311158478503
primary,2025-06,future_nonzero_like_child_share_3m,descendant_quality,lift,Simplified_MTPR_time_safe_typed,3.7217471543452216,496939,0.0009910311158478503
primary,2025-06,future_nonzero_like_child_share_3m,descendant_quality,lift,No-Propagation ModelRank,3.8029682315802473,496939,0.0009910311158478503
primary,2025-06,future_nonzero_like_child_share_3m,descendant_quality,lift,EventValue_time_safe_typed,2.30009053769076,496939,0.0009910311158478503
primary,2025-06,future_nonzero_like_child_share_3m,descendant_quality,lift,No child quality,4.09316437211789,496939,0.0009910311158478503
primary,2025-06,future_nonzero_like_child_share_3m,descendant_quality,lift,No type weight,4.1033170067722695,496939,0.0009910311158478503
primary,2025-06,future_nonzero_like_child_share_3m,descendant_quality,lift,No parent size,3.9577959100595144,496939,0.0009910311158478503
primary,2025-06,future_nonzero_like_child_share_3m,descendant_quality,lift,No quality teleport,4.066064647309665,496939,0.0009910311158478503
primary,2025-06,future_nonzero_like_child_share_3m,descendant_quality,lift,No PageRank propagation,3.7852011209350844,496939,0.0009910311158478503
primary,2025-06,future_nonzero_like_child_share_3m,descendant_quality,lift,No temporal inheritance,3.8029682315802473,496939,0.0009910311158478503
primary,2025-06,future_nonzero_like_child_share_3m,descendant_quality,lift,No event injection,3.937490640750758,496939,0.0009910311158478503
primary,2025-06,future_nonzero_like_child_share_3m,descendant_quality,lift,S_D_000,3.8029682315802473,496939,0.0009910311158478503
primary,2025-06,future_nonzero_like_child_share_3m,descendant_quality,lift,S_D_025,4.1100854298751885,496939,0.0009910311158478503
primary,2025-06,future_nonzero_like_child_share_3m,descendant_quality,lift,S_D_050,4.257298632363672,496939,0.0009910311158478503
primary,2025-06,future_nonzero_like_child_share_3m,descendant_quality,lift,S_D_065,4.324982863392859,496939,0.0009910311158478503
primary,2025-06,future_nonzero_like_child_share_3m,descendant_quality,lift,S_D_075,4.385898671319128,496939,0.0009910311158478503
primary,2025-06,future_nonzero_like_child_share_3m,descendant_quality,lift,S_D_090,4.440046056142479,496939,0.0009910311158478503
primary,2025-06,future_nonzero_like_child_share_3m,descendant_quality,lift,S_D_095,4.460351325451235,496939,0.0009910311158478503
primary,2025-06,future_nonzero_like_child_share_3m,descendant_quality,lift,S_D_099,4.460351325451235,496939,0.0009910311158478503
primary,2025-06,future_nonzero_like_child_share_3m,descendant_quality,lift,S_MEM_01,3.8029682315802473,496939,0.0009910311158478503
primary,2025-06,future_nonzero_like_child_share_3m,descendant_quality,lift,S_MEM_03,4.395205253085643,496939,0.0009910311158478503
primary,2025-06,future_nonzero_like_child_share_3m,descendant_quality,lift,S_MEM_06,4.5212671333775045,496939,0.0009910311158478503
primary,2025-06,future_nonzero_like_child_share_3m,descendant_quality,lift,S_MEM_12,4.4197407868337235,496939,0.0009910311158478503
primary,2025-06,future_nonzero_like_child_share_3m,descendant_quality,lift,S_Q_000,2.5466017811949873,496939,0.0009910311158478503
primary,2025-06,future_nonzero_like_child_share_3m,descendant_quality,lift,S_Q_005,4.4197407868337235,496939,0.0009910311158478503
primary,2025-06,future_nonzero_like_child_share_3m,descendant_quality,lift,S_Q_015,4.4197407868337235,496939,0.0009910311158478503
primary,2025-06,future_nonzero_like_child_share_3m,descendant_quality,lift,S_Q_020,4.419740786833723,496939,0.0009910311158478503
primary,2025-06,future_nonzero_like_child_share_3m,descendant_quality,lift,S_Q_030,4.419740786833723,496939,0.0009910311158478503
primary,2025-06,future_nonzero_like_child_share_3m,descendant_quality,lift,S_Q_040,4.419740786833723,496939,0.0009910311158478503
primary,2025-06,future_nonzero_like_child_share_3m,descendant_quality,lift,S_Q_050,4.4197407868337235,496939,0.0009910311158478503
primary,2025-06,future_nonzero_like_child_share_3m,descendant_quality,lift,S_Q_060,4.419740786833723,496939,0.0009910311158478503
primary,2025-06,future_nonzero_like_child_share_3m,descendant_quality,lift,S_Q_070,4.419740786833723,496939,0.0009910311158478503
primary,2025-06,future_nonzero_like_child_share_3m,descendant_quality,lift,S_Q_080,4.4197407868337235,496939,0.0009910311158478503
primary,2025-06,future_nonzero_like_child_share_3m,descendant_quality,lift,S_Q_090,4.419740786833723,496939,0.0009910311158478503
primary,2025-06,future_nonzero_like_child_share_3m,descendant_quality,lift,S_Q_100,4.37913024821621,496939,0.0009910311158478503
primary,2025-06,future_nonzero_like_child_share_3m,descendant_quality,lift,S_WD_000,4.699784292716989,496939,0.0009910311158478503
primary,2025-06,future_nonzero_like_child_share_3m,descendant_quality,lift,S_WD_025,4.716705350474286,496939,0.0009910311158478503
primary,2025-06,future_nonzero_like_child_share_3m,descendant_quality,lift,S_WD_075,4.111100693340625,496939,0.0009910311158478503
primary,2025-06,future_nonzero_like_child_share_3m,descendant_quality,lift,S_WD_100,4.034955933432789,496939,0.0009910311158478503
primary,2025-06,future_nonzero_download_child_share_3m,descendant_quality,lift,S_C3_Q10,4.013223498937045,496939,0.004042928578773076
primary,2025-06,future_nonzero_download_child_share_3m,descendant_quality,lift,AllTime DerivCount,4.001316097049139,496939,0.004042928578773076
primary,2025-06,future_nonzero_download_child_share_3m,descendant_quality,lift,Current DerivCount,2.40475930876904,496939,0.004042928578773076
primary,2025-06,future_nonzero_download_child_share_3m,descendant_quality,lift,Vanilla PageRank,4.00131609704914,496939,0.004042928578773076
primary,2025-06,future_nonzero_download_child_share_3m,descendant_quality,lift,Downloads,2.577781430610227,496939,0.004042928578773076
primary,2025-06,future_nonzero_download_child_share_3m,descendant_quality,lift,Likes,3.7359780330768473,496939,0.004042928578773076
primary,2025-06,future_nonzero_download_child_share_3m,descendant_quality,lift,MTPR_time_safe_typed,3.8457705321027635,496939,0.004042928578773076
primary,2025-06,future_nonzero_download_child_share_3m,descendant_quality,lift,Simplified_MTPR_time_safe_typed,3.6564230602276946,496939,0.004042928578773076
primary,2025-06,future_nonzero_download_child_share_3m,descendant_quality,lift,No-Propagation ModelRank,3.7111741364325335,496939,0.004042928578773076
primary,2025-06,future_nonzero_download_child_share_3m,descendant_quality,lift,EventValue_time_safe_typed,2.40475930876904,496939,0.004042928578773076
primary,2025-06,future_nonzero_download_child_share_3m,descendant_quality,lift,No child quality,3.9104763494357555,496939,0.004042928578773076
primary,2025-06,future_nonzero_download_child_share_3m,descendant_quality,lift,No type weight,3.9005216083076037,496939,0.004042928578773076
primary,2025-06,future_nonzero_download_child_share_3m,descendant_quality,lift,No parent size,3.7661326030775433,496939,0.004042928578773076
primary,2025-06,future_nonzero_download_child_share_3m,descendant_quality,lift,No quality teleport,3.7848004775118205,496939,0.004042928578773076
primary,2025-06,future_nonzero_download_child_share_3m,descendant_quality,lift,No PageRank propagation,3.677535407036985,496939,0.004042928578773076
primary,2025-06,future_nonzero_download_child_share_3m,descendant_quality,lift,No temporal inheritance,3.696242024740305,496939,0.004042928578773076
primary,2025-06,future_nonzero_download_child_share_3m,descendant_quality,lift,No event injection,3.7512004913853136,496939,0.004042928578773076
primary,2025-06,future_nonzero_download_child_share_3m,descendant_quality,lift,S_D_000,3.7111741364325335,496939,0.004042928578773076
primary,2025-06,future_nonzero_download_child_share_3m,descendant_quality,lift,S_D_025,3.9975803343070906,496939,0.004042928578773076
primary,2025-06,future_nonzero_download_child_share_3m,descendant_quality,lift,S_D_050,3.972693481486709,496939,0.004042928578773076
primary,2025-06,future_nonzero_download_child_share_3m,descendant_quality,lift,S_D_065,3.978381904988512,496939,0.004042928578773076
primary,2025-06,future_nonzero_download_child_share_3m,descendant_quality,lift,S_D_075,3.99331401668074,496939,0.004042928578773076
primary,2025-06,future_nonzero_download_child_share_3m,descendant_quality,lift,S_D_090,4.043087722321503,496939,0.004042928578773076
primary,2025-06,future_nonzero_download_child_share_3m,descendant_quality,lift,S_D_095,4.043087722321503,496939,0.004042928578773076
primary,2025-06,future_nonzero_download_child_share_3m,descendant_quality,lift,S_D_099,4.048396917589851,496939,0.004042928578773076
primary,2025-06,future_nonzero_download_child_share_3m,descendant_quality,lift,S_MEM_01,3.711174136432534,496939,0.004042928578773076
primary,2025-06,future_nonzero_download_child_share_3m,descendant_quality,lift,S_MEM_03,4.113926371242375,496939,0.004042928578773076
primary,2025-06,future_nonzero_download_child_share_3m,descendant_quality,lift,S_MEM_06,4.206629897998297,496939,0.004042928578773076
primary,2025-06,future_nonzero_download_child_share_3m,descendant_quality,lift,S_MEM_12,4.013223498937045,496939,0.004042928578773076
primary,2025-06,future_nonzero_download_child_share_3m,descendant_quality,lift,S_Q_000,2.6640566133928245,496939,0.004042928578773076
primary,2025-06,future_nonzero_download_child_share_3m,descendant_quality,lift,S_Q_005,4.013223498937045,496939,0.004042928578773076
primary,2025-06,future_nonzero_download_child_share_3m,descendant_quality,lift,S_Q_015,4.013223498937045,496939,0.004042928578773076
primary,2025-06,future_nonzero_download_child_share_3m,descendant_quality,lift,S_Q_020,4.013223498937045,496939,0.004042928578773076
primary,2025-06,future_nonzero_download_child_share_3m,descendant_quality,lift,S_Q_030,4.013223498937045,496939,0.004042928578773076
primary,2025-06,future_nonzero_download_child_share_3m,descendant_quality,lift,S_Q_040,4.013223498937045,496939,0.004042928578773076
primary,2025-06,future_nonzero_download_child_share_3m,descendant_quality,lift,S_Q_050,4.013223498937045,496939,0.004042928578773076
primary,2025-06,future_nonzero_download_child_share_3m,descendant_quality,lift,S_Q_060,4.013223498937045,496939,0.004042928578773076
primary,2025-06,future_nonzero_download_child_share_3m,descendant_quality,lift,S_Q_070,4.013223498937045,496939,0.004042928578773076
primary,2025-06,future_nonzero_download_child_share_3m,descendant_quality,lift,S_Q_080,4.013223498937045,496939,0.004042928578773076
primary,2025-06,future_nonzero_download_child_share_3m,descendant_quality,lift,S_Q_090,4.008246128372968,496939,0.004042928578773076
primary,2025-06,future_nonzero_download_child_share_3m,descendant_quality,lift,S_Q_100,3.9684271638603583,496939,0.004042928578773076
primary,2025-06,future_nonzero_download_child_share_3m,descendant_quality,lift,S_WD_000,4.094348713690342,496939,0.004042928578773076
primary,2025-06,future_nonzero_download_child_share_3m,descendant_quality,lift,S_WD_025,4.25860194230486,496939,0.004042928578773076
primary,2025-06,future_nonzero_download_child_share_3m,descendant_quality,lift,S_WD_075,3.841006477420006,496939,0.004042928578773076
primary,2025-06,future_nonzero_download_child_share_3m,descendant_quality,lift,S_WD_100,3.7713232895229374,496939,0.004042928578773076
primary,2025-06,future_child_download_quality_mean_3m,descendant_quality,lift,S_C3_Q10,3.4526557592222042,496939,0.017663742913055076
primary,2025-06,future_child_download_quality_mean_3m,descendant_quality,lift,AllTime DerivCount,3.56572210831132,496939,0.017663742913055076
primary,2025-06,future_child_download_quality_mean_3m,descendant_quality,lift,Current DerivCount,2.4022144343709537,496939,0.017663742913055076
primary,2025-06,future_child_download_quality_mean_3m,descendant_quality,lift,Vanilla PageRank,3.56572210831132,496939,0.017663742913055076
primary,2025-06,future_child_download_quality_mean_3m,descendant_quality,lift,Downloads,2.3342755240450828,496939,0.017663742913055076
primary,2025-06,future_child_download_quality_mean_3m,descendant_quality,lift,Likes,3.2633927743132705,496939,0.017663742913055076
primary,2025-06,future_child_download_quality_mean_3m,descendant_quality,lift,MTPR_time_safe_typed,3.428343633173158,496939,0.017663742913055076
primary,2025-06,future_child_download_quality_mean_3m,descendant_quality,lift,Simplified_MTPR_time_safe_typed,3.29977752116577,496939,0.017663742913055076
primary,2025-06,future_child_download_quality_mean_3m,descendant_quality,lift,No-Propagation ModelRank,3.380112520073305,496939,0.017663742913055076
primary,2025-06,future_child_download_quality_mean_3m,descendant_quality,lift,EventValue_time_safe_typed,2.4022144343709537,496939,0.017663742913055076
primary,2025-06,future_child_download_quality_mean_3m,descendant_quality,lift,No child quality,3.488385576886786,496939,0.017663742913055076
primary,2025-06,future_child_download_quality_mean_3m,descendant_quality,lift,No type weight,3.4812148054825065,496939,0.017663742913055076
primary,2025-06,future_child_download_quality_mean_3m,descendant_quality,lift,No parent size,3.3396702923266854,496939,0.017663742913055076
primary,2025-06,future_child_download_quality_mean_3m,descendant_quality,lift,No quality teleport,3.3405163496012618,496939,0.017663742913055076
primary,2025-06,future_child_download_quality_mean_3m,descendant_quality,lift,No PageRank propagation,3.2256020361014923,496939,0.017663742913055076
primary,2025-06,future_child_download_quality_mean_3m,descendant_quality,lift,No temporal inheritance,3.3655329682891053,496939,0.017663742913055076
primary,2025-06,future_child_download_quality_mean_3m,descendant_quality,lift,No event injection,3.31706598045433,496939,0.017663742913055076
primary,2025-06,future_child_download_quality_mean_3m,descendant_quality,lift,S_D_000,3.380112520073305,496939,0.017663742913055076
primary,2025-06,future_child_download_quality_mean_3m,descendant_quality,lift,S_D_025,3.4809617992750694,496939,0.017663742913055076
primary,2025-06,future_child_download_quality_mean_3m,descendant_quality,lift,S_D_050,3.393606933871064,496939,0.017663742913055076
primary,2025-06,future_child_download_quality_mean_3m,descendant_quality,lift,S_D_065,3.4037106285671164,496939,0.017663742913055076
primary,2025-06,future_child_download_quality_mean_3m,descendant_quality,lift,S_D_075,3.430801776353428,496939,0.017663742913055076
primary,2025-06,future_child_download_quality_mean_3m,descendant_quality,lift,S_D_090,3.477070740293597,496939,0.017663742913055076
primary,2025-06,future_child_download_quality_mean_3m,descendant_quality,lift,S_D_095,3.4808586209596206,496939,0.017663742913055076
primary,2025-06,future_child_download_quality_mean_3m,descendant_quality,lift,S_D_099,3.4922532951244802,496939,0.017663742913055076
primary,2025-06,future_child_download_quality_mean_3m,descendant_quality,lift,S_MEM_01,3.380112520073305,496939,0.017663742913055076
primary,2025-06,future_child_download_quality_mean_3m,descendant_quality,lift,S_MEM_03,3.7987226469014503,496939,0.017663742913055076
primary,2025-06,future_child_download_quality_mean_3m,descendant_quality,lift,S_MEM_06,3.75899322067294,496939,0.017663742913055076
primary,2025-06,future_child_download_quality_mean_3m,descendant_quality,lift,S_MEM_12,3.4526557592222042,496939,0.017663742913055076
primary,2025-06,future_child_download_quality_mean_3m,descendant_quality,lift,S_Q_000,2.584927294816969,496939,0.017663742913055076
primary,2025-06,future_child_download_quality_mean_3m,descendant_quality,lift,S_Q_005,3.4526557592222042,496939,0.017663742913055076
primary,2025-06,future_child_download_quality_mean_3m,descendant_quality,lift,S_Q_015,3.4526557592222042,496939,0.017663742913055076
primary,2025-06,future_child_download_quality_mean_3m,descendant_quality,lift,S_Q_020,3.4526557592222042,496939,0.017663742913055076
primary,2025-06,future_child_download_quality_mean_3m,descendant_quality,lift,S_Q_030,3.4526557592222042,496939,0.017663742913055076
primary,2025-06,future_child_download_quality_mean_3m,descendant_quality,lift,S_Q_040,3.4526557592222042,496939,0.017663742913055076
primary,2025-06,future_child_download_quality_mean_3m,descendant_quality,lift,S_Q_050,3.4526557592222042,496939,0.017663742913055076
primary,2025-06,future_child_download_quality_mean_3m,descendant_quality,lift,S_Q_060,3.4526557592222042,496939,0.017663742913055076
primary,2025-06,future_child_download_quality_mean_3m,descendant_quality,lift,S_Q_070,3.4526557592222042,496939,0.017663742913055076
primary,2025-06,future_child_download_quality_mean_3m,descendant_quality,lift,S_Q_080,3.452655759222204,496939,0.017663742913055076
primary,2025-06,future_child_download_quality_mean_3m,descendant_quality,lift,S_Q_090,3.4472701536828367,496939,0.017663742913055076
primary,2025-06,future_child_download_quality_mean_3m,descendant_quality,lift,S_Q_100,3.401511025737575,496939,0.017663742913055076
primary,2025-06,future_child_download_quality_mean_3m,descendant_quality,lift,S_WD_000,3.6264350953150086,496939,0.017663742913055076
primary,2025-06,future_child_download_quality_mean_3m,descendant_quality,lift,S_WD_025,3.7375004087331645,496939,0.017663742913055076
primary,2025-06,future_child_download_quality_mean_3m,descendant_quality,lift,S_WD_075,3.3048043672228604,496939,0.017663742913055076
primary,2025-06,future_child_download_quality_mean_3m,descendant_quality,lift,S_WD_100,3.262095895825718,496939,0.017663742913055076
primary,2025-06,future_child_download_quality_median_3m,descendant_quality,lift,S_C3_Q10,3.454320943875445,496939,0.017617474033511583
primary,2025-06,future_child_download_quality_median_3m,descendant_quality,lift,AllTime DerivCount,3.5661675667806176,496939,0.017617474033511583
primary,2025-06,future_child_download_quality_median_3m,descendant_quality,lift,Current DerivCount,2.4111071659641006,496939,0.017617474033511583
primary,2025-06,future_child_download_quality_median_3m,descendant_quality,lift,Vanilla PageRank,3.5661675667806185,496939,0.017617474033511583
primary,2025-06,future_child_download_quality_median_3m,descendant_quality,lift,Downloads,2.3317468948944,496939,0.017617474033511583
primary,2025-06,future_child_download_quality_median_3m,descendant_quality,lift,Likes,3.2648085904075086,496939,0.017617474033511583
primary,2025-06,future_child_download_quality_median_3m,descendant_quality,lift,MTPR_time_safe_typed,3.4276619154815062,496939,0.017617474033511583
primary,2025-06,future_child_download_quality_median_3m,descendant_quality,lift,Simplified_MTPR_time_safe_typed,3.2991284521163116,496939,0.017617474033511583
primary,2025-06,future_child_download_quality_median_3m,descendant_quality,lift,No-Propagation ModelRank,3.3817355286602337,496939,0.017617474033511583
primary,2025-06,future_child_download_quality_median_3m,descendant_quality,lift,EventValue_time_safe_typed,2.4111071659641006,496939,0.017617474033511583
primary,2025-06,future_child_download_quality_median_3m,descendant_quality,lift,No child quality,3.4889702625188916,496939,0.017617474033511583
primary,2025-06,future_child_download_quality_median_3m,descendant_quality,lift,No type weight,3.482137745125075,496939,0.017617474033511583
primary,2025-06,future_child_download_quality_median_3m,descendant_quality,lift,No parent size,3.336650579194974,496939,0.017617474033511583
primary,2025-06,future_child_download_quality_median_3m,descendant_quality,lift,No quality teleport,3.344279274272014,496939,0.017617474033511583
primary,2025-06,future_child_download_quality_median_3m,descendant_quality,lift,No PageRank propagation,3.2219942360268132,496939,0.017617474033511583
primary,2025-06,future_child_download_quality_median_3m,descendant_quality,lift,No temporal inheritance,3.367117686510228,496939,0.017617474033511583
primary,2025-06,future_child_download_quality_median_3m,descendant_quality,lift,No event injection,3.313986901480432,496939,0.017617474033511583
primary,2025-06,future_child_download_quality_median_3m,descendant_quality,lift,S_D_000,3.3817355286602333,496939,0.017617474033511583
primary,2025-06,future_child_download_quality_median_3m,descendant_quality,lift,S_D_025,3.480806861730163,496939,0.017617474033511583
primary,2025-06,future_child_download_quality_median_3m,descendant_quality,lift,S_D_050,3.3934773584768925,496939,0.017617474033511583
primary,2025-06,future_child_download_quality_median_3m,descendant_quality,lift,S_D_065,3.4059433509873425,496939,0.017617474033511583
primary,2025-06,future_child_download_quality_median_3m,descendant_quality,lift,S_D_075,3.4331056484203746,496939,0.017617474033511583
primary,2025-06,future_child_download_quality_median_3m,descendant_quality,lift,S_D_090,3.4789565721474904,496939,0.017617474033511583
primary,2025-06,future_child_download_quality_median_3m,descendant_quality,lift,S_D_095,3.4827544009476177,496939,0.017617474033511583
primary,2025-06,future_child_download_quality_median_3m,descendant_quality,lift,S_D_099,3.494044590297203,496939,0.017617474033511583
primary,2025-06,future_child_download_quality_median_3m,descendant_quality,lift,S_MEM_01,3.3817355286602337,496939,0.017617474033511583
primary,2025-06,future_child_download_quality_median_3m,descendant_quality,lift,S_MEM_03,3.8014516436621473,496939,0.017617474033511583
primary,2025-06,future_child_download_quality_median_3m,descendant_quality,lift,S_MEM_06,3.7633606687644323,496939,0.017617474033511583
primary,2025-06,future_child_download_quality_median_3m,descendant_quality,lift,S_MEM_12,3.454320943875445,496939,0.017617474033511583
primary,2025-06,future_child_download_quality_median_3m,descendant_quality,lift,S_Q_000,2.5912018873494027,496939,0.017617474033511583
primary,2025-06,future_child_download_quality_median_3m,descendant_quality,lift,S_Q_005,3.4543209438754454,496939,0.017617474033511583
primary,2025-06,future_child_download_quality_median_3m,descendant_quality,lift,S_Q_015,3.4543209438754454,496939,0.017617474033511583
primary,2025-06,future_child_download_quality_median_3m,descendant_quality,lift,S_Q_020,3.4543209438754454,496939,0.017617474033511583
primary,2025-06,future_child_download_quality_median_3m,descendant_quality,lift,S_Q_030,3.4543209438754454,496939,0.017617474033511583
primary,2025-06,future_child_download_quality_median_3m,descendant_quality,lift,S_Q_040,3.4543209438754454,496939,0.017617474033511583
primary,2025-06,future_child_download_quality_median_3m,descendant_quality,lift,S_Q_050,3.4543209438754454,496939,0.017617474033511583
primary,2025-06,future_child_download_quality_median_3m,descendant_quality,lift,S_Q_060,3.454320943875445,496939,0.017617474033511583
primary,2025-06,future_child_download_quality_median_3m,descendant_quality,lift,S_Q_070,3.4543209438754454,496939,0.017617474033511583
primary,2025-06,future_child_download_quality_median_3m,descendant_quality,lift,S_Q_080,3.4543209438754454,496939,0.017617474033511583
primary,2025-06,future_child_download_quality_median_3m,descendant_quality,lift,S_Q_090,3.4489211940873896,496939,0.017617474033511583
primary,2025-06,future_child_download_quality_median_3m,descendant_quality,lift,S_Q_100,3.400980795326608,496939,0.017617474033511583
primary,2025-06,future_child_download_quality_median_3m,descendant_quality,lift,S_WD_000,3.6278403290657986,496939,0.017617474033511583
primary,2025-06,future_child_download_quality_median_3m,descendant_quality,lift,S_WD_025,3.7415106683275683,496939,0.017617474033511583
primary,2025-06,future_child_download_quality_median_3m,descendant_quality,lift,S_WD_075,3.3055968565958866,496939,0.017617474033511583
primary,2025-06,future_child_download_quality_median_3m,descendant_quality,lift,S_WD_100,3.262696254479375,496939,0.017617474033511583
primary,2025-06,future_child_like_quality_mean_3m,descendant_quality,lift,S_C3_Q10,4.4028110137850565,496939,0.0009842269657991843
primary,2025-06,future_child_like_quality_mean_3m,descendant_quality,lift,AllTime DerivCount,4.115868548312954,496939,0.0009842269657991843
primary,2025-06,future_child_like_quality_mean_3m,descendant_quality,lift,Current DerivCount,2.2762136114858755,496939,0.0009842269657991843
primary,2025-06,future_child_like_quality_mean_3m,descendant_quality,lift,Vanilla PageRank,4.115868548312954,496939,0.0009842269657991843
primary,2025-06,future_child_like_quality_mean_3m,descendant_quality,lift,Downloads,2.6813591565761556,496939,0.0009842269657991843
primary,2025-06,future_child_like_quality_mean_3m,descendant_quality,lift,Likes,4.308043122626443,496939,0.0009842269657991843
primary,2025-06,future_child_like_quality_mean_3m,descendant_quality,lift,MTPR_time_safe_typed,4.076727290698993,496939,0.0009842269657991843
primary,2025-06,future_child_like_quality_mean_3m,descendant_quality,lift,Simplified_MTPR_time_safe_typed,3.820881624532198,496939,0.0009842269657991843
primary,2025-06,future_child_like_quality_mean_3m,descendant_quality,lift,No-Propagation ModelRank,3.8817139827505622,496939,0.0009842269657991843
primary,2025-06,future_child_like_quality_mean_3m,descendant_quality,lift,EventValue_time_safe_typed,2.276213611485876,496939,0.0009842269657991843
primary,2025-06,future_child_like_quality_mean_3m,descendant_quality,lift,No child quality,4.122808859555514,496939,0.0009842269657991843
primary,2025-06,future_child_like_quality_mean_3m,descendant_quality,lift,No type weight,4.129894779641159,496939,0.0009842269657991843
primary,2025-06,future_child_like_quality_mean_3m,descendant_quality,lift,No parent size,4.020039930013837,496939,0.0009842269657991843
primary,2025-06,future_child_like_quality_mean_3m,descendant_quality,lift,No quality teleport,3.8747207139105244,496939,0.0009842269657991843
primary,2025-06,future_child_like_quality_mean_3m,descendant_quality,lift,No PageRank propagation,3.887144295958257,496939,0.0009842269657991843
primary,2025-06,future_child_like_quality_mean_3m,descendant_quality,lift,No temporal inheritance,3.8817139827505622,496939,0.0009842269657991843
primary,2025-06,future_child_like_quality_mean_3m,descendant_quality,lift,No event injection,4.00172309230934,496939,0.0009842269657991843
primary,2025-06,future_child_like_quality_mean_3m,descendant_quality,lift,S_D_000,3.8817139827505622,496939,0.0009842269657991843
primary,2025-06,future_child_like_quality_mean_3m,descendant_quality,lift,S_D_025,4.172873792728873,496939,0.0009842269657991843
primary,2025-06,future_child_like_quality_mean_3m,descendant_quality,lift,S_D_050,4.283909629037134,496939,0.0009842269657991843
primary,2025-06,future_child_like_quality_mean_3m,descendant_quality,lift,S_D_065,4.331149096274763,496939,0.0009842269657991843
primary,2025-06,future_child_like_quality_mean_3m,descendant_quality,lift,S_D_075,4.381954611855048,496939,0.0009842269657991843
primary,2025-06,future_child_like_quality_mean_3m,descendant_quality,lift,S_D_090,4.416982853956346,496939,0.0009842269657991843
primary,2025-06,future_child_like_quality_mean_3m,descendant_quality,lift,S_D_095,4.431154694127634,496939,0.0009842269657991843
primary,2025-06,future_child_like_quality_mean_3m,descendant_quality,lift,S_D_099,4.431154694127635,496939,0.0009842269657991843
primary,2025-06,future_child_like_quality_mean_3m,descendant_quality,lift,S_MEM_01,3.8817139827505622,496939,0.0009842269657991843
primary,2025-06,future_child_like_quality_mean_3m,descendant_quality,lift,S_MEM_03,4.336509296411906,496939,0.0009842269657991843
primary,2025-06,future_child_like_quality_mean_3m,descendant_quality,lift,S_MEM_06,4.453015854231956,496939,0.0009842269657991843
primary,2025-06,future_child_like_quality_mean_3m,descendant_quality,lift,S_MEM_12,4.4028110137850565,496939,0.0009842269657991843
primary,2025-06,future_child_like_quality_mean_3m,descendant_quality,lift,S_Q_000,2.5091343583890127,496939,0.0009842269657991843
primary,2025-06,future_child_like_quality_mean_3m,descendant_quality,lift,S_Q_005,4.4028110137850565,496939,0.0009842269657991843
primary,2025-06,future_child_like_quality_mean_3m,descendant_quality,lift,S_Q_015,4.402811013785056,496939,0.0009842269657991843
primary,2025-06,future_child_like_quality_mean_3m,descendant_quality,lift,S_Q_020,4.402811013785056,496939,0.0009842269657991843
primary,2025-06,future_child_like_quality_mean_3m,descendant_quality,lift,S_Q_030,4.402811013785056,496939,0.0009842269657991843
primary,2025-06,future_child_like_quality_mean_3m,descendant_quality,lift,S_Q_040,4.402811013785056,496939,0.0009842269657991843
primary,2025-06,future_child_like_quality_mean_3m,descendant_quality,lift,S_Q_050,4.4028110137850565,496939,0.0009842269657991843
primary,2025-06,future_child_like_quality_mean_3m,descendant_quality,lift,S_Q_060,4.4028110137850565,496939,0.0009842269657991843
primary,2025-06,future_child_like_quality_mean_3m,descendant_quality,lift,S_Q_070,4.402811013785056,496939,0.0009842269657991843
primary,2025-06,future_child_like_quality_mean_3m,descendant_quality,lift,S_Q_080,4.4028110137850565,496939,0.0009842269657991843
primary,2025-06,future_child_like_quality_mean_3m,descendant_quality,lift,S_Q_090,4.4028110137850565,496939,0.0009842269657991843
primary,2025-06,future_child_like_quality_mean_3m,descendant_quality,lift,S_Q_100,4.374467333442478,496939,0.0009842269657991843
primary,2025-06,future_child_like_quality_mean_3m,descendant_quality,lift,S_WD_000,4.725135945692365,496939,0.0009842269657991843
primary,2025-06,future_child_like_quality_mean_3m,descendant_quality,lift,S_WD_025,4.735208964930109,496939,0.0009842269657991843
primary,2025-06,future_child_like_quality_mean_3m,descendant_quality,lift,S_WD_075,4.076016720165592,496939,0.0009842269657991843
primary,2025-06,future_child_like_quality_mean_3m,descendant_quality,lift,S_WD_100,3.9816763306068728,496939,0.0009842269657991843
primary,2025-06,future_child_like_quality_median_3m,descendant_quality,lift,S_C3_Q10,4.6976895127252085,496939,0.0008794614530298769
primary,2025-06,future_child_like_quality_median_3m,descendant_quality,lift,AllTime DerivCount,4.408585027732412,496939,0.0008794614530298769
primary,2025-06,future_child_like_quality_median_3m,descendant_quality,lift,Current DerivCount,2.4379941614798026,496939,0.0008794614530298769
primary,2025-06,future_child_like_quality_median_3m,descendant_quality,lift,Vanilla PageRank,4.408585027732412,496939,0.0008794614530298769
primary,2025-06,future_child_like_quality_median_3m,descendant_quality,lift,Downloads,2.8037545617223434,496939,0.0008794614530298769
primary,2025-06,future_child_like_quality_median_3m,descendant_quality,lift,Likes,4.576984068738784,496939,0.0008794614530298769
primary,2025-06,future_child_like_quality_median_3m,descendant_quality,lift,MTPR_time_safe_typed,4.317773635547587,496939,0.0008794614530298769
primary,2025-06,future_child_like_quality_median_3m,descendant_quality,lift,Simplified_MTPR_time_safe_typed,4.032888879638552,496939,0.0008794614530298769
primary,2025-06,future_child_like_quality_median_3m,descendant_quality,lift,No-Propagation ModelRank,4.100967869508317,496939,0.0008794614530298769
primary,2025-06,future_child_like_quality_median_3m,descendant_quality,lift,EventValue_time_safe_typed,2.4379941614798026,496939,0.0008794614530298769
primary,2025-06,future_child_like_quality_median_3m,descendant_quality,lift,No child quality,4.374631338944564,496939,0.0008794614530298769
primary,2025-06,future_child_like_quality_median_3m,descendant_quality,lift,No type weight,4.382561366578819,496939,0.0008794614530298769
primary,2025-06,future_child_like_quality_median_3m,descendant_quality,lift,No parent size,4.254333414473544,496939,0.0008794614530298769
primary,2025-06,future_child_like_quality_median_3m,descendant_quality,lift,No quality teleport,4.1587116411989316,496939,0.0008794614530298769
primary,2025-06,future_child_like_quality_median_3m,descendant_quality,lift,No PageRank propagation,4.105606638304037,496939,0.0008794614530298769
primary,2025-06,future_child_like_quality_median_3m,descendant_quality,lift,No temporal inheritance,4.100967869508317,496939,0.0008794614530298769
primary,2025-06,future_child_like_quality_median_3m,descendant_quality,lift,No event injection,4.233834590409312,496939,0.0008794614530298769
primary,2025-06,future_child_like_quality_median_3m,descendant_quality,lift,S_D_000,4.100967869508317,496939,0.0008794614530298769
primary,2025-06,future_child_like_quality_median_3m,descendant_quality,lift,S_D_025,4.417443525611894,496939,0.0008794614530298769
primary,2025-06,future_child_like_quality_median_3m,descendant_quality,lift,S_D_050,4.5456714777171685,496939,0.0008794614530298769
primary,2025-06,future_child_like_quality_median_3m,descendant_quality,lift,S_D_065,4.60911169879121,496939,0.0008794614530298769
primary,2025-06,future_child_like_quality_median_3m,descendant_quality,lift,S_D_075,4.665969402188187,496939,0.0008794614530298769
primary,2025-06,future_child_like_quality_median_3m,descendant_quality,lift,S_D_090,4.713549567993719,496939,0.0008794614530298769
primary,2025-06,future_child_like_quality_median_3m,descendant_quality,lift,S_D_095,4.729409623262231,496939,0.0008794614530298769
primary,2025-06,future_child_like_quality_median_3m,descendant_quality,lift,S_D_099,4.729409623262231,496939,0.0008794614530298769
primary,2025-06,future_child_like_quality_median_3m,descendant_quality,lift,S_MEM_01,4.100967869508317,496939,0.0008794614530298769
primary,2025-06,future_child_like_quality_median_3m,descendant_quality,lift,S_MEM_03,4.6152271878866005,496939,0.0008794614530298769
primary,2025-06,future_child_like_quality_median_3m,descendant_quality,lift,S_MEM_06,4.756023936421852,496939,0.0008794614530298769
primary,2025-06,future_child_like_quality_median_3m,descendant_quality,lift,S_MEM_12,4.6976895127252085,496939,0.0008794614530298769
primary,2025-06,future_child_like_quality_median_3m,descendant_quality,lift,S_Q_000,2.6757148196729648,496939,0.0008794614530298769
primary,2025-06,future_child_like_quality_median_3m,descendant_quality,lift,S_Q_005,4.6976895127252085,496939,0.0008794614530298769
primary,2025-06,future_child_like_quality_median_3m,descendant_quality,lift,S_Q_015,4.6976895127252085,496939,0.0008794614530298769
primary,2025-06,future_child_like_quality_median_3m,descendant_quality,lift,S_Q_020,4.6976895127252085,496939,0.0008794614530298769
primary,2025-06,future_child_like_quality_median_3m,descendant_quality,lift,S_Q_030,4.6976895127252085,496939,0.0008794614530298769
primary,2025-06,future_child_like_quality_median_3m,descendant_quality,lift,S_Q_040,4.6976895127252085,496939,0.0008794614530298769
primary,2025-06,future_child_like_quality_median_3m,descendant_quality,lift,S_Q_050,4.6976895127252085,496939,0.0008794614530298769
primary,2025-06,future_child_like_quality_median_3m,descendant_quality,lift,S_Q_060,4.6976895127252085,496939,0.0008794614530298769
primary,2025-06,future_child_like_quality_median_3m,descendant_quality,lift,S_Q_070,4.6976895127252085,496939,0.0008794614530298769
primary,2025-06,future_child_like_quality_median_3m,descendant_quality,lift,S_Q_080,4.6976895127252085,496939,0.0008794614530298769
primary,2025-06,future_child_like_quality_median_3m,descendant_quality,lift,S_Q_090,4.6976895127252085,496939,0.0008794614530298769
primary,2025-06,future_child_like_quality_median_3m,descendant_quality,lift,S_Q_100,4.665969402188187,496939,0.0008794614530298769
primary,2025-06,future_child_like_quality_median_3m,descendant_quality,lift,S_WD_000,5.03962069143997,496939,0.0008794614530298769
primary,2025-06,future_child_like_quality_median_3m,descendant_quality,lift,S_WD_025,5.061467025461392,496939,0.0008794614530298769
primary,2025-06,future_child_like_quality_median_3m,descendant_quality,lift,S_WD_075,4.3463147610768855,496939,0.0008794614530298769
primary,2025-06,future_child_like_quality_median_3m,descendant_quality,lift,S_WD_100,4.236771094496979,496939,0.0008794614530298769
primary,2025-06,future_child_becomes_parent_share_3m,repropagation,lift,S_C3_Q10,8.422767577504887,496939,0.0001312325911384738
primary,2025-06,future_child_becomes_parent_share_3m,repropagation,lift,AllTime DerivCount,8.342952347161038,496939,0.0001312325911384738
primary,2025-06,future_child_becomes_parent_share_3m,repropagation,lift,Current DerivCount,3.927197663798681,496939,0.0001312325911384738
primary,2025-06,future_child_becomes_parent_share_3m,repropagation,lift,Vanilla PageRank,8.342952347161038,496939,0.0001312325911384738
primary,2025-06,future_child_becomes_parent_share_3m,repropagation,lift,Downloads,5.698433926999857,496939,0.0001312325911384738
primary,2025-06,future_child_becomes_parent_share_3m,repropagation,lift,Likes,7.498896456812984,496939,0.0001312325911384738
primary,2025-06,future_child_becomes_parent_share_3m,repropagation,lift,MTPR_time_safe_typed,7.464395045666812,496939,0.0001312325911384738
primary,2025-06,future_child_becomes_parent_share_3m,repropagation,lift,Simplified_MTPR_time_safe_typed,7.023543681021298,496939,0.0001312325911384738
primary,2025-06,future_child_becomes_parent_share_3m,repropagation,lift,No-Propagation ModelRank,7.061878582294821,496939,0.0001312325911384738
primary,2025-06,future_child_becomes_parent_share_3m,repropagation,lift,EventValue_time_safe_typed,3.927197663798681,496939,0.0001312325911384738
primary,2025-06,future_child_becomes_parent_share_3m,repropagation,lift,No child quality,7.502729946940337,496939,0.0001312325911384738
primary,2025-06,future_child_becomes_parent_share_3m,repropagation,lift,No type weight,7.502729946940337,496939,0.0001312325911384738
primary,2025-06,future_child_becomes_parent_share_3m,repropagation,lift,No parent size,7.464395045666812,496939,0.0001312325911384738
primary,2025-06,future_child_becomes_parent_share_3m,repropagation,lift,No quality teleport,8.189612742066947,496939,0.0001312325911384738
primary,2025-06,future_child_becomes_parent_share_3m,repropagation,lift,No PageRank propagation,7.464395045666812,496939,0.0001312325911384738
primary,2025-06,future_child_becomes_parent_share_3m,repropagation,lift,No temporal inheritance,7.023543681021298,496939,0.0001312325911384738
primary,2025-06,future_child_becomes_parent_share_3m,repropagation,lift,No event injection,7.464395045666812,496939,0.0001312325911384738
primary,2025-06,future_child_becomes_parent_share_3m,repropagation,lift,S_D_000,7.061878582294821,496939,0.0001312325911384738
primary,2025-06,future_child_becomes_parent_share_3m,repropagation,lift,S_D_025,7.962748762222611,496939,0.0001312325911384738
primary,2025-06,future_child_becomes_parent_share_3m,repropagation,lift,S_D_050,8.269427972410794,496939,0.0001312325911384738
primary,2025-06,future_child_becomes_parent_share_3m,repropagation,lift,S_D_065,8.269427972410794,496939,0.0001312325911384738
primary,2025-06,future_child_becomes_parent_share_3m,repropagation,lift,S_D_075,8.269427972410794,496939,0.0001312325911384738
primary,2025-06,future_child_becomes_parent_share_3m,repropagation,lift,S_D_090,8.422767577504887,496939,0.0001312325911384738
primary,2025-06,future_child_becomes_parent_share_3m,repropagation,lift,S_D_095,8.422767577504887,496939,0.0001312325911384738
primary,2025-06,future_child_becomes_parent_share_3m,repropagation,lift,S_D_099,8.422767577504885,496939,0.0001312325911384738
primary,2025-06,future_child_becomes_parent_share_3m,repropagation,lift,S_MEM_01,7.061878582294821,496939,0.0001312325911384738
primary,2025-06,future_child_becomes_parent_share_3m,repropagation,lift,S_MEM_03,7.521897397577096,496939,0.0001312325911384738
primary,2025-06,future_child_becomes_parent_share_3m,repropagation,lift,S_MEM_06,7.962748762222609,496939,0.0001312325911384738
primary,2025-06,future_child_becomes_parent_share_3m,repropagation,lift,S_MEM_12,8.422767577504887,496939,0.0001312325911384738
primary,2025-06,future_child_becomes_parent_share_3m,repropagation,lift,S_Q_000,5.340477690749227,496939,0.0001312325911384738
primary,2025-06,future_child_becomes_parent_share_3m,repropagation,lift,S_Q_005,8.422767577504885,496939,0.0001312325911384738
primary,2025-06,future_child_becomes_parent_share_3m,repropagation,lift,S_Q_015,8.422767577504885,496939,0.0001312325911384738
primary,2025-06,future_child_becomes_parent_share_3m,repropagation,lift,S_Q_020,8.422767577504885,496939,0.0001312325911384738
primary,2025-06,future_child_becomes_parent_share_3m,repropagation,lift,S_Q_030,8.422767577504887,496939,0.0001312325911384738
primary,2025-06,future_child_becomes_parent_share_3m,repropagation,lift,S_Q_040,8.422767577504885,496939,0.0001312325911384738
primary,2025-06,future_child_becomes_parent_share_3m,repropagation,lift,S_Q_050,8.422767577504887,496939,0.0001312325911384738
primary,2025-06,future_child_becomes_parent_share_3m,repropagation,lift,S_Q_060,8.422767577504885,496939,0.0001312325911384738
primary,2025-06,future_child_becomes_parent_share_3m,repropagation,lift,S_Q_070,8.422767577504887,496939,0.0001312325911384738
primary,2025-06,future_child_becomes_parent_share_3m,repropagation,lift,S_Q_080,8.422767577504887,496939,0.0001312325911384738
primary,2025-06,future_child_becomes_parent_share_3m,repropagation,lift,S_Q_090,8.422767577504885,496939,0.0001312325911384738
primary,2025-06,future_child_becomes_parent_share_3m,repropagation,lift,S_Q_100,8.384432676231361,496939,0.0001312325911384738
primary,2025-06,future_child_becomes_parent_share_3m,repropagation,lift,S_WD_000,8.288595423047555,496939,0.0001312325911384738
primary,2025-06,future_child_becomes_parent_share_3m,repropagation,lift,S_WD_025,8.441935028141646,496939,0.0001312325911384738
primary,2025-06,future_child_becomes_parent_share_3m,repropagation,lift,S_WD_075,8.238760051391976,496939,0.0001312325911384738
primary,2025-06,future_child_becomes_parent_share_3m,repropagation,lift,S_WD_100,8.16209024884493,496939,0.0001312325911384738
primary,2025-06,future_child_future_child_count_mean_3m,repropagation,lift,S_C3_Q10,8.527583667940956,496939,0.0002799612397565401
primary,2025-06,future_child_future_child_count_mean_3m,repropagation,lift,AllTime DerivCount,8.46068150567417,496939,0.0002799612397565401
primary,2025-06,future_child_future_child_count_mean_3m,repropagation,lift,Current DerivCount,4.119827780249694,496939,0.0002799612397565401
primary,2025-06,future_child_future_child_count_mean_3m,repropagation,lift,Vanilla PageRank,8.46068150567417,496939,0.0002799612397565401
primary,2025-06,future_child_future_child_count_mean_3m,repropagation,lift,Downloads,6.582076161361862,496939,0.0002799612397565401
primary,2025-06,future_child_future_child_count_mean_3m,repropagation,lift,Likes,7.7099673666846575,496939,0.0002799612397565401
primary,2025-06,future_child_future_child_count_mean_3m,repropagation,lift,MTPR_time_safe_typed,7.898648051589956,496939,0.0002799612397565401
primary,2025-06,future_child_future_child_count_mean_3m,repropagation,lift,Simplified_MTPR_time_safe_typed,7.566210654375856,496939,0.0002799612397565401
primary,2025-06,future_child_future_child_count_mean_3m,repropagation,lift,No-Propagation ModelRank,7.620119421491657,496939,0.0002799612397565401
primary,2025-06,future_child_future_child_count_mean_3m,repropagation,lift,EventValue_time_safe_typed,4.119827780249694,496939,0.0002799612397565401
primary,2025-06,future_child_future_child_count_mean_3m,repropagation,lift,No child quality,7.952556818705757,496939,0.0002799612397565401
primary,2025-06,future_child_future_child_count_mean_3m,repropagation,lift,No type weight,7.952556818705757,496939,0.0002799612397565401
primary,2025-06,future_child_future_child_count_mean_3m,repropagation,lift,No parent size,7.898648051589956,496939,0.0002799612397565401
primary,2025-06,future_child_future_child_count_mean_3m,repropagation,lift,No quality teleport,8.38880314951977,496939,0.0002799612397565401
primary,2025-06,future_child_future_child_count_mean_3m,repropagation,lift,No PageRank propagation,7.898648051589958,496939,0.0002799612397565401
primary,2025-06,future_child_future_child_count_mean_3m,repropagation,lift,No temporal inheritance,7.566210654375857,496939,0.0002799612397565401
primary,2025-06,future_child_future_child_count_mean_3m,repropagation,lift,No event injection,7.898648051589956,496939,0.0002799612397565401
primary,2025-06,future_child_future_child_count_mean_3m,repropagation,lift,S_D_000,7.620119421491657,496939,0.0002799612397565401
primary,2025-06,future_child_future_child_count_mean_3m,repropagation,lift,S_D_025,8.168191887168957,496939,0.0002799612397565401
primary,2025-06,future_child_future_child_count_mean_3m,repropagation,lift,S_D_050,8.455705311786557,496939,0.0002799612397565401
primary,2025-06,future_child_future_child_count_mean_3m,repropagation,lift,S_D_065,8.455705311786557,496939,0.0002799612397565401
primary,2025-06,future_child_future_child_count_mean_3m,repropagation,lift,S_D_075,8.455705311786557,496939,0.0002799612397565401
primary,2025-06,future_child_future_child_count_mean_3m,repropagation,lift,S_D_090,8.527583667940956,496939,0.0002799612397565401
primary,2025-06,future_child_future_child_count_mean_3m,repropagation,lift,S_D_095,8.527583667940956,496939,0.0002799612397565401
primary,2025-06,future_child_future_child_count_mean_3m,repropagation,lift,S_D_099,8.527583667940956,496939,0.0002799612397565401
primary,2025-06,future_child_future_child_count_mean_3m,repropagation,lift,S_MEM_01,7.620119421491657,496939,0.0002799612397565401
primary,2025-06,future_child_future_child_count_mean_3m,repropagation,lift,S_MEM_03,7.979511202263658,496939,0.0002799612397565401
primary,2025-06,future_child_future_child_count_mean_3m,repropagation,lift,S_MEM_06,8.168191887168957,496939,0.0002799612397565401
primary,2025-06,future_child_future_child_count_mean_3m,repropagation,lift,S_MEM_12,8.527583667940956,496939,0.0002799612397565401
primary,2025-06,future_child_future_child_count_mean_3m,repropagation,lift,S_Q_000,5.3381659170667755,496939,0.0002799612397565401
primary,2025-06,future_child_future_child_count_mean_3m,repropagation,lift,S_Q_005,8.527583667940956,496939,0.0002799612397565401
primary,2025-06,future_child_future_child_count_mean_3m,repropagation,lift,S_Q_015,8.527583667940956,496939,0.0002799612397565401
primary,2025-06,future_child_future_child_count_mean_3m,repropagation,lift,S_Q_020,8.527583667940956,496939,0.0002799612397565401
primary,2025-06,future_child_future_child_count_mean_3m,repropagation,lift,S_Q_030,8.527583667940958,496939,0.0002799612397565401
primary,2025-06,future_child_future_child_count_mean_3m,repropagation,lift,S_Q_040,8.527583667940956,496939,0.0002799612397565401
primary,2025-06,future_child_future_child_count_mean_3m,repropagation,lift,S_Q_050,8.527583667940958,496939,0.0002799612397565401
primary,2025-06,future_child_future_child_count_mean_3m,repropagation,lift,S_Q_060,8.527583667940958,496939,0.0002799612397565401
primary,2025-06,future_child_future_child_count_mean_3m,repropagation,lift,S_Q_070,8.527583667940958,496939,0.0002799612397565401
primary,2025-06,future_child_future_child_count_mean_3m,repropagation,lift,S_Q_080,8.527583667940956,496939,0.0002799612397565401
primary,2025-06,future_child_future_child_count_mean_3m,repropagation,lift,S_Q_090,8.527583667940956,496939,0.0002799612397565401
primary,2025-06,future_child_future_child_count_mean_3m,repropagation,lift,S_Q_100,8.473674900825158,496939,0.0002799612397565401
primary,2025-06,future_child_future_child_count_mean_3m,repropagation,lift,S_WD_000,8.482659695344458,496939,0.0002799612397565401
primary,2025-06,future_child_future_child_count_mean_3m,repropagation,lift,S_WD_025,8.554538051498856,496939,0.0002799612397565401
primary,2025-06,future_child_future_child_count_mean_3m,repropagation,lift,S_WD_075,8.441329640555676,496939,0.0002799612397565401
primary,2025-06,future_child_future_child_count_mean_3m,repropagation,lift,S_WD_100,8.405390462478476,496939,0.0002799612397565401
primary,2025-06,future_child_future_child_count_median_3m,repropagation,lift,S_C3_Q10,8.701281191541586,496939,0.00023242289295064385
primary,2025-06,future_child_future_child_count_median_3m,repropagation,lift,AllTime DerivCount,8.657991235364761,496939,0.00023242289295064385
primary,2025-06,future_child_future_child_count_median_3m,repropagation,lift,Current DerivCount,3.9826759682677904,496939,0.00023242289295064385
primary,2025-06,future_child_future_child_count_median_3m,repropagation,lift,Vanilla PageRank,8.657991235364761,496939,0.00023242289295064385
primary,2025-06,future_child_future_child_count_median_3m,repropagation,lift,Downloads,6.493493426523571,496939,0.00023242289295064385
primary,2025-06,future_child_future_child_count_median_3m,repropagation,lift,Likes,7.922061980358756,496939,0.00023242289295064385
primary,2025-06,future_child_future_child_count_median_3m,repropagation,lift,MTPR_time_safe_typed,8.008641892712403,496939,0.00023242289295064385
primary,2025-06,future_child_future_child_count_median_3m,repropagation,lift,Simplified_MTPR_time_safe_typed,7.575742330944166,496939,0.00023242289295064385
primary,2025-06,future_child_future_child_count_median_3m,repropagation,lift,No-Propagation ModelRank,7.575742330944166,496939,0.00023242289295064385
primary,2025-06,future_child_future_child_count_median_3m,repropagation,lift,EventValue_time_safe_typed,3.9826759682677904,496939,0.00023242289295064385
primary,2025-06,future_child_future_child_count_median_3m,repropagation,lift,No child quality,8.008641892712403,496939,0.00023242289295064385
primary,2025-06,future_child_future_child_count_median_3m,repropagation,lift,No type weight,8.008641892712403,496939,0.00023242289295064385
primary,2025-06,future_child_future_child_count_median_3m,repropagation,lift,No parent size,8.008641892712403,496939,0.00023242289295064385
primary,2025-06,future_child_future_child_count_median_3m,repropagation,lift,No quality teleport,8.571411323011114,496939,0.00023242289295064385
primary,2025-06,future_child_future_child_count_median_3m,repropagation,lift,No PageRank propagation,8.008641892712403,496939,0.00023242289295064385
primary,2025-06,future_child_future_child_count_median_3m,repropagation,lift,No temporal inheritance,7.575742330944166,496939,0.00023242289295064385
primary,2025-06,future_child_future_child_count_median_3m,repropagation,lift,No event injection,8.008641892712403,496939,0.00023242289295064385
primary,2025-06,future_child_future_child_count_median_3m,repropagation,lift,S_D_000,7.575742330944166,496939,0.00023242289295064385
primary,2025-06,future_child_future_child_count_median_3m,repropagation,lift,S_D_025,8.268381629773346,496939,0.00023242289295064385
primary,2025-06,future_child_future_child_count_median_3m,repropagation,lift,S_D_050,8.614701279187937,496939,0.00023242289295064385
primary,2025-06,future_child_future_child_count_median_3m,repropagation,lift,S_D_065,8.614701279187937,496939,0.00023242289295064385
primary,2025-06,future_child_future_child_count_median_3m,repropagation,lift,S_D_075,8.614701279187937,496939,0.00023242289295064385
primary,2025-06,future_child_future_child_count_median_3m,repropagation,lift,S_D_090,8.701281191541586,496939,0.00023242289295064385
primary,2025-06,future_child_future_child_count_median_3m,repropagation,lift,S_D_095,8.701281191541586,496939,0.00023242289295064385
primary,2025-06,future_child_future_child_count_median_3m,repropagation,lift,S_D_099,8.701281191541586,496939,0.00023242289295064385
primary,2025-06,future_child_future_child_count_median_3m,repropagation,lift,S_MEM_01,7.575742330944166,496939,0.00023242289295064385
primary,2025-06,future_child_future_child_count_median_3m,repropagation,lift,S_MEM_03,8.008641892712403,496939,0.00023242289295064385
primary,2025-06,future_child_future_child_count_median_3m,repropagation,lift,S_MEM_06,8.268381629773346,496939,0.00023242289295064385
primary,2025-06,future_child_future_child_count_median_3m,repropagation,lift,S_MEM_12,8.701281191541586,496939,0.00023242289295064385
primary,2025-06,future_child_future_child_count_median_3m,repropagation,lift,S_Q_000,5.281374653572504,496939,0.00023242289295064385
primary,2025-06,future_child_future_child_count_median_3m,repropagation,lift,S_Q_005,8.701281191541586,496939,0.00023242289295064385
primary,2025-06,future_child_future_child_count_median_3m,repropagation,lift,S_Q_015,8.701281191541586,496939,0.00023242289295064385
primary,2025-06,future_child_future_child_count_median_3m,repropagation,lift,S_Q_020,8.701281191541586,496939,0.00023242289295064385
primary,2025-06,future_child_future_child_count_median_3m,repropagation,lift,S_Q_030,8.701281191541586,496939,0.00023242289295064385
primary,2025-06,future_child_future_child_count_median_3m,repropagation,lift,S_Q_040,8.701281191541586,496939,0.00023242289295064385
primary,2025-06,future_child_future_child_count_median_3m,repropagation,lift,S_Q_050,8.701281191541586,496939,0.00023242289295064385
primary,2025-06,future_child_future_child_count_median_3m,repropagation,lift,S_Q_060,8.701281191541586,496939,0.00023242289295064385
primary,2025-06,future_child_future_child_count_median_3m,repropagation,lift,S_Q_070,8.701281191541586,496939,0.00023242289295064385
primary,2025-06,future_child_future_child_count_median_3m,repropagation,lift,S_Q_080,8.701281191541586,496939,0.00023242289295064385
primary,2025-06,future_child_future_child_count_median_3m,repropagation,lift,S_Q_090,8.701281191541586,496939,0.00023242289295064385
primary,2025-06,future_child_future_child_count_median_3m,repropagation,lift,S_Q_100,8.701281191541586,496939,0.00023242289295064385
primary,2025-06,future_child_future_child_count_median_3m,repropagation,lift,S_WD_000,8.614701279187937,496939,0.00023242289295064385
primary,2025-06,future_child_future_child_count_median_3m,repropagation,lift,S_WD_025,8.701281191541586,496939,0.00023242289295064385
primary,2025-06,future_child_future_child_count_median_3m,repropagation,lift,S_WD_075,8.614701279187937,496939,0.00023242289295064385
primary,2025-06,future_child_future_child_count_median_3m,repropagation,lift,S_WD_100,8.571411323011114,496939,0.00023242289295064385
primary,2025-06,future_child_second_order_diffusion_share_3m,repropagation,lift,S_C3_Q10,8.598841400652288,496939,5.677426130032897e-05
primary,2025-06,future_child_second_order_diffusion_share_3m,repropagation,lift,AllTime DerivCount,8.453429507812425,496939,5.677426130032897e-05
primary,2025-06,future_child_second_order_diffusion_share_3m,repropagation,lift,Current DerivCount,4.0888763971517585,496939,5.677426130032897e-05
primary,2025-06,future_child_second_order_diffusion_share_3m,repropagation,lift,Vanilla PageRank,8.453429507812425,496939,5.677426130032897e-05
primary,2025-06,future_child_second_order_diffusion_share_3m,repropagation,lift,Downloads,6.554895481921961,496939,5.677426130032897e-05
primary,2025-06,future_child_second_order_diffusion_share_3m,repropagation,lift,Likes,7.597544194800293,496939,5.677426130032897e-05
primary,2025-06,future_child_second_order_diffusion_share_3m,repropagation,lift,MTPR_time_safe_typed,8.15578953965583,496939,5.677426130032897e-05
primary,2025-06,future_child_second_order_diffusion_share_3m,repropagation,lift,Simplified_MTPR_time_safe_typed,7.8456532369583085,496939,5.677426130032897e-05
primary,2025-06,future_child_second_order_diffusion_share_3m,repropagation,lift,No-Propagation ModelRank,7.9342636091576,496939,5.677426130032897e-05
primary,2025-06,future_child_second_order_diffusion_share_3m,repropagation,lift,EventValue_time_safe_typed,4.088876397151759,496939,5.677426130032897e-05
primary,2025-06,future_child_second_order_diffusion_share_3m,repropagation,lift,No child quality,8.244399911855123,496939,5.677426130032897e-05
primary,2025-06,future_child_second_order_diffusion_share_3m,repropagation,lift,No type weight,8.244399911855123,496939,5.677426130032897e-05
primary,2025-06,future_child_second_order_diffusion_share_3m,repropagation,lift,No parent size,8.15578953965583,496939,5.677426130032897e-05
primary,2025-06,future_child_second_order_diffusion_share_3m,repropagation,lift,No quality teleport,8.453429507812425,496939,5.677426130032897e-05
primary,2025-06,future_child_second_order_diffusion_share_3m,repropagation,lift,No PageRank propagation,8.15578953965583,496939,5.677426130032897e-05
primary,2025-06,future_child_second_order_diffusion_share_3m,repropagation,lift,No temporal inheritance,7.845653236958309,496939,5.677426130032897e-05
primary,2025-06,future_child_second_order_diffusion_share_3m,repropagation,lift,No event injection,8.15578953965583,496939,5.677426130032897e-05
primary,2025-06,future_child_second_order_diffusion_share_3m,repropagation,lift,S_D_000,7.9342636091576,496939,5.677426130032897e-05
primary,2025-06,future_child_second_order_diffusion_share_3m,repropagation,lift,S_D_025,8.244399911855123,496939,5.677426130032897e-05
primary,2025-06,future_child_second_order_diffusion_share_3m,repropagation,lift,S_D_050,8.598841400652288,496939,5.677426130032897e-05
primary,2025-06,future_child_second_order_diffusion_share_3m,repropagation,lift,S_D_065,8.598841400652288,496939,5.677426130032897e-05
primary,2025-06,future_child_second_order_diffusion_share_3m,repropagation,lift,S_D_075,8.598841400652287,496939,5.677426130032897e-05
primary,2025-06,future_child_second_order_diffusion_share_3m,repropagation,lift,S_D_090,8.598841400652288,496939,5.677426130032897e-05
primary,2025-06,future_child_second_order_diffusion_share_3m,repropagation,lift,S_D_095,8.598841400652288,496939,5.677426130032897e-05
primary,2025-06,future_child_second_order_diffusion_share_3m,repropagation,lift,S_D_099,8.598841400652288,496939,5.677426130032897e-05
primary,2025-06,future_child_second_order_diffusion_share_3m,repropagation,lift,S_MEM_01,7.9342636091576,496939,5.677426130032897e-05
primary,2025-06,future_child_second_order_diffusion_share_3m,repropagation,lift,S_MEM_03,8.288705097954766,496939,5.677426130032897e-05
primary,2025-06,future_child_second_order_diffusion_share_3m,repropagation,lift,S_MEM_06,8.244399911855119,496939,5.677426130032897e-05
primary,2025-06,future_child_second_order_diffusion_share_3m,repropagation,lift,S_MEM_12,8.598841400652288,496939,5.677426130032897e-05
primary,2025-06,future_child_second_order_diffusion_share_3m,repropagation,lift,S_Q_000,5.110849356516923,496939,5.677426130032897e-05
primary,2025-06,future_child_second_order_diffusion_share_3m,repropagation,lift,S_Q_005,8.598841400652288,496939,5.677426130032897e-05
primary,2025-06,future_child_second_order_diffusion_share_3m,repropagation,lift,S_Q_015,8.598841400652288,496939,5.677426130032897e-05
primary,2025-06,future_child_second_order_diffusion_share_3m,repropagation,lift,S_Q_020,8.598841400652288,496939,5.677426130032897e-05
primary,2025-06,future_child_second_order_diffusion_share_3m,repropagation,lift,S_Q_030,8.598841400652288,496939,5.677426130032897e-05
primary,2025-06,future_child_second_order_diffusion_share_3m,repropagation,lift,S_Q_040,8.598841400652288,496939,5.677426130032897e-05
primary,2025-06,future_child_second_order_diffusion_share_3m,repropagation,lift,S_Q_050,8.598841400652288,496939,5.677426130032897e-05
primary,2025-06,future_child_second_order_diffusion_share_3m,repropagation,lift,S_Q_060,8.598841400652288,496939,5.677426130032897e-05
primary,2025-06,future_child_second_order_diffusion_share_3m,repropagation,lift,S_Q_070,8.598841400652288,496939,5.677426130032897e-05
primary,2025-06,future_child_second_order_diffusion_share_3m,repropagation,lift,S_Q_080,8.598841400652288,496939,5.677426130032897e-05
primary,2025-06,future_child_second_order_diffusion_share_3m,repropagation,lift,S_Q_090,8.598841400652288,496939,5.677426130032897e-05
primary,2025-06,future_child_second_order_diffusion_share_3m,repropagation,lift,S_Q_100,8.510231028453,496939,5.677426130032897e-05
primary,2025-06,future_child_second_order_diffusion_share_3m,repropagation,lift,S_WD_000,8.643146586751932,496939,5.677426130032897e-05
primary,2025-06,future_child_second_order_diffusion_share_3m,repropagation,lift,S_WD_025,8.643146586751932,496939,5.677426130032897e-05
primary,2025-06,future_child_second_order_diffusion_share_3m,repropagation,lift,S_WD_075,8.598841400652287,496939,5.677426130032897e-05
primary,2025-06,future_child_second_order_diffusion_share_3m,repropagation,lift,S_WD_100,8.598841400652288,496939,5.677426130032897e-05
primary,2025-06,future_child_owner_breadth_3m,adoption_breadth,lift,S_C3_Q10,3.3542448975050814,496939,0.006413261989902181
primary,2025-06,future_child_owner_breadth_3m,adoption_breadth,lift,AllTime DerivCount,3.244423970084428,496939,0.006413261989902181
primary,2025-06,future_child_owner_breadth_3m,adoption_breadth,lift,Current DerivCount,2.042669250024142,496939,0.006413261989902181
primary,2025-06,future_child_owner_breadth_3m,adoption_breadth,lift,Vanilla PageRank,3.244423970084428,496939,0.006413261989902181
primary,2025-06,future_child_owner_breadth_3m,adoption_breadth,lift,Downloads,2.0960108433427447,496939,0.006413261989902181
primary,2025-06,future_child_owner_breadth_3m,adoption_breadth,lift,Likes,3.1440162650141175,496939,0.006413261989902181
primary,2025-06,future_child_owner_breadth_3m,adoption_breadth,lift,MTPR_time_safe_typed,3.222459784600298,496939,0.006413261989902181
primary,2025-06,future_child_owner_breadth_3m,adoption_breadth,lift,Simplified_MTPR_time_safe_typed,3.093812412478962,496939,0.006413261989902181
primary,2025-06,future_child_owner_breadth_3m,adoption_breadth,lift,No-Propagation ModelRank,3.150291746581012,496939,0.006413261989902181
primary,2025-06,future_child_owner_breadth_3m,adoption_breadth,lift,EventValue_time_safe_typed,2.042669250024142,496939,0.006413261989902181
primary,2025-06,future_child_owner_breadth_3m,adoption_breadth,lift,No child quality,3.2852146002692426,496939,0.006413261989902181
primary,2025-06,future_child_owner_breadth_3m,adoption_breadth,lift,No type weight,3.272663637135454,496939,0.006413261989902181
primary,2025-06,future_child_owner_breadth_3m,adoption_breadth,lift,No parent size,3.1628427097148006,496939,0.006413261989902181
primary,2025-06,future_child_owner_breadth_3m,adoption_breadth,lift,No quality teleport,3.0906746716955147,496939,0.006413261989902181
primary,2025-06,future_child_owner_breadth_3m,adoption_breadth,lift,No PageRank propagation,3.096950153262409,496939,0.006413261989902181
primary,2025-06,future_child_owner_breadth_3m,adoption_breadth,lift,No temporal inheritance,3.1283275610968815,496939,0.006413261989902181
primary,2025-06,future_child_owner_breadth_3m,adoption_breadth,lift,No event injection,3.153429487364459,496939,0.006413261989902181
primary,2025-06,future_child_owner_breadth_3m,adoption_breadth,lift,S_D_000,3.150291746581012,496939,0.006413261989902181
primary,2025-06,future_child_owner_breadth_3m,adoption_breadth,lift,S_D_025,3.34483167515474,496939,0.006413261989902181
primary,2025-06,future_child_owner_breadth_3m,adoption_breadth,lift,S_D_050,3.332280712020951,496939,0.006413261989902181
primary,2025-06,future_child_owner_breadth_3m,adoption_breadth,lift,S_D_065,3.3416939343712926,496939,0.006413261989902181
primary,2025-06,future_child_owner_breadth_3m,adoption_breadth,lift,S_D_075,3.347969415938187,496939,0.006413261989902181
primary,2025-06,future_child_owner_breadth_3m,adoption_breadth,lift,S_D_090,3.373071342205765,496939,0.006413261989902181
primary,2025-06,future_child_owner_breadth_3m,adoption_breadth,lift,S_D_095,3.373071342205765,496939,0.006413261989902181
primary,2025-06,future_child_owner_breadth_3m,adoption_breadth,lift,S_D_099,3.373071342205765,496939,0.006413261989902181
primary,2025-06,future_child_owner_breadth_3m,adoption_breadth,lift,S_MEM_01,3.150291746581012,496939,0.006413261989902181
primary,2025-06,future_child_owner_breadth_3m,adoption_breadth,lift,S_MEM_03,3.4640658249257346,496939,0.006413261989902181
primary,2025-06,future_child_owner_breadth_3m,adoption_breadth,lift,S_MEM_06,3.4985809735436537,496939,0.006413261989902181
primary,2025-06,future_child_owner_breadth_3m,adoption_breadth,lift,S_MEM_12,3.3542448975050814,496939,0.006413261989902181
primary,2025-06,future_child_owner_breadth_3m,adoption_breadth,lift,S_Q_000,2.2591733640820006,496939,0.006413261989902181
primary,2025-06,future_child_owner_breadth_3m,adoption_breadth,lift,S_Q_005,3.3542448975050814,496939,0.006413261989902181
primary,2025-06,future_child_owner_breadth_3m,adoption_breadth,lift,S_Q_015,3.3542448975050814,496939,0.006413261989902181
primary,2025-06,future_child_owner_breadth_3m,adoption_breadth,lift,S_Q_020,3.3542448975050814,496939,0.006413261989902181
primary,2025-06,future_child_owner_breadth_3m,adoption_breadth,lift,S_Q_030,3.3542448975050814,496939,0.006413261989902181
primary,2025-06,future_child_owner_breadth_3m,adoption_breadth,lift,S_Q_040,3.3542448975050814,496939,0.006413261989902181
primary,2025-06,future_child_owner_breadth_3m,adoption_breadth,lift,S_Q_050,3.3542448975050814,496939,0.006413261989902181
primary,2025-06,future_child_owner_breadth_3m,adoption_breadth,lift,S_Q_060,3.3542448975050814,496939,0.006413261989902181
primary,2025-06,future_child_owner_breadth_3m,adoption_breadth,lift,S_Q_070,3.3542448975050814,496939,0.006413261989902181
primary,2025-06,future_child_owner_breadth_3m,adoption_breadth,lift,S_Q_080,3.3511071567216337,496939,0.006413261989902181
primary,2025-06,future_child_owner_breadth_3m,adoption_breadth,lift,S_Q_090,3.347969415938187,496939,0.006413261989902181
primary,2025-06,future_child_owner_breadth_3m,adoption_breadth,lift,S_Q_100,3.3009033041864786,496939,0.006413261989902181
primary,2025-06,future_child_owner_breadth_3m,adoption_breadth,lift,S_WD_000,3.4295506763078145,496939,0.006413261989902181
primary,2025-06,future_child_owner_breadth_3m,adoption_breadth,lift,S_WD_025,3.53623386294502,496939,0.006413261989902181
primary,2025-06,future_child_owner_breadth_3m,adoption_breadth,lift,S_WD_075,3.184806895198931,496939,0.006413261989902181
primary,2025-06,future_child_owner_breadth_3m,adoption_breadth,lift,S_WD_100,3.125189820313434,496939,0.006413261989902181
primary,2025-06,future_high_download_child_owner_breadth_3m,adoption_breadth,lift,S_C3_Q10,2.628027056583596,496939,0.0014931410092586816
primary,2025-06,future_high_download_child_owner_breadth_3m,adoption_breadth,lift,AllTime DerivCount,2.870614169499005,496939,0.0014931410092586816
primary,2025-06,future_high_download_child_owner_breadth_3m,adoption_breadth,lift,Current DerivCount,2.1158987070955106,496939,0.0014931410092586816
primary,2025-06,future_high_download_child_owner_breadth_3m,adoption_breadth,lift,Vanilla PageRank,2.870614169499005,496939,0.0014931410092586816
primary,2025-06,future_high_download_child_owner_breadth_3m,adoption_breadth,lift,Downloads,1.72506391406513,496939,0.0014931410092586816
primary,2025-06,future_high_download_child_owner_breadth_3m,adoption_breadth,lift,Likes,2.5336876237831594,496939,0.0014931410092586816
primary,2025-06,future_high_download_child_owner_breadth_3m,adoption_breadth,lift,MTPR_time_safe_typed,2.654981180240864,496939,0.0014931410092586816
primary,2025-06,future_high_download_child_owner_breadth_3m,adoption_breadth,lift,Simplified_MTPR_time_safe_typed,2.5471646856117935,496939,0.0014931410092586816
primary,2025-06,future_high_download_child_owner_breadth_3m,adoption_breadth,lift,No-Propagation ModelRank,2.628027056583596,496939,0.0014931410092586816
primary,2025-06,future_high_download_child_owner_breadth_3m,adoption_breadth,lift,EventValue_time_safe_typed,2.1158987070955106,496939,0.0014931410092586816
primary,2025-06,future_high_download_child_owner_breadth_3m,adoption_breadth,lift,No child quality,2.7088894275553996,496939,0.0014931410092586816
primary,2025-06,future_high_download_child_owner_breadth_3m,adoption_breadth,lift,No type weight,2.7088894275553996,496939,0.0014931410092586816
primary,2025-06,future_high_download_child_owner_breadth_3m,adoption_breadth,lift,No parent size,2.5875958710976947,496939,0.0014931410092586816
primary,2025-06,future_high_download_child_owner_breadth_3m,adoption_breadth,lift,No quality teleport,2.6819353038981317,496939,0.0014931410092586816
primary,2025-06,future_high_download_child_owner_breadth_3m,adoption_breadth,lift,No PageRank propagation,2.4393481909827224,496939,0.0014931410092586816
primary,2025-06,future_high_download_child_owner_breadth_3m,adoption_breadth,lift,No temporal inheritance,2.628027056583596,496939,0.0014931410092586816
primary,2025-06,future_high_download_child_owner_breadth_3m,adoption_breadth,lift,No event injection,2.560641747440427,496939,0.0014931410092586816
primary,2025-06,future_high_download_child_owner_breadth_3m,adoption_breadth,lift,S_D_000,2.628027056583596,496939,0.0014931410092586816
primary,2025-06,future_high_download_child_owner_breadth_3m,adoption_breadth,lift,S_D_025,2.628027056583596,496939,0.0014931410092586816
primary,2025-06,future_high_download_child_owner_breadth_3m,adoption_breadth,lift,S_D_050,2.4932564382972577,496939,0.0014931410092586816
primary,2025-06,future_high_download_child_owner_breadth_3m,adoption_breadth,lift,S_D_065,2.5471646856117935,496939,0.0014931410092586816
primary,2025-06,future_high_download_child_owner_breadth_3m,adoption_breadth,lift,S_D_075,2.5875958710976947,496939,0.0014931410092586816
primary,2025-06,future_high_download_child_owner_breadth_3m,adoption_breadth,lift,S_D_090,2.654981180240864,496939,0.0014931410092586816
primary,2025-06,future_high_download_child_owner_breadth_3m,adoption_breadth,lift,S_D_095,2.668458242069498,496939,0.0014931410092586816
primary,2025-06,future_high_download_child_owner_breadth_3m,adoption_breadth,lift,S_D_099,2.6819353038981317,496939,0.0014931410092586816
primary,2025-06,future_high_download_child_owner_breadth_3m,adoption_breadth,lift,S_MEM_01,2.628027056583596,496939,0.0014931410092586816
primary,2025-06,future_high_download_child_owner_breadth_3m,adoption_breadth,lift,S_MEM_03,3.0862471587571467,496939,0.0014931410092586816
primary,2025-06,future_high_download_child_owner_breadth_3m,adoption_breadth,lift,S_MEM_06,2.9784306641280756,496939,0.0014931410092586816
primary,2025-06,future_high_download_child_owner_breadth_3m,adoption_breadth,lift,S_MEM_12,2.628027056583596,496939,0.0014931410092586816
primary,2025-06,future_high_download_child_owner_breadth_3m,adoption_breadth,lift,S_Q_000,2.304577572696384,496939,0.0014931410092586816
primary,2025-06,future_high_download_child_owner_breadth_3m,adoption_breadth,lift,S_Q_005,2.628027056583596,496939,0.0014931410092586816
primary,2025-06,future_high_download_child_owner_breadth_3m,adoption_breadth,lift,S_Q_015,2.628027056583596,496939,0.0014931410092586816
primary,2025-06,future_high_download_child_owner_breadth_3m,adoption_breadth,lift,S_Q_020,2.628027056583596,496939,0.0014931410092586816
primary,2025-06,future_high_download_child_owner_breadth_3m,adoption_breadth,lift,S_Q_030,2.628027056583596,496939,0.0014931410092586816
primary,2025-06,future_high_download_child_owner_breadth_3m,adoption_breadth,lift,S_Q_040,2.628027056583596,496939,0.0014931410092586816
primary,2025-06,future_high_download_child_owner_breadth_3m,adoption_breadth,lift,S_Q_050,2.628027056583596,496939,0.0014931410092586816
primary,2025-06,future_high_download_child_owner_breadth_3m,adoption_breadth,lift,S_Q_060,2.628027056583596,496939,0.0014931410092586816
primary,2025-06,future_high_download_child_owner_breadth_3m,adoption_breadth,lift,S_Q_070,2.628027056583596,496939,0.0014931410092586816
primary,2025-06,future_high_download_child_owner_breadth_3m,adoption_breadth,lift,S_Q_080,2.628027056583596,496939,0.0014931410092586816
primary,2025-06,future_high_download_child_owner_breadth_3m,adoption_breadth,lift,S_Q_090,2.628027056583596,496939,0.0014931410092586816
primary,2025-06,future_high_download_child_owner_breadth_3m,adoption_breadth,lift,S_Q_100,2.5875958710976947,496939,0.0014931410092586816
primary,2025-06,future_high_download_child_owner_breadth_3m,adoption_breadth,lift,S_WD_000,2.857137107670371,496939,0.0014931410092586816
primary,2025-06,future_high_download_child_owner_breadth_3m,adoption_breadth,lift,S_WD_025,2.8975682931562727,496939,0.0014931410092586816
primary,2025-06,future_high_download_child_owner_breadth_3m,adoption_breadth,lift,S_WD_075,2.5471646856117935,496939,0.0014931410092586816
primary,2025-06,future_high_download_child_owner_breadth_3m,adoption_breadth,lift,S_WD_100,2.574118809269061,496939,0.0014931410092586816
primary,2025-06,future_high_like_child_owner_breadth_3m,adoption_breadth,lift,S_C3_Q10,3.329123187247696,496939,0.0015957692996524725
primary,2025-06,future_high_like_child_owner_breadth_3m,adoption_breadth,lift,AllTime DerivCount,3.2282406664220087,496939,0.0015957692996524725
primary,2025-06,future_high_like_child_owner_breadth_3m,adoption_breadth,lift,Current DerivCount,1.715002854036692,496939,0.0015957692996524725
primary,2025-06,future_high_like_child_owner_breadth_3m,adoption_breadth,lift,Vanilla PageRank,3.2282406664220087,496939,0.0015957692996524725
primary,2025-06,future_high_like_child_owner_breadth_3m,adoption_breadth,lift,Downloads,1.9419885258944893,496939,0.0015957692996524725
primary,2025-06,future_high_like_child_owner_breadth_3m,adoption_breadth,lift,Likes,3.152578775802742,496939,0.0015957692996524725
primary,2025-06,future_high_like_child_owner_breadth_3m,adoption_breadth,lift,MTPR_time_safe_typed,3.0516962549770548,496939,0.0015957692996524725
primary,2025-06,future_high_like_child_owner_breadth_3m,adoption_breadth,lift,Simplified_MTPR_time_safe_typed,2.8877621586353124,496939,0.0015957692996524725
primary,2025-06,future_high_like_child_owner_breadth_3m,adoption_breadth,lift,No-Propagation ModelRank,2.938203419048156,496939,0.0015957692996524725
primary,2025-06,future_high_like_child_owner_breadth_3m,adoption_breadth,lift,EventValue_time_safe_typed,1.715002854036692,496939,0.0015957692996524725
primary,2025-06,future_high_like_child_owner_breadth_3m,adoption_breadth,lift,No child quality,3.0895272002866876,496939,0.0015957692996524725
primary,2025-06,future_high_like_child_owner_breadth_3m,adoption_breadth,lift,No type weight,3.0895272002866876,496939,0.0015957692996524725
primary,2025-06,future_high_like_child_owner_breadth_3m,adoption_breadth,lift,No parent size,3.0138653096674215,496939,0.0015957692996524725
primary,2025-06,future_high_like_child_owner_breadth_3m,adoption_breadth,lift,No quality teleport,3.0769168851834765,496939,0.0015957692996524725
primary,2025-06,future_high_like_child_owner_breadth_3m,adoption_breadth,lift,No PageRank propagation,2.9129827888417337,496939,0.0015957692996524725
primary,2025-06,future_high_like_child_owner_breadth_3m,adoption_breadth,lift,No temporal inheritance,2.938203419048156,496939,0.0015957692996524725
primary,2025-06,future_high_like_child_owner_breadth_3m,adoption_breadth,lift,No event injection,3.0012549945642113,496939,0.0015957692996524725
primary,2025-06,future_high_like_child_owner_breadth_3m,adoption_breadth,lift,S_D_000,2.938203419048156,496939,0.0015957692996524725
primary,2025-06,future_high_like_child_owner_breadth_3m,adoption_breadth,lift,S_D_025,3.1651890909059532,496939,0.0015957692996524725
primary,2025-06,future_high_like_child_owner_breadth_3m,adoption_breadth,lift,S_D_050,3.2282406664220087,496939,0.0015957692996524725
primary,2025-06,future_high_like_child_owner_breadth_3m,adoption_breadth,lift,S_D_065,3.278681926834852,496939,0.0015957692996524725
primary,2025-06,future_high_like_child_owner_breadth_3m,adoption_breadth,lift,S_D_075,3.316512872144485,496939,0.0015957692996524725
primary,2025-06,future_high_like_child_owner_breadth_3m,adoption_breadth,lift,S_D_090,3.341733502350907,496939,0.0015957692996524725
primary,2025-06,future_high_like_child_owner_breadth_3m,adoption_breadth,lift,S_D_095,3.3543438174541182,496939,0.0015957692996524725
primary,2025-06,future_high_like_child_owner_breadth_3m,adoption_breadth,lift,S_D_099,3.3543438174541182,496939,0.0015957692996524725
primary,2025-06,future_high_like_child_owner_breadth_3m,adoption_breadth,lift,S_MEM_01,2.938203419048156,496939,0.0015957692996524725
primary,2025-06,future_high_like_child_owner_breadth_3m,adoption_breadth,lift,S_MEM_03,3.2912922419380632,496939,0.0015957692996524725
primary,2025-06,future_high_like_child_owner_breadth_3m,adoption_breadth,lift,S_MEM_06,3.341733502350907,496939,0.0015957692996524725
primary,2025-06,future_high_like_child_owner_breadth_3m,adoption_breadth,lift,S_MEM_12,3.329123187247696,496939,0.0015957692996524725
primary,2025-06,future_high_like_child_owner_breadth_3m,adoption_breadth,lift,S_Q_000,1.9924297863073333,496939,0.0015957692996524725
primary,2025-06,future_high_like_child_owner_breadth_3m,adoption_breadth,lift,S_Q_005,3.329123187247696,496939,0.0015957692996524725
primary,2025-06,future_high_like_child_owner_breadth_3m,adoption_breadth,lift,S_Q_015,3.329123187247696,496939,0.0015957692996524725
primary,2025-06,future_high_like_child_owner_breadth_3m,adoption_breadth,lift,S_Q_020,3.329123187247696,496939,0.0015957692996524725
primary,2025-06,future_high_like_child_owner_breadth_3m,adoption_breadth,lift,S_Q_030,3.329123187247696,496939,0.0015957692996524725
primary,2025-06,future_high_like_child_owner_breadth_3m,adoption_breadth,lift,S_Q_040,3.329123187247696,496939,0.0015957692996524725
primary,2025-06,future_high_like_child_owner_breadth_3m,adoption_breadth,lift,S_Q_050,3.329123187247696,496939,0.0015957692996524725
primary,2025-06,future_high_like_child_owner_breadth_3m,adoption_breadth,lift,S_Q_060,3.329123187247696,496939,0.0015957692996524725
primary,2025-06,future_high_like_child_owner_breadth_3m,adoption_breadth,lift,S_Q_070,3.329123187247696,496939,0.0015957692996524725
primary,2025-06,future_high_like_child_owner_breadth_3m,adoption_breadth,lift,S_Q_080,3.329123187247696,496939,0.0015957692996524725
primary,2025-06,future_high_like_child_owner_breadth_3m,adoption_breadth,lift,S_Q_090,3.329123187247696,496939,0.0015957692996524725
primary,2025-06,future_high_like_child_owner_breadth_3m,adoption_breadth,lift,S_Q_100,3.3039025570412743,496939,0.0015957692996524725
primary,2025-06,future_high_like_child_owner_breadth_3m,adoption_breadth,lift,S_WD_000,3.455226338279806,496939,0.0015957692996524725
primary,2025-06,future_high_like_child_owner_breadth_3m,adoption_breadth,lift,S_WD_025,3.480446968486228,496939,0.0015957692996524725
primary,2025-06,future_high_like_child_owner_breadth_3m,adoption_breadth,lift,S_WD_075,3.127358145596321,496939,0.0015957692996524725
primary,2025-06,future_high_like_child_owner_breadth_3m,adoption_breadth,lift,S_WD_100,3.064306570080266,496939,0.0015957692996524725
primary,2025-06,future_cross_owner_reuse_share_3m,adoption_breadth,lift,S_C3_Q10,4.109291844351426,496939,0.003890474166016252
primary,2025-06,future_cross_owner_reuse_share_3m,adoption_breadth,lift,AllTime DerivCount,4.035100820658071,496939,0.003890474166016252
primary,2025-06,future_cross_owner_reuse_share_3m,adoption_breadth,lift,Current DerivCount,2.405420089397023,496939,0.003890474166016252
primary,2025-06,future_cross_owner_reuse_share_3m,adoption_breadth,lift,Vanilla PageRank,4.035100820658071,496939,0.003890474166016252
primary,2025-06,future_cross_owner_reuse_share_3m,adoption_breadth,lift,Downloads,2.514648078861084,496939,0.003890474166016252
primary,2025-06,future_cross_owner_reuse_share_3m,adoption_breadth,lift,Likes,3.9356833710756227,496939,0.003890474166016252
primary,2025-06,future_cross_owner_reuse_share_3m,adoption_breadth,lift,MTPR_time_safe_typed,3.9275799181838393,496939,0.003890474166016252
primary,2025-06,future_cross_owner_reuse_share_3m,adoption_breadth,lift,Simplified_MTPR_time_safe_typed,3.7482694712167053,496939,0.003890474166016252
primary,2025-06,future_cross_owner_reuse_share_3m,adoption_breadth,lift,No-Propagation ModelRank,3.8127399512903963,496939,0.003890474166016252
primary,2025-06,future_cross_owner_reuse_share_3m,adoption_breadth,lift,EventValue_time_safe_typed,2.405420089397023,496939,0.003890474166016252
primary,2025-06,future_cross_owner_reuse_share_3m,adoption_breadth,lift,No child quality,3.9920503982575304,496939,0.003890474166016252
primary,2025-06,future_cross_owner_reuse_share_3m,adoption_breadth,lift,No type weight,3.981705564778657,496939,0.003890474166016252
primary,2025-06,future_cross_owner_reuse_share_3m,adoption_breadth,lift,No parent size,3.8499936670922907,496939,0.003890474166016252
primary,2025-06,future_cross_owner_reuse_share_3m,adoption_breadth,lift,No quality teleport,3.797169650643989,496939,0.003890474166016252
primary,2025-06,future_cross_owner_reuse_share_3m,adoption_breadth,lift,No PageRank propagation,3.7517177490429963,496939,0.003890474166016252
primary,2025-06,future_cross_owner_reuse_share_3m,adoption_breadth,lift,No temporal inheritance,3.7896488051321975,496939,0.003890474166016252
primary,2025-06,future_cross_owner_reuse_share_3m,adoption_breadth,lift,No event injection,3.834476416873981,496939,0.003890474166016252
primary,2025-06,future_cross_owner_reuse_share_3m,adoption_breadth,lift,S_D_000,3.8127399512903963,496939,0.003890474166016252
primary,2025-06,future_cross_owner_reuse_share_3m,adoption_breadth,lift,S_D_025,4.0834297606542425,496939,0.003890474166016252
primary,2025-06,future_cross_owner_reuse_share_3m,adoption_breadth,lift,S_D_050,4.067912510435933,496939,0.003890474166016252
primary,2025-06,future_cross_owner_reuse_share_3m,adoption_breadth,lift,S_D_065,4.078257343914806,496939,0.003890474166016252
primary,2025-06,future_cross_owner_reuse_share_3m,adoption_breadth,lift,S_D_075,4.088602177393679,496939,0.003890474166016252
primary,2025-06,future_cross_owner_reuse_share_3m,adoption_breadth,lift,S_D_090,4.129981511309172,496939,0.003890474166016252
primary,2025-06,future_cross_owner_reuse_share_3m,adoption_breadth,lift,S_D_095,4.129981511309172,496939,0.003890474166016252
primary,2025-06,future_cross_owner_reuse_share_3m,adoption_breadth,lift,S_D_099,4.137222894744383,496939,0.003890474166016252
primary,2025-06,future_cross_owner_reuse_share_3m,adoption_breadth,lift,S_MEM_01,3.8127399512903963,496939,0.003890474166016252
primary,2025-06,future_cross_owner_reuse_share_3m,adoption_breadth,lift,S_MEM_03,4.229981568271612,496939,0.003890474166016252
primary,2025-06,future_cross_owner_reuse_share_3m,adoption_breadth,lift,S_MEM_06,4.300671263710579,496939,0.003890474166016252
primary,2025-06,future_cross_owner_reuse_share_3m,adoption_breadth,lift,S_MEM_12,4.109291844351426,496939,0.003890474166016252
primary,2025-06,future_cross_owner_reuse_share_3m,adoption_breadth,lift,S_Q_000,2.6861345350130157,496939,0.003890474166016252
primary,2025-06,future_cross_owner_reuse_share_3m,adoption_breadth,lift,S_Q_005,4.109291844351426,496939,0.003890474166016252
primary,2025-06,future_cross_owner_reuse_share_3m,adoption_breadth,lift,S_Q_015,4.109291844351426,496939,0.003890474166016252
primary,2025-06,future_cross_owner_reuse_share_3m,adoption_breadth,lift,S_Q_020,4.109291844351426,496939,0.003890474166016252
primary,2025-06,future_cross_owner_reuse_share_3m,adoption_breadth,lift,S_Q_030,4.109291844351426,496939,0.003890474166016252
primary,2025-06,future_cross_owner_reuse_share_3m,adoption_breadth,lift,S_Q_040,4.109291844351426,496939,0.003890474166016252
primary,2025-06,future_cross_owner_reuse_share_3m,adoption_breadth,lift,S_Q_050,4.109291844351426,496939,0.003890474166016252
primary,2025-06,future_cross_owner_reuse_share_3m,adoption_breadth,lift,S_Q_060,4.109291844351426,496939,0.003890474166016252
primary,2025-06,future_cross_owner_reuse_share_3m,adoption_breadth,lift,S_Q_070,4.109291844351426,496939,0.003890474166016252
primary,2025-06,future_cross_owner_reuse_share_3m,adoption_breadth,lift,S_Q_080,4.104119427611988,496939,0.003890474166016252
primary,2025-06,future_cross_owner_reuse_share_3m,adoption_breadth,lift,S_Q_090,4.0989470108725525,496939,0.003890474166016252
primary,2025-06,future_cross_owner_reuse_share_3m,adoption_breadth,lift,S_Q_100,4.049993781017172,496939,0.003890474166016252
primary,2025-06,future_cross_owner_reuse_share_3m,adoption_breadth,lift,S_WD_000,4.274291938339451,496939,0.003890474166016252
primary,2025-06,future_cross_owner_reuse_share_3m,adoption_breadth,lift,S_WD_025,4.382912689867619,496939,0.003890474166016252
primary,2025-06,future_cross_owner_reuse_share_3m,adoption_breadth,lift,S_WD_075,3.8868779245556535,496939,0.003890474166016252
primary,2025-06,future_cross_owner_reuse_share_3m,adoption_breadth,lift,S_WD_100,3.819636506942978,496939,0.003890474166016252
primary,2025-07,future_direct_children_3m,quantity,lift,S_C3_Q10,4.0302365131677815,516733,0.009838736833142068
primary,2025-07,future_direct_children_3m,quantity,lift,AllTime DerivCount,3.9830302289725514,516733,0.009838736833142068
primary,2025-07,future_direct_children_3m,quantity,lift,Current DerivCount,3.0566069016411577,516733,0.009838736833142068
primary,2025-07,future_direct_children_3m,quantity,lift,Vanilla PageRank,3.9830302289725514,516733,0.009838736833142068
primary,2025-07,future_direct_children_3m,quantity,lift,Downloads,1.9826639361996699,516733,0.009838736833142068
primary,2025-07,future_direct_children_3m,quantity,lift,Likes,3.294605251125444,516733,0.009838736833142068
primary,2025-07,future_direct_children_3m,quantity,lift,MTPR_time_safe_typed,3.349679249353212,516733,0.009838736833142068
primary,2025-07,future_direct_children_3m,quantity,lift,Simplified_MTPR_time_safe_typed,3.28870446560104,516733,0.009838736833142068
primary,2025-07,future_direct_children_3m,quantity,lift,No-Propagation ModelRank,3.3772162484670964,516733,0.009838736833142068
primary,2025-07,future_direct_children_3m,quantity,lift,EventValue_time_safe_typed,3.0566069016411577,516733,0.009838736833142068
primary,2025-07,future_direct_children_3m,quantity,lift,No child quality,3.4342571752029993,516733,0.009838736833142068
primary,2025-07,future_direct_children_3m,quantity,lift,No type weight,3.4145878901216538,516733,0.009838736833142068
primary,2025-07,future_direct_children_3m,quantity,lift,No parent size,3.28870446560104,516733,0.009838736833142068
primary,2025-07,future_direct_children_3m,quantity,lift,No quality teleport,3.91812158820411,516733,0.009838736833142068
primary,2025-07,future_direct_children_3m,quantity,lift,No PageRank propagation,3.1824903261617714,516733,0.009838736833142068
primary,2025-07,future_direct_children_3m,quantity,lift,No temporal inheritance,3.349679249353212,516733,0.009838736833142068
primary,2025-07,future_direct_children_3m,quantity,lift,No event injection,3.272969037535963,516733,0.009838736833142068
primary,2025-07,future_direct_children_3m,quantity,lift,S_D_000,3.3772162484670964,516733,0.009838736833142068
primary,2025-07,future_direct_children_3m,quantity,lift,S_D_025,3.9476255158261284,516733,0.009838736833142068
primary,2025-07,future_direct_children_3m,quantity,lift,S_D_050,4.008600299578301,516733,0.009838736833142068
primary,2025-07,future_direct_children_3m,quantity,lift,S_D_065,4.010567228086435,516733,0.009838736833142068
primary,2025-07,future_direct_children_3m,quantity,lift,S_D_075,4.01253415659457,516733,0.009838736833142068
primary,2025-07,future_direct_children_3m,quantity,lift,S_D_090,4.049905798249127,516733,0.009838736833142068
primary,2025-07,future_direct_children_3m,quantity,lift,S_D_095,4.055806583773531,516733,0.009838736833142068
primary,2025-07,future_direct_children_3m,quantity,lift,S_D_099,4.087277439903684,516733,0.009838736833142068
primary,2025-07,future_direct_children_3m,quantity,lift,S_MEM_01,3.3772162484670964,516733,0.009838736833142068
primary,2025-07,future_direct_children_3m,quantity,lift,S_MEM_03,3.7627342360614766,516733,0.009838736833142068
primary,2025-07,future_direct_children_3m,quantity,lift,S_MEM_06,3.7942050921916306,516733,0.009838736833142068
primary,2025-07,future_direct_children_3m,quantity,lift,S_MEM_12,4.087277439903684,516733,0.009838736833142068
primary,2025-07,future_direct_children_3m,quantity,lift,S_Q_000,3.1549533270478873,516733,0.009838736833142068
primary,2025-07,future_direct_children_3m,quantity,lift,S_Q_005,4.0302365131677815,516733,0.009838736833142068
primary,2025-07,future_direct_children_3m,quantity,lift,S_Q_015,4.0302365131677815,516733,0.009838736833142068
primary,2025-07,future_direct_children_3m,quantity,lift,S_Q_020,4.0302365131677815,516733,0.009838736833142068
primary,2025-07,future_direct_children_3m,quantity,lift,S_Q_030,4.0302365131677815,516733,0.009838736833142068
primary,2025-07,future_direct_children_3m,quantity,lift,S_Q_040,4.0302365131677815,516733,0.009838736833142068
primary,2025-07,future_direct_children_3m,quantity,lift,S_Q_050,4.0302365131677815,516733,0.009838736833142068
primary,2025-07,future_direct_children_3m,quantity,lift,S_Q_060,4.0302365131677815,516733,0.009838736833142068
primary,2025-07,future_direct_children_3m,quantity,lift,S_Q_070,4.0302365131677815,516733,0.009838736833142068
primary,2025-07,future_direct_children_3m,quantity,lift,S_Q_080,4.0302365131677815,516733,0.009838736833142068
primary,2025-07,future_direct_children_3m,quantity,lift,S_Q_090,4.0302365131677815,516733,0.009838736833142068
primary,2025-07,future_direct_children_3m,quantity,lift,S_Q_100,3.9594270868749355,516733,0.009838736833142068
primary,2025-07,future_direct_children_3m,quantity,lift,S_WD_000,3.597512241378171,516733,0.009838736833142068
primary,2025-07,future_direct_children_3m,quantity,lift,S_WD_025,4.173822294261607,516733,0.009838736833142068
primary,2025-07,future_direct_children_3m,quantity,lift,S_WD_075,3.9653278723993397,516733,0.009838736833142068
primary,2025-07,future_direct_children_3m,quantity,lift,S_WD_100,3.9043530886471673,516733,0.009838736833142068
primary,2025-07,future_active_parent_months_3m,quantity,lift,S_C3_Q10,4.126526377881196,516733,0.0045865079257566286
primary,2025-07,future_active_parent_months_3m,quantity,lift,AllTime DerivCount,4.050578039637984,516733,0.0045865079257566286
primary,2025-07,future_active_parent_months_3m,quantity,lift,Current DerivCount,2.6033402608923293,516733,0.0045865079257566286
primary,2025-07,future_active_parent_months_3m,quantity,lift,Vanilla PageRank,4.050578039637984,516733,0.0045865079257566286
primary,2025-07,future_active_parent_months_3m,quantity,lift,Downloads,2.6792885991355413,516733,0.0045865079257566286
primary,2025-07,future_active_parent_months_3m,quantity,lift,Likes,3.683494404795791,516733,0.0045865079257566286
primary,2025-07,future_active_parent_months_3m,quantity,lift,MTPR_time_safe_typed,3.729907278166644,516733,0.0045865079257566286
primary,2025-07,future_active_parent_months_3m,quantity,lift,Simplified_MTPR_time_safe_typed,3.611765418677202,516733,0.0045865079257566286
primary,2025-07,future_active_parent_months_3m,quantity,lift,No-Propagation ModelRank,3.7172492217927746,516733,0.0045865079257566286
primary,2025-07,future_active_parent_months_3m,quantity,lift,EventValue_time_safe_typed,2.6033402608923293,516733,0.0045865079257566286
primary,2025-07,future_active_parent_months_3m,quantity,lift,No child quality,3.8227330249083473,516733,0.0045865079257566286
primary,2025-07,future_active_parent_months_3m,quantity,lift,No type weight,3.8058556164098554,516733,0.0045865079257566286
primary,2025-07,future_active_parent_months_3m,quantity,lift,No parent size,3.6455202356741854,516733,0.0045865079257566286
primary,2025-07,future_active_parent_months_3m,quantity,lift,No quality teleport,3.8944620110269366,516733,0.0045865079257566286
primary,2025-07,future_active_parent_months_3m,quantity,lift,No PageRank propagation,3.5189396719354984,516733,0.0045865079257566286
primary,2025-07,future_active_parent_months_3m,quantity,lift,No temporal inheritance,3.69615246116966,516733,0.0045865079257566286
primary,2025-07,future_active_parent_months_3m,quantity,lift,No event injection,3.6202041229264483,516733,0.0045865079257566286
primary,2025-07,future_active_parent_months_3m,quantity,lift,S_D_000,3.7172492217927746,516733,0.0045865079257566286
primary,2025-07,future_active_parent_months_3m,quantity,lift,S_D_025,4.008384518391755,516733,0.0045865079257566286
primary,2025-07,future_active_parent_months_3m,quantity,lift,S_D_050,4.084332856634966,516733,0.0045865079257566286
primary,2025-07,future_active_parent_months_3m,quantity,lift,S_D_065,4.092771560884213,516733,0.0045865079257566286
primary,2025-07,future_active_parent_months_3m,quantity,lift,S_D_075,4.105429617258081,516733,0.0045865079257566286
primary,2025-07,future_active_parent_months_3m,quantity,lift,S_D_090,4.151842490628933,516733,0.0045865079257566286
primary,2025-07,future_active_parent_months_3m,quantity,lift,S_D_095,4.1645005470028025,516733,0.0045865079257566286
primary,2025-07,future_active_parent_months_3m,quantity,lift,S_D_099,4.185597307625916,516733,0.0045865079257566286
primary,2025-07,future_active_parent_months_3m,quantity,lift,S_MEM_01,3.7172492217927746,516733,0.0045865079257566286
primary,2025-07,future_active_parent_months_3m,quantity,lift,S_MEM_03,4.295300462866112,516733,0.0045865079257566286
primary,2025-07,future_active_parent_months_3m,quantity,lift,S_MEM_06,4.324835927738472,516733,0.0045865079257566286
primary,2025-07,future_active_parent_months_3m,quantity,lift,S_MEM_12,4.198255363999785,516733,0.0045865079257566286
primary,2025-07,future_active_parent_months_3m,quantity,lift,S_Q_000,2.7467982331295078,516733,0.0045865079257566286
primary,2025-07,future_active_parent_months_3m,quantity,lift,S_Q_005,4.126526377881196,516733,0.0045865079257566286
primary,2025-07,future_active_parent_months_3m,quantity,lift,S_Q_015,4.126526377881196,516733,0.0045865079257566286
primary,2025-07,future_active_parent_months_3m,quantity,lift,S_Q_020,4.126526377881196,516733,0.0045865079257566286
primary,2025-07,future_active_parent_months_3m,quantity,lift,S_Q_030,4.126526377881196,516733,0.0045865079257566286
primary,2025-07,future_active_parent_months_3m,quantity,lift,S_Q_040,4.126526377881196,516733,0.0045865079257566286
primary,2025-07,future_active_parent_months_3m,quantity,lift,S_Q_050,4.126526377881196,516733,0.0045865079257566286
primary,2025-07,future_active_parent_months_3m,quantity,lift,S_Q_060,4.126526377881196,516733,0.0045865079257566286
primary,2025-07,future_active_parent_months_3m,quantity,lift,S_Q_070,4.126526377881196,516733,0.0045865079257566286
primary,2025-07,future_active_parent_months_3m,quantity,lift,S_Q_080,4.126526377881196,516733,0.0045865079257566286
primary,2025-07,future_active_parent_months_3m,quantity,lift,S_Q_090,4.126526377881196,516733,0.0045865079257566286
primary,2025-07,future_active_parent_months_3m,quantity,lift,S_Q_100,4.0294812790148695,516733,0.0045865079257566286
primary,2025-07,future_active_parent_months_3m,quantity,lift,S_WD_000,4.11808767363195,516733,0.0045865079257566286
primary,2025-07,future_active_parent_months_3m,quantity,lift,S_WD_025,4.3501520404862095,516733,0.0045865079257566286
primary,2025-07,future_active_parent_months_3m,quantity,lift,S_WD_075,4.012603870516378,516733,0.0045865079257566286
primary,2025-07,future_active_parent_months_3m,quantity,lift,S_WD_100,3.907120067400805,516733,0.0045865079257566286
primary,2025-07,future_active_parent_binary_3m,quantity,auc,S_C3_Q10,0.7164536923286372,516733,0.004232359845413395
primary,2025-07,future_active_parent_binary_3m,quantity,auc,AllTime DerivCount,0.6473342268383425,516733,0.004232359845413395
primary,2025-07,future_active_parent_binary_3m,quantity,auc,Current DerivCount,0.5384105084475489,516733,0.004232359845413395
primary,2025-07,future_active_parent_binary_3m,quantity,auc,Vanilla PageRank,0.6463421322914022,516733,0.004232359845413395
primary,2025-07,future_active_parent_binary_3m,quantity,auc,Downloads,0.6421035886095892,516733,0.004232359845413395
primary,2025-07,future_active_parent_binary_3m,quantity,auc,Likes,0.6326027656992176,516733,0.004232359845413395
primary,2025-07,future_active_parent_binary_3m,quantity,auc,MTPR_time_safe_typed,0.6909782469397099,516733,0.004232359845413395
primary,2025-07,future_active_parent_binary_3m,quantity,auc,Simplified_MTPR_time_safe_typed,0.6892449522417027,516733,0.004232359845413395
primary,2025-07,future_active_parent_binary_3m,quantity,auc,No-Propagation ModelRank,0.6924048769360875,516733,0.004232359845413395
primary,2025-07,future_active_parent_binary_3m,quantity,auc,EventValue_time_safe_typed,0.5383936353507731,516733,0.004232359845413395
primary,2025-07,future_active_parent_binary_3m,quantity,auc,No child quality,0.6948496764678,516733,0.004232359845413395
primary,2025-07,future_active_parent_binary_3m,quantity,auc,No type weight,0.6943549705999696,516733,0.004232359845413395
primary,2025-07,future_active_parent_binary_3m,quantity,auc,No parent size,0.6885220105808477,516733,0.004232359845413395
primary,2025-07,future_active_parent_binary_3m,quantity,auc,No quality teleport,0.6382845676532145,516733,0.004232359845413395
primary,2025-07,future_active_parent_binary_3m,quantity,auc,No PageRank propagation,0.6853760477908732,516733,0.004232359845413395
primary,2025-07,future_active_parent_binary_3m,quantity,auc,No temporal inheritance,0.690795391001669,516733,0.004232359845413395
primary,2025-07,future_active_parent_binary_3m,quantity,auc,No event injection,0.6879379308408078,516733,0.004232359845413395
primary,2025-07,future_active_parent_binary_3m,quantity,auc,S_D_000,0.6924161267040209,516733,0.004232359845413395
primary,2025-07,future_active_parent_binary_3m,quantity,auc,S_D_025,0.711834356509924,516733,0.004232359845413395
primary,2025-07,future_active_parent_binary_3m,quantity,auc,S_D_050,0.7153731645374236,516733,0.004232359845413395
primary,2025-07,future_active_parent_binary_3m,quantity,auc,S_D_065,0.7159945645905796,516733,0.004232359845413395
primary,2025-07,future_active_parent_binary_3m,quantity,auc,S_D_075,0.7161671544877778,516733,0.004232359845413395
primary,2025-07,future_active_parent_binary_3m,quantity,auc,S_D_090,0.7164175045902066,516733,0.004232359845413395
primary,2025-07,future_active_parent_binary_3m,quantity,auc,S_D_095,0.7164668206865157,516733,0.004232359845413395
primary,2025-07,future_active_parent_binary_3m,quantity,auc,S_D_099,0.7164230923733548,516733,0.004232359845413395
primary,2025-07,future_active_parent_binary_3m,quantity,auc,S_MEM_01,0.6924127240924314,516733,0.004232359845413395
primary,2025-07,future_active_parent_binary_3m,quantity,auc,S_MEM_03,0.7178887413227162,516733,0.004232359845413395
primary,2025-07,future_active_parent_binary_3m,quantity,auc,S_MEM_06,0.7199370983926378,516733,0.004232359845413395
primary,2025-07,future_active_parent_binary_3m,quantity,auc,S_MEM_12,0.7191666641295927,516733,0.004232359845413395
primary,2025-07,future_active_parent_binary_3m,quantity,auc,S_Q_000,0.5468000663161801,516733,0.004232359845413395
primary,2025-07,future_active_parent_binary_3m,quantity,auc,S_Q_005,0.7164564768894666,516733,0.004232359845413395
primary,2025-07,future_active_parent_binary_3m,quantity,auc,S_Q_015,0.7164581537575964,516733,0.004232359845413395
primary,2025-07,future_active_parent_binary_3m,quantity,auc,S_Q_020,0.7164503208195303,516733,0.004232359845413395
primary,2025-07,future_active_parent_binary_3m,quantity,auc,S_Q_030,0.7164525664187694,516733,0.004232359845413395
primary,2025-07,future_active_parent_binary_3m,quantity,auc,S_Q_040,0.7164470777192441,516733,0.004232359845413395
primary,2025-07,future_active_parent_binary_3m,quantity,auc,S_Q_050,0.7164409354232645,516733,0.004232359845413395
primary,2025-07,future_active_parent_binary_3m,quantity,auc,S_Q_060,0.7164262852653477,516733,0.004232359845413395
primary,2025-07,future_active_parent_binary_3m,quantity,auc,S_Q_070,0.7163920049977388,516733,0.004232359845413395
primary,2025-07,future_active_parent_binary_3m,quantity,auc,S_Q_080,0.7163194460162307,516733,0.004232359845413395
primary,2025-07,future_active_parent_binary_3m,quantity,auc,S_Q_090,0.7161057755157778,516733,0.004232359845413395
primary,2025-07,future_active_parent_binary_3m,quantity,auc,S_Q_100,0.7126627755754821,516733,0.004232359845413395
primary,2025-07,future_active_parent_binary_3m,quantity,auc,S_WD_000,0.6573792965393702,516733,0.004232359845413395
primary,2025-07,future_active_parent_binary_3m,quantity,auc,S_WD_025,0.7233147569046583,516733,0.004232359845413395
primary,2025-07,future_active_parent_binary_3m,quantity,auc,S_WD_075,0.705526470468901,516733,0.004232359845413395
primary,2025-07,future_active_parent_binary_3m,quantity,auc,S_WD_100,0.6978397229571428,516733,0.004232359845413395
primary,2025-07,future_child_download_quality_sum_3m,descendant_quality,lift,S_C3_Q10,3.760050518298903,516733,0.03753707714461551
primary,2025-07,future_child_download_quality_sum_3m,descendant_quality,lift,AllTime DerivCount,3.8342446149219125,516733,0.03753707714461551
primary,2025-07,future_child_download_quality_sum_3m,descendant_quality,lift,Current DerivCount,2.990540918572865,516733,0.03753707714461551
primary,2025-07,future_child_download_quality_sum_3m,descendant_quality,lift,Vanilla PageRank,3.8342446149219125,516733,0.03753707714461551
primary,2025-07,future_child_download_quality_sum_3m,descendant_quality,lift,Downloads,2.033207684278155,516733,0.03753707714461551
primary,2025-07,future_child_download_quality_sum_3m,descendant_quality,lift,Likes,3.2347522269192712,516733,0.03753707714461551
primary,2025-07,future_child_download_quality_sum_3m,descendant_quality,lift,MTPR_time_safe_typed,3.3519250077961273,516733,0.03753707714461551
primary,2025-07,future_child_download_quality_sum_3m,descendant_quality,lift,Simplified_MTPR_time_safe_typed,3.297180410662841,516733,0.03753707714461551
primary,2025-07,future_child_download_quality_sum_3m,descendant_quality,lift,No-Propagation ModelRank,3.3527540969458873,516733,0.03753707714461551
primary,2025-07,future_child_download_quality_sum_3m,descendant_quality,lift,EventValue_time_safe_typed,2.990540918572865,516733,0.03753707714461551
primary,2025-07,future_child_download_quality_sum_3m,descendant_quality,lift,No child quality,3.4089780185613843,516733,0.03753707714461551
primary,2025-07,future_child_download_quality_sum_3m,descendant_quality,lift,No type weight,3.394234545108537,516733,0.03753707714461551
primary,2025-07,future_child_download_quality_sum_3m,descendant_quality,lift,No parent size,3.2874144671222867,516733,0.03753707714461551
primary,2025-07,future_child_download_quality_sum_3m,descendant_quality,lift,No quality teleport,3.728467560360408,516733,0.03753707714461551
primary,2025-07,future_child_download_quality_sum_3m,descendant_quality,lift,No PageRank propagation,3.139947332446617,516733,0.03753707714461551
primary,2025-07,future_child_download_quality_sum_3m,descendant_quality,lift,No temporal inheritance,3.362793405109859,516733,0.03753707714461551
primary,2025-07,future_child_download_quality_sum_3m,descendant_quality,lift,No event injection,3.2631109556817472,516733,0.03753707714461551
primary,2025-07,future_child_download_quality_sum_3m,descendant_quality,lift,S_D_000,3.3527540969458873,516733,0.03753707714461551
primary,2025-07,future_child_download_quality_sum_3m,descendant_quality,lift,S_D_025,3.6930943355661308,516733,0.03753707714461551
primary,2025-07,future_child_download_quality_sum_3m,descendant_quality,lift,S_D_050,3.741707003216439,516733,0.03753707714461551
primary,2025-07,future_child_download_quality_sum_3m,descendant_quality,lift,S_D_065,3.732829468767852,516733,0.03753707714461551
primary,2025-07,future_child_download_quality_sum_3m,descendant_quality,lift,S_D_075,3.7396107331815234,516733,0.03753707714461551
primary,2025-07,future_child_download_quality_sum_3m,descendant_quality,lift,S_D_090,3.796672667602899,516733,0.03753707714461551
primary,2025-07,future_child_download_quality_sum_3m,descendant_quality,lift,S_D_095,3.803388294254255,516733,0.03753707714461551
primary,2025-07,future_child_download_quality_sum_3m,descendant_quality,lift,S_D_099,3.8305008044608013,516733,0.03753707714461551
primary,2025-07,future_child_download_quality_sum_3m,descendant_quality,lift,S_MEM_01,3.3527540969458873,516733,0.03753707714461551
primary,2025-07,future_child_download_quality_sum_3m,descendant_quality,lift,S_MEM_03,3.7954992422500693,516733,0.03753707714461551
primary,2025-07,future_child_download_quality_sum_3m,descendant_quality,lift,S_MEM_06,3.7947298562031735,516733,0.03753707714461551
primary,2025-07,future_child_download_quality_sum_3m,descendant_quality,lift,S_MEM_12,3.836083055133374,516733,0.03753707714461551
primary,2025-07,future_child_download_quality_sum_3m,descendant_quality,lift,S_Q_000,3.109980392305487,516733,0.03753707714461551
primary,2025-07,future_child_download_quality_sum_3m,descendant_quality,lift,S_Q_005,3.7600505182989026,516733,0.03753707714461551
primary,2025-07,future_child_download_quality_sum_3m,descendant_quality,lift,S_Q_015,3.760050518298903,516733,0.03753707714461551
primary,2025-07,future_child_download_quality_sum_3m,descendant_quality,lift,S_Q_020,3.7600505182989026,516733,0.03753707714461551
primary,2025-07,future_child_download_quality_sum_3m,descendant_quality,lift,S_Q_030,3.7600505182989026,516733,0.03753707714461551
primary,2025-07,future_child_download_quality_sum_3m,descendant_quality,lift,S_Q_040,3.760050518298903,516733,0.03753707714461551
primary,2025-07,future_child_download_quality_sum_3m,descendant_quality,lift,S_Q_050,3.760050518298903,516733,0.03753707714461551
primary,2025-07,future_child_download_quality_sum_3m,descendant_quality,lift,S_Q_060,3.760050518298903,516733,0.03753707714461551
primary,2025-07,future_child_download_quality_sum_3m,descendant_quality,lift,S_Q_070,3.760050518298903,516733,0.03753707714461551
primary,2025-07,future_child_download_quality_sum_3m,descendant_quality,lift,S_Q_080,3.7600505182989026,516733,0.03753707714461551
primary,2025-07,future_child_download_quality_sum_3m,descendant_quality,lift,S_Q_090,3.760050518298903,516733,0.03753707714461551
primary,2025-07,future_child_download_quality_sum_3m,descendant_quality,lift,S_Q_100,3.705338701337315,516733,0.03753707714461551
primary,2025-07,future_child_download_quality_sum_3m,descendant_quality,lift,S_WD_000,3.601140628409918,516733,0.03753707714461551
primary,2025-07,future_child_download_quality_sum_3m,descendant_quality,lift,S_WD_025,3.9306637102531368,516733,0.03753707714461551
primary,2025-07,future_child_download_quality_sum_3m,descendant_quality,lift,S_WD_075,3.745733677330824,516733,0.03753707714461551
primary,2025-07,future_child_download_quality_sum_3m,descendant_quality,lift,S_WD_100,3.667766196181195,516733,0.03753707714461551
primary,2025-07,future_child_like_quality_sum_3m,descendant_quality,lift,S_C3_Q10,5.3790590298184915,516733,0.0018854431901700653
primary,2025-07,future_child_like_quality_sum_3m,descendant_quality,lift,AllTime DerivCount,5.233727362322254,516733,0.0018854431901700653
primary,2025-07,future_child_like_quality_sum_3m,descendant_quality,lift,Current DerivCount,3.3904388894041015,516733,0.0018854431901700653
primary,2025-07,future_child_like_quality_sum_3m,descendant_quality,lift,Vanilla PageRank,5.233727362322254,516733,0.0018854431901700653
primary,2025-07,future_child_like_quality_sum_3m,descendant_quality,lift,Downloads,3.1583562896623234,516733,0.0018854431901700653
primary,2025-07,future_child_like_quality_sum_3m,descendant_quality,lift,Likes,5.185286495752723,516733,0.0018854431901700653
primary,2025-07,future_child_like_quality_sum_3m,descendant_quality,lift,MTPR_time_safe_typed,5.0665591568016675,516733,0.0018854431901700653
primary,2025-07,future_child_like_quality_sum_3m,descendant_quality,lift,Simplified_MTPR_time_safe_typed,4.9888353755145145,516733,0.0018854431901700653
primary,2025-07,future_child_like_quality_sum_3m,descendant_quality,lift,No-Propagation ModelRank,5.038636364669294,516733,0.0018854431901700653
primary,2025-07,future_child_like_quality_sum_3m,descendant_quality,lift,EventValue_time_safe_typed,3.3904388894041015,516733,0.0018854431901700653
primary,2025-07,future_child_like_quality_sum_3m,descendant_quality,lift,No child quality,5.102131291912224,516733,0.0018854431901700653
primary,2025-07,future_child_like_quality_sum_3m,descendant_quality,lift,No type weight,5.102131291912224,516733,0.0018854431901700653
primary,2025-07,future_child_like_quality_sum_3m,descendant_quality,lift,No parent size,5.009643740624777,516733,0.0018854431901700653
primary,2025-07,future_child_like_quality_sum_3m,descendant_quality,lift,No quality teleport,5.010225295692094,516733,0.0018854431901700653
primary,2025-07,future_child_like_quality_sum_3m,descendant_quality,lift,No PageRank propagation,4.917691105293402,516733,0.0018854431901700653
primary,2025-07,future_child_like_quality_sum_3m,descendant_quality,lift,No temporal inheritance,5.038636364669293,516733,0.0018854431901700653
primary,2025-07,future_child_like_quality_sum_3m,descendant_quality,lift,No event injection,4.97702435951428,516733,0.0018854431901700653
primary,2025-07,future_child_like_quality_sum_3m,descendant_quality,lift,S_D_000,5.038636364669294,516733,0.0018854431901700653
primary,2025-07,future_child_like_quality_sum_3m,descendant_quality,lift,S_D_025,5.271133705464831,516733,0.0018854431901700653
primary,2025-07,future_child_like_quality_sum_3m,descendant_quality,lift,S_D_050,5.332210794663773,516733,0.0018854431901700653
primary,2025-07,future_child_like_quality_sum_3m,descendant_quality,lift,S_D_065,5.361877421774212,516733,0.0018854431901700653
primary,2025-07,future_child_like_quality_sum_3m,descendant_quality,lift,S_D_075,5.376106275818435,516733,0.0018854431901700653
primary,2025-07,future_child_like_quality_sum_3m,descendant_quality,lift,S_D_090,5.407516737906938,516733,0.0018854431901700653
primary,2025-07,future_child_like_quality_sum_3m,descendant_quality,lift,S_D_095,5.4075167379069375,516733,0.0018854431901700653
primary,2025-07,future_child_like_quality_sum_3m,descendant_quality,lift,S_D_099,5.421745591951161,516733,0.0018854431901700653
primary,2025-07,future_child_like_quality_sum_3m,descendant_quality,lift,S_MEM_01,5.038636364669294,516733,0.0018854431901700653
primary,2025-07,future_child_like_quality_sum_3m,descendant_quality,lift,S_MEM_03,5.593700759503826,516733,0.0018854431901700653
primary,2025-07,future_child_like_quality_sum_3m,descendant_quality,lift,S_MEM_06,5.539738097326994,516733,0.0018854431901700653
primary,2025-07,future_child_like_quality_sum_3m,descendant_quality,lift,S_MEM_12,5.4116784109289915,516733,0.0018854431901700653
primary,2025-07,future_child_like_quality_sum_3m,descendant_quality,lift,S_Q_000,3.7418083381033305,516733,0.0018854431901700653
primary,2025-07,future_child_like_quality_sum_3m,descendant_quality,lift,S_Q_005,5.379059029818493,516733,0.0018854431901700653
primary,2025-07,future_child_like_quality_sum_3m,descendant_quality,lift,S_Q_015,5.3790590298184915,516733,0.0018854431901700653
primary,2025-07,future_child_like_quality_sum_3m,descendant_quality,lift,S_Q_020,5.3790590298184915,516733,0.0018854431901700653
primary,2025-07,future_child_like_quality_sum_3m,descendant_quality,lift,S_Q_030,5.379059029818493,516733,0.0018854431901700653
primary,2025-07,future_child_like_quality_sum_3m,descendant_quality,lift,S_Q_040,5.379059029818493,516733,0.0018854431901700653
primary,2025-07,future_child_like_quality_sum_3m,descendant_quality,lift,S_Q_050,5.379059029818493,516733,0.0018854431901700653
primary,2025-07,future_child_like_quality_sum_3m,descendant_quality,lift,S_Q_060,5.379059029818493,516733,0.0018854431901700653
primary,2025-07,future_child_like_quality_sum_3m,descendant_quality,lift,S_Q_070,5.3790590298184915,516733,0.0018854431901700653
primary,2025-07,future_child_like_quality_sum_3m,descendant_quality,lift,S_Q_080,5.3790590298184915,516733,0.0018854431901700653
primary,2025-07,future_child_like_quality_sum_3m,descendant_quality,lift,S_Q_090,5.379059029818493,516733,0.0018854431901700653
primary,2025-07,future_child_like_quality_sum_3m,descendant_quality,lift,S_Q_100,5.315029186619491,516733,0.0018854431901700653
primary,2025-07,future_child_like_quality_sum_3m,descendant_quality,lift,S_WD_000,5.57188339299072,516733,0.0018854431901700653
primary,2025-07,future_child_like_quality_sum_3m,descendant_quality,lift,S_WD_025,5.669741536322213,516733,0.0018854431901700653
primary,2025-07,future_child_like_quality_sum_3m,descendant_quality,lift,S_WD_075,5.188175378234677,516733,0.0018854431901700653
primary,2025-07,future_child_like_quality_sum_3m,descendant_quality,lift,S_WD_100,5.006065697614693,516733,0.0018854431901700653
primary,2025-07,future_high_download_child_count_3m,descendant_quality,lift,S_C3_Q10,3.3741874199054904,516733,0.0022081036047630013
primary,2025-07,future_high_download_child_count_3m,descendant_quality,lift,AllTime DerivCount,3.6809317308059897,516733,0.0022081036047630013
primary,2025-07,future_high_download_child_count_3m,descendant_quality,lift,Current DerivCount,2.883396522464692,516733,0.0022081036047630013
primary,2025-07,future_high_download_child_count_3m,descendant_quality,lift,Vanilla PageRank,3.6809317308059897,516733,0.0022081036047630013
primary,2025-07,future_high_download_child_count_3m,descendant_quality,lift,Downloads,2.059568944617637,516733,0.0022081036047630013
primary,2025-07,future_high_download_child_count_3m,descendant_quality,lift,Likes,3.0937354785107485,516733,0.0022081036047630013
primary,2025-07,future_high_download_child_count_3m,descendant_quality,lift,MTPR_time_safe_typed,3.2777820650510483,516733,0.0022081036047630013
primary,2025-07,future_high_download_child_count_3m,descendant_quality,lift,Simplified_MTPR_time_safe_typed,3.2164332028709484,516733,0.0022081036047630013
primary,2025-07,future_high_download_child_count_3m,descendant_quality,lift,No-Propagation ModelRank,3.2602538187138768,516733,0.0022081036047630013
primary,2025-07,future_high_download_child_count_3m,descendant_quality,lift,EventValue_time_safe_typed,2.883396522464692,516733,0.0022081036047630013
primary,2025-07,future_high_download_child_count_3m,descendant_quality,lift,No child quality,3.3303668040625625,516733,0.0022081036047630013
primary,2025-07,future_high_download_child_count_3m,descendant_quality,lift,No type weight,3.3303668040625625,516733,0.0022081036047630013
primary,2025-07,future_high_download_child_count_3m,descendant_quality,lift,No parent size,3.2164332028709484,516733,0.0022081036047630013
primary,2025-07,future_high_download_child_count_3m,descendant_quality,lift,No quality teleport,3.5582340064457902,516733,0.0022081036047630013
primary,2025-07,future_high_download_child_count_3m,descendant_quality,lift,No PageRank propagation,3.0148583699934774,516733,0.0022081036047630013
primary,2025-07,future_high_download_child_count_3m,descendant_quality,lift,No temporal inheritance,3.2777820650510483,516733,0.0022081036047630013
primary,2025-07,future_high_download_child_count_3m,descendant_quality,lift,No event injection,3.1813767101966057,516733,0.0022081036047630013
primary,2025-07,future_high_download_child_count_3m,descendant_quality,lift,S_D_000,3.2602538187138768,516733,0.0022081036047630013
primary,2025-07,future_high_download_child_count_3m,descendant_quality,lift,S_D_025,3.391715666242662,516733,0.0022081036047630013
primary,2025-07,future_high_download_child_count_3m,descendant_quality,lift,S_D_050,3.391715666242662,516733,0.0022081036047630013
primary,2025-07,future_high_download_child_count_3m,descendant_quality,lift,S_D_065,3.339130927231148,516733,0.0022081036047630013
primary,2025-07,future_high_download_child_count_3m,descendant_quality,lift,S_D_075,3.3478950503997336,516733,0.0022081036047630013
primary,2025-07,future_high_download_child_count_3m,descendant_quality,lift,S_D_090,3.435536282085591,516733,0.0022081036047630013
primary,2025-07,future_high_download_child_count_3m,descendant_quality,lift,S_D_095,3.435536282085591,516733,0.0022081036047630013
primary,2025-07,future_high_download_child_count_3m,descendant_quality,lift,S_D_099,3.444300405254176,516733,0.0022081036047630013
primary,2025-07,future_high_download_child_count_3m,descendant_quality,lift,S_MEM_01,3.2602538187138768,516733,0.0022081036047630013
primary,2025-07,future_high_download_child_count_3m,descendant_quality,lift,S_MEM_03,3.8912706868520464,516733,0.0022081036047630013
primary,2025-07,future_high_download_child_count_3m,descendant_quality,lift,S_MEM_06,3.8123935783347753,516733,0.0022081036047630013
primary,2025-07,future_high_download_child_count_3m,descendant_quality,lift,S_MEM_12,3.4881210210971045,516733,0.0022081036047630013
primary,2025-07,future_high_download_child_count_3m,descendant_quality,lift,S_Q_000,3.0411507394992348,516733,0.0022081036047630013
primary,2025-07,future_high_download_child_count_3m,descendant_quality,lift,S_Q_005,3.3741874199054904,516733,0.0022081036047630013
primary,2025-07,future_high_download_child_count_3m,descendant_quality,lift,S_Q_015,3.3741874199054904,516733,0.0022081036047630013
primary,2025-07,future_high_download_child_count_3m,descendant_quality,lift,S_Q_020,3.3741874199054904,516733,0.0022081036047630013
primary,2025-07,future_high_download_child_count_3m,descendant_quality,lift,S_Q_030,3.3741874199054904,516733,0.0022081036047630013
primary,2025-07,future_high_download_child_count_3m,descendant_quality,lift,S_Q_040,3.3741874199054904,516733,0.0022081036047630013
primary,2025-07,future_high_download_child_count_3m,descendant_quality,lift,S_Q_050,3.3741874199054904,516733,0.0022081036047630013
primary,2025-07,future_high_download_child_count_3m,descendant_quality,lift,S_Q_060,3.3741874199054904,516733,0.0022081036047630013
primary,2025-07,future_high_download_child_count_3m,descendant_quality,lift,S_Q_070,3.3741874199054904,516733,0.0022081036047630013
primary,2025-07,future_high_download_child_count_3m,descendant_quality,lift,S_Q_080,3.3741874199054904,516733,0.0022081036047630013
primary,2025-07,future_high_download_child_count_3m,descendant_quality,lift,S_Q_090,3.3741874199054904,516733,0.0022081036047630013
primary,2025-07,future_high_download_child_count_3m,descendant_quality,lift,S_Q_100,3.29531031138822,516733,0.0022081036047630013
primary,2025-07,future_high_download_child_count_3m,descendant_quality,lift,S_WD_000,3.654639361300233,516733,0.0022081036047630013
primary,2025-07,future_high_download_child_count_3m,descendant_quality,lift,S_WD_025,3.6283469917944755,516733,0.0022081036047630013
primary,2025-07,future_high_download_child_count_3m,descendant_quality,lift,S_WD_075,3.382951543074076,516733,0.0022081036047630013
primary,2025-07,future_high_download_child_count_3m,descendant_quality,lift,S_WD_100,3.2777820650510483,516733,0.0022081036047630013
primary,2025-07,future_high_like_child_count_3m,descendant_quality,lift,S_C3_Q10,5.125788686315343,516733,0.0016913957498359887
primary,2025-07,future_high_like_child_count_3m,descendant_quality,lift,AllTime DerivCount,5.182996149332256,516733,0.0016913957498359887
primary,2025-07,future_high_like_child_count_3m,descendant_quality,lift,Current DerivCount,3.134968973326795,516733,0.0016913957498359887
primary,2025-07,future_high_like_child_count_3m,descendant_quality,lift,Vanilla PageRank,5.182996149332256,516733,0.0016913957498359887
primary,2025-07,future_high_like_child_count_3m,descendant_quality,lift,Downloads,2.917580613862528,516733,0.0016913957498359887
primary,2025-07,future_high_like_child_count_3m,descendant_quality,lift,Likes,4.725336445196958,516733,0.0016913957498359887
primary,2025-07,future_high_like_child_count_3m,descendant_quality,lift,MTPR_time_safe_typed,4.69101196738681,516733,0.0016913957498359887
primary,2025-07,future_high_like_child_count_3m,descendant_quality,lift,Simplified_MTPR_time_safe_typed,4.59948002655975,516733,0.0016913957498359887
primary,2025-07,future_high_like_child_count_3m,descendant_quality,lift,No-Propagation ModelRank,4.679570474783427,516733,0.0016913957498359887
primary,2025-07,future_high_like_child_count_3m,descendant_quality,lift,EventValue_time_safe_typed,3.134968973326795,516733,0.0016913957498359887
primary,2025-07,future_high_like_child_count_3m,descendant_quality,lift,No child quality,4.748219430403721,516733,0.0016913957498359887
primary,2025-07,future_high_like_child_count_3m,descendant_quality,lift,No type weight,4.748219430403721,516733,0.0016913957498359887
primary,2025-07,future_high_like_child_count_3m,descendant_quality,lift,No parent size,4.59948002655975,516733,0.0016913957498359887
primary,2025-07,future_high_like_child_count_3m,descendant_quality,lift,No quality teleport,4.9541662972646066,516733,0.0016913957498359887
primary,2025-07,future_high_like_child_count_3m,descendant_quality,lift,No PageRank propagation,4.485065100525926,516733,0.0016913957498359887
primary,2025-07,future_high_like_child_count_3m,descendant_quality,lift,No temporal inheritance,4.679570474783427,516733,0.0016913957498359887
primary,2025-07,future_high_like_child_count_3m,descendant_quality,lift,No event injection,4.55371405614622,516733,0.0016913957498359887
primary,2025-07,future_high_like_child_count_3m,descendant_quality,lift,S_D_000,4.679570474783427,516733,0.0016913957498359887
primary,2025-07,future_high_like_child_count_3m,descendant_quality,lift,S_D_025,4.965607789867989,516733,0.0016913957498359887
primary,2025-07,future_high_like_child_count_3m,descendant_quality,lift,S_D_050,5.057139730695049,516733,0.0016913957498359887
primary,2025-07,future_high_like_child_count_3m,descendant_quality,lift,S_D_065,5.091464208505196,516733,0.0016913957498359887
primary,2025-07,future_high_like_child_count_3m,descendant_quality,lift,S_D_075,5.114347193711961,516733,0.0016913957498359887
primary,2025-07,future_high_like_child_count_3m,descendant_quality,lift,S_D_090,5.171554656728873,516733,0.0016913957498359887
primary,2025-07,future_high_like_child_count_3m,descendant_quality,lift,S_D_095,5.171554656728873,516733,0.0016913957498359887
primary,2025-07,future_high_like_child_count_3m,descendant_quality,lift,S_D_099,5.194437641935638,516733,0.0016913957498359887
primary,2025-07,future_high_like_child_count_3m,descendant_quality,lift,S_MEM_01,4.679570474783427,516733,0.0016913957498359887
primary,2025-07,future_high_like_child_count_3m,descendant_quality,lift,S_MEM_03,5.423267494003288,516733,0.0016913957498359887
primary,2025-07,future_high_like_child_count_3m,descendant_quality,lift,S_MEM_06,5.354618538382993,516733,0.0016913957498359887
primary,2025-07,future_high_like_child_count_3m,descendant_quality,lift,S_MEM_12,5.171554656728873,516733,0.0016913957498359887
primary,2025-07,future_high_like_child_count_3m,descendant_quality,lift,S_Q_000,3.443889273618121,516733,0.0016913957498359887
primary,2025-07,future_high_like_child_count_3m,descendant_quality,lift,S_Q_005,5.125788686315343,516733,0.0016913957498359887
primary,2025-07,future_high_like_child_count_3m,descendant_quality,lift,S_Q_015,5.125788686315343,516733,0.0016913957498359887
primary,2025-07,future_high_like_child_count_3m,descendant_quality,lift,S_Q_020,5.125788686315343,516733,0.0016913957498359887
primary,2025-07,future_high_like_child_count_3m,descendant_quality,lift,S_Q_030,5.125788686315343,516733,0.0016913957498359887
primary,2025-07,future_high_like_child_count_3m,descendant_quality,lift,S_Q_040,5.125788686315343,516733,0.0016913957498359887
primary,2025-07,future_high_like_child_count_3m,descendant_quality,lift,S_Q_050,5.125788686315343,516733,0.0016913957498359887
primary,2025-07,future_high_like_child_count_3m,descendant_quality,lift,S_Q_060,5.125788686315343,516733,0.0016913957498359887
primary,2025-07,future_high_like_child_count_3m,descendant_quality,lift,S_Q_070,5.125788686315343,516733,0.0016913957498359887
primary,2025-07,future_high_like_child_count_3m,descendant_quality,lift,S_Q_080,5.125788686315343,516733,0.0016913957498359887
primary,2025-07,future_high_like_child_count_3m,descendant_quality,lift,S_Q_090,5.125788686315343,516733,0.0016913957498359887
primary,2025-07,future_high_like_child_count_3m,descendant_quality,lift,S_Q_100,5.022815252884901,516733,0.0016913957498359887
primary,2025-07,future_high_like_child_count_3m,descendant_quality,lift,S_WD_000,5.308852567969463,516733,0.0016913957498359887
primary,2025-07,future_high_like_child_count_3m,descendant_quality,lift,S_WD_025,5.3889430161931395,516733,0.0016913957498359887
primary,2025-07,future_high_like_child_count_3m,descendant_quality,lift,S_WD_075,4.999932267678137,516733,0.0016913957498359887
primary,2025-07,future_high_like_child_count_3m,descendant_quality,lift,S_WD_100,4.839751371230782,516733,0.0016913957498359887
primary,2025-07,future_nonzero_like_child_share_3m,descendant_quality,lift,S_C3_Q10,4.620407511426431,516733,0.000937923815585388
primary,2025-07,future_nonzero_like_child_share_3m,descendant_quality,lift,AllTime DerivCount,4.655655388938014,516733,0.000937923815585388
primary,2025-07,future_nonzero_like_child_share_3m,descendant_quality,lift,Current DerivCount,2.3743982771576246,516733,0.000937923815585388
primary,2025-07,future_nonzero_like_child_share_3m,descendant_quality,lift,Vanilla PageRank,4.655655388938013,516733,0.000937923815585388
primary,2025-07,future_nonzero_like_child_share_3m,descendant_quality,lift,Downloads,2.7053101017274455,516733,0.000937923815585388
primary,2025-07,future_nonzero_like_child_share_3m,descendant_quality,lift,Likes,4.133814860900692,516733,0.000937923815585388
primary,2025-07,future_nonzero_like_child_share_3m,descendant_quality,lift,MTPR_time_safe_typed,4.035808567331904,516733,0.000937923815585388
primary,2025-07,future_nonzero_like_child_share_3m,descendant_quality,lift,Simplified_MTPR_time_safe_typed,3.863234235073659,516733,0.000937923815585388
primary,2025-07,future_nonzero_like_child_share_3m,descendant_quality,lift,No-Propagation ModelRank,4.0076645624381895,516733,0.000937923815585388
primary,2025-07,future_nonzero_like_child_share_3m,descendant_quality,lift,EventValue_time_safe_typed,2.3743982771576246,516733,0.000937923815585388
primary,2025-07,future_nonzero_like_child_share_3m,descendant_quality,lift,No child quality,4.09770727905956,516733,0.000937923815585388
primary,2025-07,future_nonzero_like_child_share_3m,descendant_quality,lift,No type weight,4.09770727905956,516733,0.000937923815585388
primary,2025-07,future_nonzero_like_child_share_3m,descendant_quality,lift,No parent size,3.891378239967374,516733,0.000937923815585388
primary,2025-07,future_nonzero_like_child_share_3m,descendant_quality,lift,No quality teleport,4.382269412140866,516733,0.000937923815585388
primary,2025-07,future_nonzero_like_child_share_3m,descendant_quality,lift,No PageRank propagation,3.7417896866255393,516733,0.000937923815585388
primary,2025-07,future_nonzero_like_child_share_3m,descendant_quality,lift,No temporal inheritance,4.0076645624381895,516733,0.000937923815585388
primary,2025-07,future_nonzero_like_child_share_3m,descendant_quality,lift,No event injection,3.8294795282397183,516733,0.000937923815585388
primary,2025-07,future_nonzero_like_child_share_3m,descendant_quality,lift,S_D_000,4.0076645624381895,516733,0.000937923815585388
primary,2025-07,future_nonzero_like_child_share_3m,descendant_quality,lift,S_D_025,4.40892024635694,516733,0.000937923815585388
primary,2025-07,future_nonzero_like_child_share_3m,descendant_quality,lift,S_D_050,4.544753530425963,516733,0.000937923815585388
primary,2025-07,future_nonzero_like_child_share_3m,descendant_quality,lift,S_D_065,4.5997746075172135,516733,0.000937923815585388
primary,2025-07,future_nonzero_like_child_share_3m,descendant_quality,lift,S_D_075,4.620407511426431,516733,0.000937923815585388
primary,2025-07,future_nonzero_like_child_share_3m,descendant_quality,lift,S_D_090,4.661673319244869,516733,0.000937923815585388
primary,2025-07,future_nonzero_like_child_share_3m,descendant_quality,lift,S_D_095,4.661673319244868,516733,0.000937923815585388
primary,2025-07,future_nonzero_like_child_share_3m,descendant_quality,lift,S_D_099,4.702939127063306,516733,0.000937923815585388
primary,2025-07,future_nonzero_like_child_share_3m,descendant_quality,lift,S_MEM_01,4.0076645624381895,516733,0.000937923815585388
primary,2025-07,future_nonzero_like_child_share_3m,descendant_quality,lift,S_MEM_03,4.97288628654225,516733,0.000937923815585388
primary,2025-07,future_nonzero_like_child_share_3m,descendant_quality,lift,S_MEM_06,4.87316058431436,516733,0.000937923815585388
primary,2025-07,future_nonzero_like_child_share_3m,descendant_quality,lift,S_MEM_12,4.6719897711994784,516733,0.000937923815585388
primary,2025-07,future_nonzero_like_child_share_3m,descendant_quality,lift,S_Q_000,2.663258931886685,516733,0.000937923815585388
primary,2025-07,future_nonzero_like_child_share_3m,descendant_quality,lift,S_Q_005,4.620407511426431,516733,0.000937923815585388
primary,2025-07,future_nonzero_like_child_share_3m,descendant_quality,lift,S_Q_015,4.620407511426431,516733,0.000937923815585388
primary,2025-07,future_nonzero_like_child_share_3m,descendant_quality,lift,S_Q_020,4.620407511426431,516733,0.000937923815585388
primary,2025-07,future_nonzero_like_child_share_3m,descendant_quality,lift,S_Q_030,4.620407511426431,516733,0.000937923815585388
primary,2025-07,future_nonzero_like_child_share_3m,descendant_quality,lift,S_Q_040,4.620407511426431,516733,0.000937923815585388
primary,2025-07,future_nonzero_like_child_share_3m,descendant_quality,lift,S_Q_050,4.620407511426431,516733,0.000937923815585388
primary,2025-07,future_nonzero_like_child_share_3m,descendant_quality,lift,S_Q_060,4.620407511426431,516733,0.000937923815585388
primary,2025-07,future_nonzero_like_child_share_3m,descendant_quality,lift,S_Q_070,4.620407511426431,516733,0.000937923815585388
primary,2025-07,future_nonzero_like_child_share_3m,descendant_quality,lift,S_Q_080,4.620407511426431,516733,0.000937923815585388
primary,2025-07,future_nonzero_like_child_share_3m,descendant_quality,lift,S_Q_090,4.620407511426431,516733,0.000937923815585388
primary,2025-07,future_nonzero_like_child_share_3m,descendant_quality,lift,S_Q_100,4.455344280152683,516733,0.000937923815585388
primary,2025-07,future_nonzero_like_child_share_3m,descendant_quality,lift,S_WD_000,4.835333593814125,516733,0.000937923815585388
primary,2025-07,future_nonzero_like_child_share_3m,descendant_quality,lift,S_WD_025,5.065734354133734,516733,0.000937923815585388
primary,2025-07,future_nonzero_like_child_share_3m,descendant_quality,lift,S_WD_075,4.457407570543604,516733,0.000937923815585388
primary,2025-07,future_nonzero_like_child_share_3m,descendant_quality,lift,S_WD_100,4.351663938008859,516733,0.000937923815585388
primary,2025-07,future_nonzero_download_child_share_3m,descendant_quality,lift,S_C3_Q10,3.8402629480257193,516733,0.0038851673796701045
primary,2025-07,future_nonzero_download_child_share_3m,descendant_quality,lift,AllTime DerivCount,3.8402629480257193,516733,0.0038851673796701045
primary,2025-07,future_nonzero_download_child_share_3m,descendant_quality,lift,Current DerivCount,2.5374335171303057,516733,0.0038851673796701045
primary,2025-07,future_nonzero_download_child_share_3m,descendant_quality,lift,Vanilla PageRank,3.8402629480257184,516733,0.0038851673796701045
primary,2025-07,future_nonzero_download_child_share_3m,descendant_quality,lift,Downloads,2.590388736933592,516733,0.0038851673796701045
primary,2025-07,future_nonzero_download_child_share_3m,descendant_quality,lift,Likes,3.4140928350745487,516733,0.0038851673796701045
primary,2025-07,future_nonzero_download_child_share_3m,descendant_quality,lift,MTPR_time_safe_typed,3.4928368831017926,516733,0.0038851673796701045
primary,2025-07,future_nonzero_download_child_share_3m,descendant_quality,lift,Simplified_MTPR_time_safe_typed,3.377858364602477,516733,0.0038851673796701045
primary,2025-07,future_nonzero_download_child_share_3m,descendant_quality,lift,No-Propagation ModelRank,3.4475926285298604,516733,0.0038851673796701045
primary,2025-07,future_nonzero_download_child_share_3m,descendant_quality,lift,EventValue_time_safe_typed,2.5374335171303057,516733,0.0038851673796701045
primary,2025-07,future_nonzero_download_child_share_3m,descendant_quality,lift,No child quality,3.5575901281772198,516733,0.0038851673796701045
primary,2025-07,future_nonzero_download_child_share_3m,descendant_quality,lift,No type weight,3.5451375810473302,516733,0.0038851673796701045
primary,2025-07,future_nonzero_download_child_share_3m,descendant_quality,lift,No parent size,3.4106500720445205,516733,0.0038851673796701045
primary,2025-07,future_nonzero_download_child_share_3m,descendant_quality,lift,No quality teleport,3.6846061089020967,516733,0.0038851673796701045
primary,2025-07,future_nonzero_download_child_share_3m,descendant_quality,lift,No PageRank propagation,3.2761625630417104,516733,0.0038851673796701045
primary,2025-07,future_nonzero_download_child_share_3m,descendant_quality,lift,No temporal inheritance,3.4575546662337717,516733,0.0038851673796701045
primary,2025-07,future_nonzero_download_child_share_3m,descendant_quality,lift,No event injection,3.380763958932785,516733,0.0038851673796701045
primary,2025-07,future_nonzero_download_child_share_3m,descendant_quality,lift,S_D_000,3.4475926285298604,516733,0.0038851673796701045
primary,2025-07,future_nonzero_download_child_share_3m,descendant_quality,lift,S_D_025,3.7418878256995898,516733,0.0038851673796701045
primary,2025-07,future_nonzero_download_child_share_3m,descendant_quality,lift,S_D_050,3.8128673443399617,516733,0.0038851673796701045
primary,2025-07,future_nonzero_download_child_share_3m,descendant_quality,lift,S_D_065,3.8128673443399617,516733,0.0038851673796701045
primary,2025-07,future_nonzero_download_child_share_3m,descendant_quality,lift,S_D_075,3.8178483631919176,516733,0.0038851673796701045
primary,2025-07,future_nonzero_download_child_share_3m,descendant_quality,lift,S_D_090,3.8701490611374547,516733,0.0038851673796701045
primary,2025-07,future_nonzero_download_child_share_3m,descendant_quality,lift,S_D_095,3.8850921176933224,516733,0.0038851673796701045
primary,2025-07,future_nonzero_download_child_share_3m,descendant_quality,lift,S_D_099,3.9099972119531023,516733,0.0038851673796701045
primary,2025-07,future_nonzero_download_child_share_3m,descendant_quality,lift,S_MEM_01,3.4475926285298604,516733,0.0038851673796701045
primary,2025-07,future_nonzero_download_child_share_3m,descendant_quality,lift,S_MEM_03,3.99841029657532,516733,0.0038851673796701045
primary,2025-07,future_nonzero_download_child_share_3m,descendant_quality,lift,S_MEM_06,4.013353353131187,516733,0.0038851673796701045
primary,2025-07,future_nonzero_download_child_share_3m,descendant_quality,lift,S_MEM_12,3.9149782308050582,516733,0.0038851673796701045
primary,2025-07,future_nonzero_download_child_share_3m,descendant_quality,lift,S_Q_000,2.6569779695772486,516733,0.0038851673796701045
primary,2025-07,future_nonzero_download_child_share_3m,descendant_quality,lift,S_Q_005,3.8402629480257193,516733,0.0038851673796701045
primary,2025-07,future_nonzero_download_child_share_3m,descendant_quality,lift,S_Q_015,3.8402629480257193,516733,0.0038851673796701045
primary,2025-07,future_nonzero_download_child_share_3m,descendant_quality,lift,S_Q_020,3.8402629480257193,516733,0.0038851673796701045
primary,2025-07,future_nonzero_download_child_share_3m,descendant_quality,lift,S_Q_030,3.8402629480257193,516733,0.0038851673796701045
primary,2025-07,future_nonzero_download_child_share_3m,descendant_quality,lift,S_Q_040,3.8402629480257193,516733,0.0038851673796701045
primary,2025-07,future_nonzero_download_child_share_3m,descendant_quality,lift,S_Q_050,3.8402629480257193,516733,0.0038851673796701045
primary,2025-07,future_nonzero_download_child_share_3m,descendant_quality,lift,S_Q_060,3.8402629480257193,516733,0.0038851673796701045
primary,2025-07,future_nonzero_download_child_share_3m,descendant_quality,lift,S_Q_070,3.8402629480257193,516733,0.0038851673796701045
primary,2025-07,future_nonzero_download_child_share_3m,descendant_quality,lift,S_Q_080,3.8402629480257193,516733,0.0038851673796701045
primary,2025-07,future_nonzero_download_child_share_3m,descendant_quality,lift,S_Q_090,3.8402629480257198,516733,0.0038851673796701045
primary,2025-07,future_nonzero_download_child_share_3m,descendant_quality,lift,S_Q_100,3.7705286840983363,516733,0.0038851673796701045
primary,2025-07,future_nonzero_download_child_share_3m,descendant_quality,lift,S_WD_000,3.8250268903609124,516733,0.0038851673796701045
primary,2025-07,future_nonzero_download_child_share_3m,descendant_quality,lift,S_WD_025,4.044191719846974,516733,0.0038851673796701045
primary,2025-07,future_nonzero_download_child_share_3m,descendant_quality,lift,S_WD_075,3.787962250080182,516733,0.0038851673796701045
primary,2025-07,future_nonzero_download_child_share_3m,descendant_quality,lift,S_WD_100,3.6908323824670415,516733,0.0038851673796701045
primary,2025-07,future_child_download_quality_mean_3m,descendant_quality,lift,S_C3_Q10,3.4777796307553794,516733,0.018769455033075286
primary,2025-07,future_child_download_quality_mean_3m,descendant_quality,lift,AllTime DerivCount,3.6446269606821526,516733,0.018769455033075286
primary,2025-07,future_child_download_quality_mean_3m,descendant_quality,lift,Current DerivCount,2.571685976446826,516733,0.018769455033075286
primary,2025-07,future_child_download_quality_mean_3m,descendant_quality,lift,Vanilla PageRank,3.6446269606821526,516733,0.018769455033075286
primary,2025-07,future_child_download_quality_mean_3m,descendant_quality,lift,Downloads,2.3885811180915755,516733,0.018769455033075286
primary,2025-07,future_child_download_quality_mean_3m,descendant_quality,lift,Likes,3.110462247989459,516733,0.018769455033075286
primary,2025-07,future_child_download_quality_mean_3m,descendant_quality,lift,MTPR_time_safe_typed,3.2585803772170268,516733,0.018769455033075286
primary,2025-07,future_child_download_quality_mean_3m,descendant_quality,lift,Simplified_MTPR_time_safe_typed,3.156500768513739,516733,0.018769455033075286
primary,2025-07,future_child_download_quality_mean_3m,descendant_quality,lift,No-Propagation ModelRank,3.2316011768129402,516733,0.018769455033075286
primary,2025-07,future_child_download_quality_mean_3m,descendant_quality,lift,EventValue_time_safe_typed,2.571685976446826,516733,0.018769455033075286
primary,2025-07,future_child_download_quality_mean_3m,descendant_quality,lift,No child quality,3.312634897959512,516733,0.018769455033075286
primary,2025-07,future_child_download_quality_mean_3m,descendant_quality,lift,No type weight,3.3046933356439596,516733,0.018769455033075286
primary,2025-07,future_child_download_quality_mean_3m,descendant_quality,lift,No parent size,3.176037925309996,516733,0.018769455033075286
primary,2025-07,future_child_download_quality_mean_3m,descendant_quality,lift,No quality teleport,3.474602276942606,516733,0.018769455033075286
primary,2025-07,future_child_download_quality_mean_3m,descendant_quality,lift,No PageRank propagation,3.013642633916461,516733,0.018769455033075286
primary,2025-07,future_child_download_quality_mean_3m,descendant_quality,lift,No temporal inheritance,3.2427119903191666,516733,0.018769455033075286
primary,2025-07,future_child_download_quality_mean_3m,descendant_quality,lift,No event injection,3.141454001501378,516733,0.018769455033075286
primary,2025-07,future_child_download_quality_mean_3m,descendant_quality,lift,S_D_000,3.2316011768129402,516733,0.018769455033075286
primary,2025-07,future_child_download_quality_mean_3m,descendant_quality,lift,S_D_025,3.4319368663346137,516733,0.018769455033075286
primary,2025-07,future_child_download_quality_mean_3m,descendant_quality,lift,S_D_050,3.460812353919582,516733,0.018769455033075286
primary,2025-07,future_child_download_quality_mean_3m,descendant_quality,lift,S_D_065,3.4478302489793187,516733,0.018769455033075286
primary,2025-07,future_child_download_quality_mean_3m,descendant_quality,lift,S_D_075,3.4578233879370273,516733,0.018769455033075286
primary,2025-07,future_child_download_quality_mean_3m,descendant_quality,lift,S_D_090,3.5198614879502026,516733,0.018769455033075286
primary,2025-07,future_child_download_quality_mean_3m,descendant_quality,lift,S_D_095,3.533292085441828,516733,0.018769455033075286
primary,2025-07,future_child_download_quality_mean_3m,descendant_quality,lift,S_D_099,3.553973240978245,516733,0.018769455033075286
primary,2025-07,future_child_download_quality_mean_3m,descendant_quality,lift,S_MEM_01,3.2316011768129402,516733,0.018769455033075286
primary,2025-07,future_child_download_quality_mean_3m,descendant_quality,lift,S_MEM_03,3.7976223054772573,516733,0.018769455033075286
primary,2025-07,future_child_download_quality_mean_3m,descendant_quality,lift,S_MEM_06,3.7674167804826326,516733,0.018769455033075286
primary,2025-07,future_child_download_quality_mean_3m,descendant_quality,lift,S_MEM_12,3.5692641478188114,516733,0.018769455033075286
primary,2025-07,future_child_download_quality_mean_3m,descendant_quality,lift,S_Q_000,2.695141471143275,516733,0.018769455033075286
primary,2025-07,future_child_download_quality_mean_3m,descendant_quality,lift,S_Q_005,3.4777796307553794,516733,0.018769455033075286
primary,2025-07,future_child_download_quality_mean_3m,descendant_quality,lift,S_Q_015,3.4777796307553794,516733,0.018769455033075286
primary,2025-07,future_child_download_quality_mean_3m,descendant_quality,lift,S_Q_020,3.4777796307553794,516733,0.018769455033075286
primary,2025-07,future_child_download_quality_mean_3m,descendant_quality,lift,S_Q_030,3.4777796307553794,516733,0.018769455033075286
primary,2025-07,future_child_download_quality_mean_3m,descendant_quality,lift,S_Q_040,3.4777796307553794,516733,0.018769455033075286
primary,2025-07,future_child_download_quality_mean_3m,descendant_quality,lift,S_Q_050,3.4777796307553794,516733,0.018769455033075286
primary,2025-07,future_child_download_quality_mean_3m,descendant_quality,lift,S_Q_060,3.4777796307553794,516733,0.018769455033075286
primary,2025-07,future_child_download_quality_mean_3m,descendant_quality,lift,S_Q_070,3.4777796307553794,516733,0.018769455033075286
primary,2025-07,future_child_download_quality_mean_3m,descendant_quality,lift,S_Q_080,3.4777796307553794,516733,0.018769455033075286
primary,2025-07,future_child_download_quality_mean_3m,descendant_quality,lift,S_Q_090,3.4777796307553794,516733,0.018769455033075286
primary,2025-07,future_child_download_quality_mean_3m,descendant_quality,lift,S_Q_100,3.3934929088832435,516733,0.018769455033075286
primary,2025-07,future_child_download_quality_mean_3m,descendant_quality,lift,S_WD_000,3.5624483967499554,516733,0.018769455033075286
primary,2025-07,future_child_download_quality_mean_3m,descendant_quality,lift,S_WD_025,3.715073573375561,516733,0.018769455033075286
primary,2025-07,future_child_download_quality_mean_3m,descendant_quality,lift,S_WD_075,3.4601183525926644,516733,0.018769455033075286
primary,2025-07,future_child_download_quality_mean_3m,descendant_quality,lift,S_WD_100,3.3699479206733316,516733,0.018769455033075286
primary,2025-07,future_child_download_quality_median_3m,descendant_quality,lift,S_C3_Q10,3.478911618614677,516733,0.018780919314425125
primary,2025-07,future_child_download_quality_median_3m,descendant_quality,lift,AllTime DerivCount,3.645065661158248,516733,0.018780919314425125
primary,2025-07,future_child_download_quality_median_3m,descendant_quality,lift,Current DerivCount,2.567275990426815,516733,0.018780919314425125
primary,2025-07,future_child_download_quality_median_3m,descendant_quality,lift,Vanilla PageRank,3.645065661158248,516733,0.018780919314425125
primary,2025-07,future_child_download_quality_median_3m,descendant_quality,lift,Downloads,2.383485198356648,516733,0.018780919314425125
primary,2025-07,future_child_download_quality_median_3m,descendant_quality,lift,Likes,3.106890183356049,516733,0.018780919314425125
primary,2025-07,future_child_download_quality_median_3m,descendant_quality,lift,MTPR_time_safe_typed,3.2567925675015412,516733,0.018780919314425125
primary,2025-07,future_child_download_quality_median_3m,descendant_quality,lift,Simplified_MTPR_time_safe_typed,3.1557282012153194,516733,0.018780919314425125
primary,2025-07,future_child_download_quality_median_3m,descendant_quality,lift,No-Propagation ModelRank,3.230700340995925,516733,0.018780919314425125
primary,2025-07,future_child_download_quality_median_3m,descendant_quality,lift,EventValue_time_safe_typed,2.567275990426815,516733,0.018780919314425125
primary,2025-07,future_child_download_quality_median_3m,descendant_quality,lift,No child quality,3.3132357346247447,516733,0.018780919314425125
primary,2025-07,future_child_download_quality_median_3m,descendant_quality,lift,No type weight,3.305191096685169,516733,0.018780919314425125
primary,2025-07,future_child_download_quality_median_3m,descendant_quality,lift,No parent size,3.1745081719534793,516733,0.018780919314425125
primary,2025-07,future_child_download_quality_median_3m,descendant_quality,lift,No quality teleport,3.4769547794976257,516733,0.018780919314425125
primary,2025-07,future_child_download_quality_median_3m,descendant_quality,lift,No PageRank propagation,3.012109099491607,516733,0.018780919314425125
primary,2025-07,future_child_download_quality_median_3m,descendant_quality,lift,No temporal inheritance,3.241804372220095,516733,0.018780919314425125
primary,2025-07,future_child_download_quality_median_3m,descendant_quality,lift,No event injection,3.139945358923631,516733,0.018780919314425125
primary,2025-07,future_child_download_quality_median_3m,descendant_quality,lift,S_D_000,3.2307003409959254,516733,0.018780919314425125
primary,2025-07,future_child_download_quality_median_3m,descendant_quality,lift,S_D_025,3.4296714411708145,516733,0.018780919314425125
primary,2025-07,future_child_download_quality_median_3m,descendant_quality,lift,S_D_050,3.4580101309620486,516733,0.018780919314425125
primary,2025-07,future_child_download_quality_median_3m,descendant_quality,lift,S_D_065,3.446420670313577,516733,0.018780919314425125
primary,2025-07,future_child_download_quality_median_3m,descendant_quality,lift,S_D_075,3.4592133591850933,516733,0.018780919314425125
primary,2025-07,future_child_download_quality_median_3m,descendant_quality,lift,S_D_090,3.5209677881292243,516733,0.018780919314425125
primary,2025-07,future_child_download_quality_median_3m,descendant_quality,lift,S_D_095,3.5343901872922294,516733,0.018780919314425125
primary,2025-07,future_child_download_quality_median_3m,descendant_quality,lift,S_D_099,3.5549655369940125,516733,0.018780919314425125
primary,2025-07,future_child_download_quality_median_3m,descendant_quality,lift,S_MEM_01,3.230700340995926,516733,0.018780919314425125
primary,2025-07,future_child_download_quality_median_3m,descendant_quality,lift,S_MEM_03,3.799122185101353,516733,0.018780919314425125
primary,2025-07,future_child_download_quality_median_3m,descendant_quality,lift,S_MEM_06,3.7685176187924307,516733,0.018780919314425125
primary,2025-07,future_child_download_quality_median_3m,descendant_quality,lift,S_MEM_12,3.5698888157393394,516733,0.018780919314425125
primary,2025-07,future_child_download_quality_median_3m,descendant_quality,lift,S_Q_000,2.6911967821846563,516733,0.018780919314425125
primary,2025-07,future_child_download_quality_median_3m,descendant_quality,lift,S_Q_005,3.478911618614677,516733,0.018780919314425125
primary,2025-07,future_child_download_quality_median_3m,descendant_quality,lift,S_Q_015,3.478911618614676,516733,0.018780919314425125
primary,2025-07,future_child_download_quality_median_3m,descendant_quality,lift,S_Q_020,3.478911618614677,516733,0.018780919314425125
primary,2025-07,future_child_download_quality_median_3m,descendant_quality,lift,S_Q_030,3.478911618614677,516733,0.018780919314425125
primary,2025-07,future_child_download_quality_median_3m,descendant_quality,lift,S_Q_040,3.478911618614677,516733,0.018780919314425125
primary,2025-07,future_child_download_quality_median_3m,descendant_quality,lift,S_Q_050,3.478911618614676,516733,0.018780919314425125
primary,2025-07,future_child_download_quality_median_3m,descendant_quality,lift,S_Q_060,3.478911618614677,516733,0.018780919314425125
primary,2025-07,future_child_download_quality_median_3m,descendant_quality,lift,S_Q_070,3.478911618614677,516733,0.018780919314425125
primary,2025-07,future_child_download_quality_median_3m,descendant_quality,lift,S_Q_080,3.478911618614677,516733,0.018780919314425125
primary,2025-07,future_child_download_quality_median_3m,descendant_quality,lift,S_Q_090,3.478911618614677,516733,0.018780919314425125
primary,2025-07,future_child_download_quality_median_3m,descendant_quality,lift,S_Q_100,3.394070271749692,516733,0.018780919314425125
primary,2025-07,future_child_download_quality_median_3m,descendant_quality,lift,S_WD_000,3.560607845826046,516733,0.018780919314425125
primary,2025-07,future_child_download_quality_median_3m,descendant_quality,lift,S_WD_025,3.715080398776895,516733,0.018780919314425125
primary,2025-07,future_child_download_quality_median_3m,descendant_quality,lift,S_WD_075,3.4614229539897567,516733,0.018780919314425125
primary,2025-07,future_child_download_quality_median_3m,descendant_quality,lift,S_WD_100,3.3711100591573904,516733,0.018780919314425125
primary,2025-07,future_child_like_quality_mean_3m,descendant_quality,lift,S_C3_Q10,5.129185888498122,516733,0.0008351141693802472
primary,2025-07,future_child_like_quality_mean_3m,descendant_quality,lift,AllTime DerivCount,4.928098905289006,516733,0.0008351141693802472
primary,2025-07,future_child_like_quality_mean_3m,descendant_quality,lift,Current DerivCount,2.4143702716563586,516733,0.0008351141693802472
primary,2025-07,future_child_like_quality_mean_3m,descendant_quality,lift,Vanilla PageRank,4.928098905289006,516733,0.0008351141693802472
primary,2025-07,future_child_like_quality_mean_3m,descendant_quality,lift,Downloads,3.2556562874298773,516733,0.0008351141693802472
primary,2025-07,future_child_like_quality_mean_3m,descendant_quality,lift,Likes,4.847856715848483,516733,0.0008351141693802472
primary,2025-07,future_child_like_quality_mean_3m,descendant_quality,lift,MTPR_time_safe_typed,4.626224783145354,516733,0.0008351141693802472
primary,2025-07,future_child_like_quality_mean_3m,descendant_quality,lift,Simplified_MTPR_time_safe_typed,4.455078837503212,516733,0.0008351141693802472
primary,2025-07,future_child_like_quality_mean_3m,descendant_quality,lift,No-Propagation ModelRank,4.567514884343722,516733,0.0008351141693802472
primary,2025-07,future_child_like_quality_mean_3m,descendant_quality,lift,EventValue_time_safe_typed,2.4143702716563586,516733,0.0008351141693802472
primary,2025-07,future_child_like_quality_mean_3m,descendant_quality,lift,No child quality,4.674411660362717,516733,0.0008351141693802472
primary,2025-07,future_child_like_quality_mean_3m,descendant_quality,lift,No type weight,4.674411660362717,516733,0.0008351141693802472
primary,2025-07,future_child_like_quality_mean_3m,descendant_quality,lift,No parent size,4.513788736304843,516733,0.0008351141693802472
primary,2025-07,future_child_like_quality_mean_3m,descendant_quality,lift,No quality teleport,4.553359734195953,516733,0.0008351141693802472
primary,2025-07,future_child_like_quality_mean_3m,descendant_quality,lift,No PageRank propagation,4.3668006404806246,516733,0.0008351141693802472
primary,2025-07,future_child_like_quality_mean_3m,descendant_quality,lift,No temporal inheritance,4.567514884343722,516733,0.0008351141693802472
primary,2025-07,future_child_like_quality_mean_3m,descendant_quality,lift,No event injection,4.456206020354478,516733,0.0008351141693802472
primary,2025-07,future_child_like_quality_mean_3m,descendant_quality,lift,S_D_000,4.567514884343722,516733,0.0008351141693802472
primary,2025-07,future_child_like_quality_mean_3m,descendant_quality,lift,S_D_025,4.97788029868437,516733,0.0008351141693802472
primary,2025-07,future_child_like_quality_mean_3m,descendant_quality,lift,S_D_050,5.060894977610567,516733,0.0008351141693802472
primary,2025-07,future_child_like_quality_mean_3m,descendant_quality,lift,S_D_065,5.122519434825341,516733,0.0008351141693802472
primary,2025-07,future_child_like_quality_mean_3m,descendant_quality,lift,S_D_075,5.138581727231126,516733,0.0008351141693802472
primary,2025-07,future_child_like_quality_mean_3m,descendant_quality,lift,S_D_090,5.161310473309697,516733,0.0008351141693802472
primary,2025-07,future_child_like_quality_mean_3m,descendant_quality,lift,S_D_095,5.161310473309699,516733,0.0008351141693802472
primary,2025-07,future_child_like_quality_mean_3m,descendant_quality,lift,S_D_099,5.193435058121273,516733,0.0008351141693802472
primary,2025-07,future_child_like_quality_mean_3m,descendant_quality,lift,S_MEM_01,4.567514884343722,516733,0.0008351141693802472
primary,2025-07,future_child_like_quality_mean_3m,descendant_quality,lift,S_MEM_03,5.405149356885822,516733,0.0008351141693802472
primary,2025-07,future_child_like_quality_mean_3m,descendant_quality,lift,S_MEM_06,5.34514320911914,516733,0.0008351141693802472
primary,2025-07,future_child_like_quality_mean_3m,descendant_quality,lift,S_MEM_12,5.162675165839809,516733,0.0008351141693802472
primary,2025-07,future_child_like_quality_mean_3m,descendant_quality,lift,S_Q_000,2.850212190333607,516733,0.0008351141693802472
primary,2025-07,future_child_like_quality_mean_3m,descendant_quality,lift,S_Q_005,5.129185888498122,516733,0.0008351141693802472
primary,2025-07,future_child_like_quality_mean_3m,descendant_quality,lift,S_Q_015,5.129185888498122,516733,0.0008351141693802472
primary,2025-07,future_child_like_quality_mean_3m,descendant_quality,lift,S_Q_020,5.129185888498122,516733,0.0008351141693802472
primary,2025-07,future_child_like_quality_mean_3m,descendant_quality,lift,S_Q_030,5.129185888498122,516733,0.0008351141693802472
primary,2025-07,future_child_like_quality_mean_3m,descendant_quality,lift,S_Q_040,5.129185888498122,516733,0.0008351141693802472
primary,2025-07,future_child_like_quality_mean_3m,descendant_quality,lift,S_Q_050,5.129185888498122,516733,0.0008351141693802472
primary,2025-07,future_child_like_quality_mean_3m,descendant_quality,lift,S_Q_060,5.129185888498122,516733,0.0008351141693802472
primary,2025-07,future_child_like_quality_mean_3m,descendant_quality,lift,S_Q_070,5.129185888498122,516733,0.0008351141693802472
primary,2025-07,future_child_like_quality_mean_3m,descendant_quality,lift,S_Q_080,5.129185888498124,516733,0.0008351141693802472
primary,2025-07,future_child_like_quality_mean_3m,descendant_quality,lift,S_Q_090,5.129185888498124,516733,0.0008351141693802472
primary,2025-07,future_child_like_quality_mean_3m,descendant_quality,lift,S_Q_100,5.000687549251825,516733,0.0008351141693802472
primary,2025-07,future_child_like_quality_mean_3m,descendant_quality,lift,S_WD_000,5.433526546883547,516733,0.0008351141693802472
primary,2025-07,future_child_like_quality_mean_3m,descendant_quality,lift,S_WD_025,5.6330451820776215,516733,0.0008351141693802472
primary,2025-07,future_child_like_quality_mean_3m,descendant_quality,lift,S_WD_075,4.83618987824646,516733,0.0008351141693802472
primary,2025-07,future_child_like_quality_mean_3m,descendant_quality,lift,S_WD_100,4.714825479977208,516733,0.0008351141693802472
primary,2025-07,future_child_like_quality_median_3m,descendant_quality,lift,S_C3_Q10,5.121051025385905,516733,0.0008014391023334858
primary,2025-07,future_child_like_quality_median_3m,descendant_quality,lift,AllTime DerivCount,4.927500517459593,516733,0.0008014391023334858
primary,2025-07,future_child_like_quality_median_3m,descendant_quality,lift,Current DerivCount,2.324313088877106,516733,0.0008014391023334858
primary,2025-07,future_child_like_quality_median_3m,descendant_quality,lift,Vanilla PageRank,4.927500517459594,516733,0.0008014391023334858
primary,2025-07,future_child_like_quality_median_3m,descendant_quality,lift,Downloads,3.229919338813891,516733,0.0008014391023334858
primary,2025-07,future_child_like_quality_median_3m,descendant_quality,lift,Likes,4.806031368504753,516733,0.0008014391023334858
primary,2025-07,future_child_like_quality_median_3m,descendant_quality,lift,MTPR_time_safe_typed,4.595087597196247,516733,0.0008014391023334858
primary,2025-07,future_child_like_quality_median_3m,descendant_quality,lift,Simplified_MTPR_time_safe_typed,4.4136588402887975,516733,0.0008014391023334858
primary,2025-07,future_child_like_quality_median_3m,descendant_quality,lift,No-Propagation ModelRank,4.53081925284194,516733,0.0008014391023334858
primary,2025-07,future_child_like_quality_median_3m,descendant_quality,lift,EventValue_time_safe_typed,2.324313088877106,516733,0.0008014391023334858
primary,2025-07,future_child_like_quality_median_3m,descendant_quality,lift,No child quality,4.645299202576165,516733,0.0008014391023334858
primary,2025-07,future_child_like_quality_median_3m,descendant_quality,lift,No type weight,4.645299202576165,516733,0.0008014391023334858
primary,2025-07,future_child_like_quality_median_3m,descendant_quality,lift,No parent size,4.477927184643104,516733,0.0008014391023334858
primary,2025-07,future_child_like_quality_median_3m,descendant_quality,lift,No quality teleport,4.545384063795736,516733,0.0008014391023334858
primary,2025-07,future_child_like_quality_median_3m,descendant_quality,lift,No PageRank propagation,4.331394865841701,516733,0.0008014391023334858
primary,2025-07,future_child_like_quality_median_3m,descendant_quality,lift,No temporal inheritance,4.53081925284194,516733,0.0008014391023334858
primary,2025-07,future_child_like_quality_median_3m,descendant_quality,lift,No event injection,4.417924943847098,516733,0.0008014391023334858
primary,2025-07,future_child_like_quality_median_3m,descendant_quality,lift,S_D_000,4.53081925284194,516733,0.0008014391023334858
primary,2025-07,future_child_like_quality_median_3m,descendant_quality,lift,S_D_025,4.967572140207284,516733,0.0008014391023334858
primary,2025-07,future_child_like_quality_median_3m,descendant_quality,lift,S_D_050,5.044311582796594,516733,0.0008014391023334858
primary,2025-07,future_child_like_quality_median_3m,descendant_quality,lift,S_D_065,5.114104459008688,516733,0.0008014391023334858
primary,2025-07,future_child_like_quality_median_3m,descendant_quality,lift,S_D_075,5.130841660801993,516733,0.0008014391023334858
primary,2025-07,future_child_like_quality_median_3m,descendant_quality,lift,S_D_090,5.1545254289725175,516733,0.0008014391023334858
primary,2025-07,future_child_like_quality_median_3m,descendant_quality,lift,S_D_095,5.154525428972518,516733,0.0008014391023334858
primary,2025-07,future_child_like_quality_median_3m,descendant_quality,lift,S_D_099,5.1879998325591306,516733,0.0008014391023334858
primary,2025-07,future_child_like_quality_median_3m,descendant_quality,lift,S_MEM_01,4.53081925284194,516733,0.0008014391023334858
primary,2025-07,future_child_like_quality_median_3m,descendant_quality,lift,S_MEM_03,5.400688138164067,516733,0.0008014391023334858
primary,2025-07,future_child_like_quality_median_3m,descendant_quality,lift,S_MEM_06,5.34700324959554,516733,0.0008014391023334858
primary,2025-07,future_child_like_quality_median_3m,descendant_quality,lift,S_MEM_12,5.155947463491953,516733,0.0008014391023334858
primary,2025-07,future_child_like_quality_median_3m,descendant_quality,lift,S_Q_000,2.7668459767933187,516733,0.0008014391023334858
primary,2025-07,future_child_like_quality_median_3m,descendant_quality,lift,S_Q_005,5.121051025385905,516733,0.0008014391023334858
primary,2025-07,future_child_like_quality_median_3m,descendant_quality,lift,S_Q_015,5.121051025385905,516733,0.0008014391023334858
primary,2025-07,future_child_like_quality_median_3m,descendant_quality,lift,S_Q_020,5.121051025385905,516733,0.0008014391023334858
primary,2025-07,future_child_like_quality_median_3m,descendant_quality,lift,S_Q_030,5.121051025385905,516733,0.0008014391023334858
primary,2025-07,future_child_like_quality_median_3m,descendant_quality,lift,S_Q_040,5.121051025385905,516733,0.0008014391023334858
primary,2025-07,future_child_like_quality_median_3m,descendant_quality,lift,S_Q_050,5.121051025385905,516733,0.0008014391023334858
primary,2025-07,future_child_like_quality_median_3m,descendant_quality,lift,S_Q_060,5.121051025385905,516733,0.0008014391023334858
primary,2025-07,future_child_like_quality_median_3m,descendant_quality,lift,S_Q_070,5.121051025385905,516733,0.0008014391023334858
primary,2025-07,future_child_like_quality_median_3m,descendant_quality,lift,S_Q_080,5.121051025385905,516733,0.0008014391023334858
primary,2025-07,future_child_like_quality_median_3m,descendant_quality,lift,S_Q_090,5.121051025385905,516733,0.0008014391023334858
primary,2025-07,future_child_like_quality_median_3m,descendant_quality,lift,S_Q_100,4.987153411039457,516733,0.0008014391023334858
primary,2025-07,future_child_like_quality_median_3m,descendant_quality,lift,S_WD_000,5.416310019810686,516733,0.0008014391023334858
primary,2025-07,future_child_like_quality_median_3m,descendant_quality,lift,S_WD_025,5.629791145785314,516733,0.0008014391023334858
primary,2025-07,future_child_like_quality_median_3m,descendant_quality,lift,S_WD_075,4.82439684388084,516733,0.0008014391023334858
primary,2025-07,future_child_like_quality_median_3m,descendant_quality,lift,S_WD_100,4.707865645477438,516733,0.0008014391023334858
primary,2025-07,future_child_becomes_parent_share_3m,repropagation,lift,S_C3_Q10,8.217186237957655,516733,8.700238226037439e-05
primary,2025-07,future_child_becomes_parent_share_3m,repropagation,lift,AllTime DerivCount,7.855734647554747,516733,8.700238226037439e-05
primary,2025-07,future_child_becomes_parent_share_3m,repropagation,lift,Current DerivCount,1.7394469259029386,516733,8.700238226037439e-05
primary,2025-07,future_child_becomes_parent_share_3m,repropagation,lift,Vanilla PageRank,7.855734647554747,516733,8.700238226037439e-05
primary,2025-07,future_child_becomes_parent_share_3m,repropagation,lift,Downloads,4.988617294265245,516733,8.700238226037439e-05
primary,2025-07,future_child_becomes_parent_share_3m,repropagation,lift,Likes,6.850819786324682,516733,8.700238226037439e-05
primary,2025-07,future_child_becomes_parent_share_3m,repropagation,lift,MTPR_time_safe_typed,7.073251534264934,516733,8.700238226037439e-05
primary,2025-07,future_child_becomes_parent_share_3m,repropagation,lift,Simplified_MTPR_time_safe_typed,6.732774867461655,516733,8.700238226037439e-05
primary,2025-07,future_child_becomes_parent_share_3m,repropagation,lift,No-Propagation ModelRank,6.7645508314531195,516733,8.700238226037439e-05
primary,2025-07,future_child_becomes_parent_share_3m,repropagation,lift,EventValue_time_safe_typed,1.7394469259029386,516733,8.700238226037439e-05
primary,2025-07,future_child_becomes_parent_share_3m,repropagation,lift,No child quality,7.105027498256399,516733,8.700238226037439e-05
primary,2025-07,future_child_becomes_parent_share_3m,repropagation,lift,No type weight,7.105027498256399,516733,8.700238226037439e-05
primary,2025-07,future_child_becomes_parent_share_3m,repropagation,lift,No parent size,7.073251534264934,516733,8.700238226037439e-05
primary,2025-07,future_child_becomes_parent_share_3m,repropagation,lift,No quality teleport,7.633302899614495,516733,8.700238226037439e-05
primary,2025-07,future_child_becomes_parent_share_3m,repropagation,lift,No PageRank propagation,7.073251534264934,516733,8.700238226037439e-05
primary,2025-07,future_child_becomes_parent_share_3m,repropagation,lift,No temporal inheritance,6.732774867461655,516733,8.700238226037439e-05
primary,2025-07,future_child_becomes_parent_share_3m,repropagation,lift,No event injection,7.073251534264934,516733,8.700238226037439e-05
primary,2025-07,future_child_becomes_parent_share_3m,repropagation,lift,S_D_000,6.7645508314531195,516733,8.700238226037439e-05
primary,2025-07,future_child_becomes_parent_share_3m,repropagation,lift,S_D_025,7.8279306790622165,516733,8.700238226037439e-05
primary,2025-07,future_child_becomes_parent_share_3m,repropagation,lift,S_D_050,8.217186237957655,516733,8.700238226037439e-05
primary,2025-07,future_child_becomes_parent_share_3m,repropagation,lift,S_D_065,8.217186237957655,516733,8.700238226037439e-05
primary,2025-07,future_child_becomes_parent_share_3m,repropagation,lift,S_D_075,8.217186237957655,516733,8.700238226037439e-05
primary,2025-07,future_child_becomes_parent_share_3m,repropagation,lift,S_D_090,8.217186237957655,516733,8.700238226037439e-05
primary,2025-07,future_child_becomes_parent_share_3m,repropagation,lift,S_D_095,8.217186237957655,516733,8.700238226037439e-05
primary,2025-07,future_child_becomes_parent_share_3m,repropagation,lift,S_D_099,8.217186237957655,516733,8.700238226037439e-05
primary,2025-07,future_child_becomes_parent_share_3m,repropagation,lift,S_MEM_01,6.764550831453119,516733,8.700238226037439e-05
primary,2025-07,future_child_becomes_parent_share_3m,repropagation,lift,S_MEM_03,7.086491519261378,516733,8.700238226037439e-05
primary,2025-07,future_child_becomes_parent_share_3m,repropagation,lift,S_MEM_06,7.383067183181714,516733,8.700238226037439e-05
primary,2025-07,future_child_becomes_parent_share_3m,repropagation,lift,S_MEM_12,7.994754490017405,516733,8.700238226037439e-05
primary,2025-07,future_child_becomes_parent_share_3m,repropagation,lift,S_Q_000,3.1296453505295094,516733,8.700238226037439e-05
primary,2025-07,future_child_becomes_parent_share_3m,repropagation,lift,S_Q_005,8.217186237957655,516733,8.700238226037439e-05
primary,2025-07,future_child_becomes_parent_share_3m,repropagation,lift,S_Q_015,8.217186237957655,516733,8.700238226037439e-05
primary,2025-07,future_child_becomes_parent_share_3m,repropagation,lift,S_Q_020,8.217186237957655,516733,8.700238226037439e-05
primary,2025-07,future_child_becomes_parent_share_3m,repropagation,lift,S_Q_030,8.217186237957655,516733,8.700238226037439e-05
primary,2025-07,future_child_becomes_parent_share_3m,repropagation,lift,S_Q_040,8.217186237957655,516733,8.700238226037439e-05
primary,2025-07,future_child_becomes_parent_share_3m,repropagation,lift,S_Q_050,8.217186237957655,516733,8.700238226037439e-05
primary,2025-07,future_child_becomes_parent_share_3m,repropagation,lift,S_Q_060,8.217186237957655,516733,8.700238226037439e-05
primary,2025-07,future_child_becomes_parent_share_3m,repropagation,lift,S_Q_070,8.217186237957655,516733,8.700238226037439e-05
primary,2025-07,future_child_becomes_parent_share_3m,repropagation,lift,S_Q_080,8.217186237957655,516733,8.700238226037439e-05
primary,2025-07,future_child_becomes_parent_share_3m,repropagation,lift,S_Q_090,8.217186237957655,516733,8.700238226037439e-05
primary,2025-07,future_child_becomes_parent_share_3m,repropagation,lift,S_Q_100,8.185410273966191,516733,8.700238226037439e-05
primary,2025-07,future_child_becomes_parent_share_3m,repropagation,lift,S_WD_000,7.772322742077153,516733,8.700238226037439e-05
primary,2025-07,future_child_becomes_parent_share_3m,repropagation,lift,S_WD_025,8.217186237957655,516733,8.700238226037439e-05
primary,2025-07,future_child_becomes_parent_share_3m,repropagation,lift,S_WD_075,8.161578300972593,516733,8.700238226037439e-05
primary,2025-07,future_child_becomes_parent_share_3m,repropagation,lift,S_WD_100,8.133774332480062,516733,8.700238226037439e-05
primary,2025-07,future_child_future_child_count_mean_3m,repropagation,lift,S_C3_Q10,8.654874103999742,516733,0.0001792595888973499
primary,2025-07,future_child_future_child_count_mean_3m,repropagation,lift,AllTime DerivCount,8.384984888028391,516733,0.0001792595888973499
primary,2025-07,future_child_future_child_count_mean_3m,repropagation,lift,Current DerivCount,1.4671087458743046,516733,0.0001792595888973499
primary,2025-07,future_child_future_child_count_mean_3m,repropagation,lift,Vanilla PageRank,8.384984888028391,516733,0.0001792595888973499
primary,2025-07,future_child_future_child_count_mean_3m,repropagation,lift,Downloads,6.393059989552955,516733,0.0001792595888973499
primary,2025-07,future_child_future_child_count_mean_3m,repropagation,lift,Likes,7.451939312813149,516733,0.0001792595888973499
primary,2025-07,future_child_future_child_count_mean_3m,repropagation,lift,MTPR_time_safe_typed,7.883762058367308,516733,0.0001792595888973499
primary,2025-07,future_child_future_child_count_mean_3m,repropagation,lift,Simplified_MTPR_time_safe_typed,7.736506714214522,516733,0.0001792595888973499
primary,2025-07,future_child_future_child_count_mean_3m,repropagation,lift,No-Propagation ModelRank,7.75192895512717,516733,0.0001792595888973499
primary,2025-07,future_child_future_child_count_mean_3m,repropagation,lift,EventValue_time_safe_typed,1.4671087458743046,516733,0.0001792595888973499
primary,2025-07,future_child_future_child_count_mean_3m,repropagation,lift,No child quality,7.899184299279959,516733,0.0001792595888973499
primary,2025-07,future_child_future_child_count_mean_3m,repropagation,lift,No type weight,7.899184299279956,516733,0.0001792595888973499
primary,2025-07,future_child_future_child_count_mean_3m,repropagation,lift,No parent size,7.883762058367308,516733,0.0001792595888973499
primary,2025-07,future_child_future_child_count_mean_3m,repropagation,lift,No quality teleport,8.169073515251311,516733,0.0001792595888973499
primary,2025-07,future_child_future_child_count_mean_3m,repropagation,lift,No PageRank propagation,7.883762058367311,516733,0.0001792595888973499
primary,2025-07,future_child_future_child_count_mean_3m,repropagation,lift,No temporal inheritance,7.736506714214522,516733,0.0001792595888973499
primary,2025-07,future_child_future_child_count_mean_3m,repropagation,lift,No event injection,7.883762058367308,516733,0.0001792595888973499
primary,2025-07,future_child_future_child_count_mean_3m,repropagation,lift,S_D_000,7.75192895512717,516733,0.0001792595888973499
primary,2025-07,future_child_future_child_count_mean_3m,repropagation,lift,S_D_025,8.250040280042715,516733,0.0001792595888973499
primary,2025-07,future_child_future_child_count_mean_3m,repropagation,lift,S_D_050,8.654874103999743,516733,0.0001792595888973499
primary,2025-07,future_child_future_child_count_mean_3m,repropagation,lift,S_D_065,8.654874103999742,516733,0.0001792595888973499
primary,2025-07,future_child_future_child_count_mean_3m,repropagation,lift,S_D_075,8.654874103999742,516733,0.0001792595888973499
primary,2025-07,future_child_future_child_count_mean_3m,repropagation,lift,S_D_090,8.654874103999742,516733,0.0001792595888973499
primary,2025-07,future_child_future_child_count_mean_3m,repropagation,lift,S_D_095,8.654874103999742,516733,0.0001792595888973499
primary,2025-07,future_child_future_child_count_mean_3m,repropagation,lift,S_D_099,8.654874103999742,516733,0.0001792595888973499
primary,2025-07,future_child_future_child_count_mean_3m,repropagation,lift,S_MEM_01,7.75192895512717,516733,0.0001792595888973499
primary,2025-07,future_child_future_child_count_mean_3m,repropagation,lift,S_MEM_03,7.890187992080914,516733,0.0001792595888973499
primary,2025-07,future_child_future_child_count_mean_3m,repropagation,lift,S_MEM_06,8.034128907265636,516733,0.0001792595888973499
primary,2025-07,future_child_future_child_count_mean_3m,repropagation,lift,S_MEM_12,8.546918417611202,516733,0.0001792595888973499
primary,2025-07,future_child_future_child_count_mean_3m,repropagation,lift,S_Q_000,3.0864440417024115,516733,0.0001792595888973499
primary,2025-07,future_child_future_child_count_mean_3m,repropagation,lift,S_Q_005,8.654874103999742,516733,0.0001792595888973499
primary,2025-07,future_child_future_child_count_mean_3m,repropagation,lift,S_Q_015,8.654874103999742,516733,0.0001792595888973499
primary,2025-07,future_child_future_child_count_mean_3m,repropagation,lift,S_Q_020,8.654874103999742,516733,0.0001792595888973499
primary,2025-07,future_child_future_child_count_mean_3m,repropagation,lift,S_Q_030,8.654874103999743,516733,0.0001792595888973499
primary,2025-07,future_child_future_child_count_mean_3m,repropagation,lift,S_Q_040,8.654874103999743,516733,0.0001792595888973499
primary,2025-07,future_child_future_child_count_mean_3m,repropagation,lift,S_Q_050,8.654874103999743,516733,0.0001792595888973499
primary,2025-07,future_child_future_child_count_mean_3m,repropagation,lift,S_Q_060,8.654874103999743,516733,0.0001792595888973499
primary,2025-07,future_child_future_child_count_mean_3m,repropagation,lift,S_Q_070,8.654874103999742,516733,0.0001792595888973499
primary,2025-07,future_child_future_child_count_mean_3m,repropagation,lift,S_Q_080,8.654874103999743,516733,0.0001792595888973499
primary,2025-07,future_child_future_child_count_mean_3m,repropagation,lift,S_Q_090,8.654874103999742,516733,0.0001792595888973499
primary,2025-07,future_child_future_child_count_mean_3m,repropagation,lift,S_Q_100,8.639451863087094,516733,0.0001792595888973499
primary,2025-07,future_child_future_child_count_mean_3m,repropagation,lift,S_WD_000,8.331007044834122,516733,0.0001792595888973499
primary,2025-07,future_child_future_child_count_mean_3m,repropagation,lift,S_WD_025,8.654874103999742,516733,0.0001792595888973499
primary,2025-07,future_child_future_child_count_mean_3m,repropagation,lift,S_WD_075,8.600896260805472,516733,0.0001792595888973499
primary,2025-07,future_child_future_child_count_mean_3m,repropagation,lift,S_WD_100,8.546918417611202,516733,0.0001792595888973499
primary,2025-07,future_child_future_child_count_median_3m,repropagation,lift,S_C3_Q10,9.16654249074325,516733,0.00013933694964323934
primary,2025-07,future_child_future_child_count_median_3m,repropagation,lift,AllTime DerivCount,8.888768475872244,516733,0.00013933694964323934
primary,2025-07,future_child_future_child_count_median_3m,repropagation,lift,Current DerivCount,0.9722090520485266,516733,0.00013933694964323934
primary,2025-07,future_child_future_child_count_median_3m,repropagation,lift,Vanilla PageRank,8.888768475872244,516733,0.00013933694964323934
primary,2025-07,future_child_future_child_count_median_3m,repropagation,lift,Downloads,6.59713285318643,516733,0.00013933694964323934
primary,2025-07,future_child_future_child_count_median_3m,repropagation,lift,Likes,7.6387854089527085,516733,0.00013933694964323934
primary,2025-07,future_child_future_child_count_median_3m,repropagation,lift,MTPR_time_safe_typed,8.194333438694724,516733,0.00013933694964323934
primary,2025-07,future_child_future_child_count_median_3m,repropagation,lift,Simplified_MTPR_time_safe_typed,7.916559423823716,516733,0.00013933694964323934
primary,2025-07,future_child_future_child_count_median_3m,repropagation,lift,No-Propagation ModelRank,7.916559423823716,516733,0.00013933694964323934
primary,2025-07,future_child_future_child_count_median_3m,repropagation,lift,EventValue_time_safe_typed,0.9722090520485266,516733,0.00013933694964323934
primary,2025-07,future_child_future_child_count_median_3m,repropagation,lift,No child quality,8.194333438694724,516733,0.00013933694964323934
primary,2025-07,future_child_future_child_count_median_3m,repropagation,lift,No type weight,8.194333438694724,516733,0.00013933694964323934
primary,2025-07,future_child_future_child_count_median_3m,repropagation,lift,No parent size,8.194333438694724,516733,0.00013933694964323934
primary,2025-07,future_child_future_child_count_median_3m,repropagation,lift,No quality teleport,8.610994461001235,516733,0.00013933694964323934
primary,2025-07,future_child_future_child_count_median_3m,repropagation,lift,No PageRank propagation,8.194333438694724,516733,0.00013933694964323934
primary,2025-07,future_child_future_child_count_median_3m,repropagation,lift,No temporal inheritance,7.916559423823716,516733,0.00013933694964323934
primary,2025-07,future_child_future_child_count_median_3m,repropagation,lift,No event injection,8.194333438694724,516733,0.00013933694964323934
primary,2025-07,future_child_future_child_count_median_3m,repropagation,lift,S_D_000,7.916559423823716,516733,0.00013933694964323934
primary,2025-07,future_child_future_child_count_median_3m,repropagation,lift,S_D_025,8.610994461001235,516733,0.00013933694964323934
primary,2025-07,future_child_future_child_count_median_3m,repropagation,lift,S_D_050,9.16654249074325,516733,0.00013933694964323934
primary,2025-07,future_child_future_child_count_median_3m,repropagation,lift,S_D_065,9.16654249074325,516733,0.00013933694964323934
primary,2025-07,future_child_future_child_count_median_3m,repropagation,lift,S_D_075,9.16654249074325,516733,0.00013933694964323934
primary,2025-07,future_child_future_child_count_median_3m,repropagation,lift,S_D_090,9.16654249074325,516733,0.00013933694964323934
primary,2025-07,future_child_future_child_count_median_3m,repropagation,lift,S_D_095,9.16654249074325,516733,0.00013933694964323934
primary,2025-07,future_child_future_child_count_median_3m,repropagation,lift,S_D_099,9.16654249074325,516733,0.00013933694964323934
primary,2025-07,future_child_future_child_count_median_3m,repropagation,lift,S_MEM_01,7.916559423823716,516733,0.00013933694964323934
primary,2025-07,future_child_future_child_count_median_3m,repropagation,lift,S_MEM_03,8.194333438694724,516733,0.00013933694964323934
primary,2025-07,future_child_future_child_count_median_3m,repropagation,lift,S_MEM_06,8.333220446130229,516733,0.00013933694964323934
primary,2025-07,future_child_future_child_count_median_3m,repropagation,lift,S_MEM_12,9.027655483307747,516733,0.00013933694964323934
primary,2025-07,future_child_future_child_count_median_3m,repropagation,lift,S_Q_000,2.9166271561455797,516733,0.00013933694964323934
primary,2025-07,future_child_future_child_count_median_3m,repropagation,lift,S_Q_005,9.16654249074325,516733,0.00013933694964323934
primary,2025-07,future_child_future_child_count_median_3m,repropagation,lift,S_Q_015,9.16654249074325,516733,0.00013933694964323934
primary,2025-07,future_child_future_child_count_median_3m,repropagation,lift,S_Q_020,9.16654249074325,516733,0.00013933694964323934
primary,2025-07,future_child_future_child_count_median_3m,repropagation,lift,S_Q_030,9.16654249074325,516733,0.00013933694964323934
primary,2025-07,future_child_future_child_count_median_3m,repropagation,lift,S_Q_040,9.16654249074325,516733,0.00013933694964323934
primary,2025-07,future_child_future_child_count_median_3m,repropagation,lift,S_Q_050,9.16654249074325,516733,0.00013933694964323934
primary,2025-07,future_child_future_child_count_median_3m,repropagation,lift,S_Q_060,9.16654249074325,516733,0.00013933694964323934
primary,2025-07,future_child_future_child_count_median_3m,repropagation,lift,S_Q_070,9.16654249074325,516733,0.00013933694964323934
primary,2025-07,future_child_future_child_count_median_3m,repropagation,lift,S_Q_080,9.16654249074325,516733,0.00013933694964323934
primary,2025-07,future_child_future_child_count_median_3m,repropagation,lift,S_Q_090,9.16654249074325,516733,0.00013933694964323934
primary,2025-07,future_child_future_child_count_median_3m,repropagation,lift,S_Q_100,9.16654249074325,516733,0.00013933694964323934
primary,2025-07,future_child_future_child_count_median_3m,repropagation,lift,S_WD_000,8.749881468436739,516733,0.00013933694964323934
primary,2025-07,future_child_future_child_count_median_3m,repropagation,lift,S_WD_025,9.16654249074325,516733,0.00013933694964323934
primary,2025-07,future_child_future_child_count_median_3m,repropagation,lift,S_WD_075,9.16654249074325,516733,0.00013933694964323934
primary,2025-07,future_child_future_child_count_median_3m,repropagation,lift,S_WD_100,9.16654249074325,516733,0.00013933694964323934
primary,2025-07,future_child_second_order_diffusion_share_3m,repropagation,lift,S_C3_Q10,8.720969033070228,516733,3.657623260979792e-05
primary,2025-07,future_child_second_order_diffusion_share_3m,repropagation,lift,AllTime DerivCount,8.390288243587465,516733,3.657623260979792e-05
primary,2025-07,future_child_second_order_diffusion_share_3m,repropagation,lift,Current DerivCount,1.1241290293529067,516733,3.657623260979792e-05
primary,2025-07,future_child_second_order_diffusion_share_3m,repropagation,lift,Vanilla PageRank,8.390288243587465,516733,3.657623260979792e-05
primary,2025-07,future_child_second_order_diffusion_share_3m,repropagation,lift,Downloads,6.767933491413864,516733,3.657623260979792e-05
primary,2025-07,future_child_second_order_diffusion_share_3m,repropagation,lift,Likes,7.13370124355297,516733,3.657623260979792e-05
primary,2025-07,future_child_second_order_diffusion_share_3m,repropagation,lift,MTPR_time_safe_typed,8.19187976989781,516733,3.657623260979792e-05
primary,2025-07,future_child_second_order_diffusion_share_3m,repropagation,lift,Simplified_MTPR_time_safe_typed,8.280061313759878,516733,3.657623260979792e-05
primary,2025-07,future_child_second_order_diffusion_share_3m,repropagation,lift,No-Propagation ModelRank,8.280061313759877,516733,3.657623260979792e-05
primary,2025-07,future_child_second_order_diffusion_share_3m,repropagation,lift,EventValue_time_safe_typed,1.1241290293529067,516733,3.657623260979792e-05
primary,2025-07,future_child_second_order_diffusion_share_3m,repropagation,lift,No child quality,8.19187976989781,516733,3.657623260979792e-05
primary,2025-07,future_child_second_order_diffusion_share_3m,repropagation,lift,No type weight,8.19187976989781,516733,3.657623260979792e-05
primary,2025-07,future_child_second_order_diffusion_share_3m,repropagation,lift,No parent size,8.19187976989781,516733,3.657623260979792e-05
primary,2025-07,future_child_second_order_diffusion_share_3m,repropagation,lift,No quality teleport,7.861198980415046,516733,3.657623260979792e-05
primary,2025-07,future_child_second_order_diffusion_share_3m,repropagation,lift,No PageRank propagation,8.19187976989781,516733,3.657623260979792e-05
primary,2025-07,future_child_second_order_diffusion_share_3m,repropagation,lift,No temporal inheritance,8.280061313759877,516733,3.657623260979792e-05
primary,2025-07,future_child_second_order_diffusion_share_3m,repropagation,lift,No event injection,8.19187976989781,516733,3.657623260979792e-05
primary,2025-07,future_child_second_order_diffusion_share_3m,repropagation,lift,S_D_000,8.280061313759877,516733,3.657623260979792e-05
primary,2025-07,future_child_second_order_diffusion_share_3m,repropagation,lift,S_D_025,8.191879769897808,516733,3.657623260979792e-05
primary,2025-07,future_child_second_order_diffusion_share_3m,repropagation,lift,S_D_050,8.720969033070228,516733,3.657623260979792e-05
primary,2025-07,future_child_second_order_diffusion_share_3m,repropagation,lift,S_D_065,8.720969033070228,516733,3.657623260979792e-05
primary,2025-07,future_child_second_order_diffusion_share_3m,repropagation,lift,S_D_075,8.720969033070228,516733,3.657623260979792e-05
primary,2025-07,future_child_second_order_diffusion_share_3m,repropagation,lift,S_D_090,8.720969033070228,516733,3.657623260979792e-05
primary,2025-07,future_child_second_order_diffusion_share_3m,repropagation,lift,S_D_095,8.720969033070228,516733,3.657623260979792e-05
primary,2025-07,future_child_second_order_diffusion_share_3m,repropagation,lift,S_D_099,8.720969033070228,516733,3.657623260979792e-05
primary,2025-07,future_child_second_order_diffusion_share_3m,repropagation,lift,S_MEM_01,8.280061313759877,516733,3.657623260979792e-05
primary,2025-07,future_child_second_order_diffusion_share_3m,repropagation,lift,S_MEM_03,8.191879769897808,516733,3.657623260979792e-05
primary,2025-07,future_child_second_order_diffusion_share_3m,repropagation,lift,S_MEM_06,8.191879769897808,516733,3.657623260979792e-05
primary,2025-07,future_child_second_order_diffusion_share_3m,repropagation,lift,S_MEM_12,8.720969033070228,516733,3.657623260979792e-05
primary,2025-07,future_child_second_order_diffusion_share_3m,repropagation,lift,S_Q_000,2.446852187283955,516733,3.657623260979792e-05
primary,2025-07,future_child_second_order_diffusion_share_3m,repropagation,lift,S_Q_005,8.720969033070228,516733,3.657623260979792e-05
primary,2025-07,future_child_second_order_diffusion_share_3m,repropagation,lift,S_Q_015,8.720969033070228,516733,3.657623260979792e-05
primary,2025-07,future_child_second_order_diffusion_share_3m,repropagation,lift,S_Q_020,8.720969033070228,516733,3.657623260979792e-05
primary,2025-07,future_child_second_order_diffusion_share_3m,repropagation,lift,S_Q_030,8.720969033070228,516733,3.657623260979792e-05
primary,2025-07,future_child_second_order_diffusion_share_3m,repropagation,lift,S_Q_040,8.720969033070228,516733,3.657623260979792e-05
primary,2025-07,future_child_second_order_diffusion_share_3m,repropagation,lift,S_Q_050,8.720969033070228,516733,3.657623260979792e-05
primary,2025-07,future_child_second_order_diffusion_share_3m,repropagation,lift,S_Q_060,8.720969033070228,516733,3.657623260979792e-05
primary,2025-07,future_child_second_order_diffusion_share_3m,repropagation,lift,S_Q_070,8.720969033070228,516733,3.657623260979792e-05
primary,2025-07,future_child_second_order_diffusion_share_3m,repropagation,lift,S_Q_080,8.720969033070228,516733,3.657623260979792e-05
primary,2025-07,future_child_second_order_diffusion_share_3m,repropagation,lift,S_Q_090,8.720969033070228,516733,3.657623260979792e-05
primary,2025-07,future_child_second_order_diffusion_share_3m,repropagation,lift,S_Q_100,8.720969033070228,516733,3.657623260979792e-05
primary,2025-07,future_child_second_order_diffusion_share_3m,repropagation,lift,S_WD_000,8.19187976989781,516733,3.657623260979792e-05
primary,2025-07,future_child_second_order_diffusion_share_3m,repropagation,lift,S_WD_025,8.720969033070228,516733,3.657623260979792e-05
primary,2025-07,future_child_second_order_diffusion_share_3m,repropagation,lift,S_WD_075,8.588696717277124,516733,3.657623260979792e-05
primary,2025-07,future_child_second_order_diffusion_share_3m,repropagation,lift,S_WD_100,8.52256055938057,516733,3.657623260979792e-05
primary,2025-07,future_child_owner_breadth_3m,adoption_breadth,lift,S_C3_Q10,3.266440101947126,516733,0.006368859739943065
primary,2025-07,future_child_owner_breadth_3m,adoption_breadth,lift,AllTime DerivCount,3.1995920254421617,516733,0.006368859739943065
primary,2025-07,future_child_owner_breadth_3m,adoption_breadth,lift,Current DerivCount,2.163446839615213,516733,0.006368859739943065
primary,2025-07,future_child_owner_breadth_3m,adoption_breadth,lift,Vanilla PageRank,3.1995920254421617,516733,0.006368859739943065
primary,2025-07,future_child_owner_breadth_3m,adoption_breadth,lift,Downloads,2.0814060184500294,516733,0.006368859739943065
primary,2025-07,future_child_owner_breadth_3m,adoption_breadth,lift,Likes,2.977777953402962,516733,0.006368859739943065
primary,2025-07,future_child_owner_breadth_3m,adoption_breadth,lift,MTPR_time_safe_typed,3.0263947363156634,516733,0.006368859739943065
primary,2025-07,future_child_owner_breadth_3m,adoption_breadth,lift,Simplified_MTPR_time_safe_typed,2.9534695619466107,516733,0.006368859739943065
primary,2025-07,future_child_owner_breadth_3m,adoption_breadth,lift,No-Propagation ModelRank,3.023356187383619,516733,0.006368859739943065
primary,2025-07,future_child_owner_breadth_3m,adoption_breadth,lift,EventValue_time_safe_typed,2.163446839615213,516733,0.006368859739943065
primary,2025-07,future_child_owner_breadth_3m,adoption_breadth,lift,No child quality,3.0871657149565395,516733,0.006368859739943065
primary,2025-07,future_child_owner_breadth_3m,adoption_breadth,lift,No type weight,3.0780500681604086,516733,0.006368859739943065
primary,2025-07,future_child_owner_breadth_3m,adoption_breadth,lift,No parent size,2.9747394044709177,516733,0.006368859739943065
primary,2025-07,future_child_owner_breadth_3m,adoption_breadth,lift,No quality teleport,3.084127166024496,516733,0.006368859739943065
primary,2025-07,future_child_owner_breadth_3m,adoption_breadth,lift,No PageRank propagation,2.8866214854416463,516733,0.006368859739943065
primary,2025-07,future_child_owner_breadth_3m,adoption_breadth,lift,No temporal inheritance,3.0081634427234,516733,0.006368859739943065
primary,2025-07,future_child_owner_breadth_3m,adoption_breadth,lift,No event injection,2.9565081108786546,516733,0.006368859739943065
primary,2025-07,future_child_owner_breadth_3m,adoption_breadth,lift,S_D_000,3.023356187383619,516733,0.006368859739943065
primary,2025-07,future_child_owner_breadth_3m,adoption_breadth,lift,S_D_025,3.2117462211703374,516733,0.006368859739943065
primary,2025-07,future_child_owner_breadth_3m,adoption_breadth,lift,S_D_050,3.2421317104907756,516733,0.006368859739943065
primary,2025-07,future_child_owner_breadth_3m,adoption_breadth,lift,S_D_065,3.2451702594228196,516733,0.006368859739943065
primary,2025-07,future_child_owner_breadth_3m,adoption_breadth,lift,S_D_075,3.248208808354863,516733,0.006368859739943065
primary,2025-07,future_child_owner_breadth_3m,adoption_breadth,lift,S_D_090,3.284671395539389,516733,0.006368859739943065
primary,2025-07,future_child_owner_breadth_3m,adoption_breadth,lift,S_D_095,3.293787042335521,516733,0.006368859739943065
primary,2025-07,future_child_owner_breadth_3m,adoption_breadth,lift,S_D_099,3.30897978699574,516733,0.006368859739943065
primary,2025-07,future_child_owner_breadth_3m,adoption_breadth,lift,S_MEM_01,3.023356187383619,516733,0.006368859739943065
primary,2025-07,future_child_owner_breadth_3m,adoption_breadth,lift,S_MEM_03,3.4122904506852305,516733,0.006368859739943065
primary,2025-07,future_child_owner_breadth_3m,adoption_breadth,lift,S_MEM_06,3.4214060974813623,516733,0.006368859739943065
primary,2025-07,future_child_owner_breadth_3m,adoption_breadth,lift,S_MEM_12,3.324172531655959,516733,0.006368859739943065
primary,2025-07,future_child_owner_breadth_3m,adoption_breadth,lift,S_Q_000,2.2667575033047034,516733,0.006368859739943065
primary,2025-07,future_child_owner_breadth_3m,adoption_breadth,lift,S_Q_005,3.266440101947126,516733,0.006368859739943065
primary,2025-07,future_child_owner_breadth_3m,adoption_breadth,lift,S_Q_015,3.266440101947126,516733,0.006368859739943065
primary,2025-07,future_child_owner_breadth_3m,adoption_breadth,lift,S_Q_020,3.266440101947126,516733,0.006368859739943065
primary,2025-07,future_child_owner_breadth_3m,adoption_breadth,lift,S_Q_030,3.266440101947126,516733,0.006368859739943065
primary,2025-07,future_child_owner_breadth_3m,adoption_breadth,lift,S_Q_040,3.266440101947126,516733,0.006368859739943065
primary,2025-07,future_child_owner_breadth_3m,adoption_breadth,lift,S_Q_050,3.266440101947126,516733,0.006368859739943065
primary,2025-07,future_child_owner_breadth_3m,adoption_breadth,lift,S_Q_060,3.266440101947126,516733,0.006368859739943065
primary,2025-07,future_child_owner_breadth_3m,adoption_breadth,lift,S_Q_070,3.266440101947126,516733,0.006368859739943065
primary,2025-07,future_child_owner_breadth_3m,adoption_breadth,lift,S_Q_080,3.266440101947126,516733,0.006368859739943065
primary,2025-07,future_child_owner_breadth_3m,adoption_breadth,lift,S_Q_090,3.266440101947126,516733,0.006368859739943065
primary,2025-07,future_child_owner_breadth_3m,adoption_breadth,lift,S_Q_100,3.196553476510118,516733,0.006368859739943065
primary,2025-07,future_child_owner_breadth_3m,adoption_breadth,lift,S_WD_000,3.281632846607345,516733,0.006368859739943065
primary,2025-07,future_child_owner_breadth_3m,adoption_breadth,lift,S_WD_025,3.4244446464134057,516733,0.006368859739943065
primary,2025-07,future_child_owner_breadth_3m,adoption_breadth,lift,S_WD_075,3.1752836339858113,516733,0.006368859739943065
primary,2025-07,future_child_owner_breadth_3m,adoption_breadth,lift,S_WD_100,3.096281361752671,516733,0.006368859739943065
primary,2025-07,future_high_download_child_owner_breadth_3m,adoption_breadth,lift,S_C3_Q10,3.203266299150768,516733,0.0016372091583080623
primary,2025-07,future_high_download_child_owner_breadth_3m,adoption_breadth,lift,AllTime DerivCount,3.439669716062264,516733,0.0016372091583080623
primary,2025-07,future_high_download_child_owner_breadth_3m,adoption_breadth,lift,Current DerivCount,2.7422796361733512,516733,0.0016372091583080623
primary,2025-07,future_high_download_child_owner_breadth_3m,adoption_breadth,lift,Vanilla PageRank,3.439669716062264,516733,0.0016372091583080623
primary,2025-07,future_high_download_child_owner_breadth_3m,adoption_breadth,lift,Downloads,2.1158105813578874,516733,0.0016372091583080623
primary,2025-07,future_high_download_child_owner_breadth_3m,adoption_breadth,lift,Likes,2.943222540548123,516733,0.0016372091583080623
primary,2025-07,future_high_download_child_owner_breadth_3m,adoption_breadth,lift,MTPR_time_safe_typed,3.1678057866140437,516733,0.0016372091583080623
primary,2025-07,future_high_download_child_owner_breadth_3m,adoption_breadth,lift,Simplified_MTPR_time_safe_typed,3.10870493238617,516733,0.0016372091583080623
primary,2025-07,future_high_download_child_owner_breadth_3m,adoption_breadth,lift,No-Propagation ModelRank,3.1796259574596184,516733,0.0016372091583080623
primary,2025-07,future_high_download_child_owner_breadth_3m,adoption_breadth,lift,EventValue_time_safe_typed,2.7422796361733512,516733,0.0016372091583080623
primary,2025-07,future_high_download_child_owner_breadth_3m,adoption_breadth,lift,No child quality,3.203266299150768,516733,0.0016372091583080623
primary,2025-07,future_high_download_child_owner_breadth_3m,adoption_breadth,lift,No type weight,3.203266299150768,516733,0.0016372091583080623
primary,2025-07,future_high_download_child_owner_breadth_3m,adoption_breadth,lift,No parent size,3.0968847615405948,516733,0.0016372091583080623
primary,2025-07,future_high_download_child_owner_breadth_3m,adoption_breadth,lift,No quality teleport,3.3214680076065157,516733,0.0016372091583080623
primary,2025-07,future_high_download_child_owner_breadth_3m,adoption_breadth,lift,No PageRank propagation,2.9195821988569732,516733,0.0016372091583080623
primary,2025-07,future_high_download_child_owner_breadth_3m,adoption_breadth,lift,No temporal inheritance,3.191446128305193,516733,0.0016372091583080623
primary,2025-07,future_high_download_child_owner_breadth_3m,adoption_breadth,lift,No event injection,3.0614242490038706,516733,0.0016372091583080623
primary,2025-07,future_high_download_child_owner_breadth_3m,adoption_breadth,lift,S_D_000,3.1796259574596184,516733,0.0016372091583080623
primary,2025-07,future_high_download_child_owner_breadth_3m,adoption_breadth,lift,S_D_025,3.2741873242242168,516733,0.0016372091583080623
primary,2025-07,future_high_download_child_owner_breadth_3m,adoption_breadth,lift,S_D_050,3.2269066408419174,516733,0.0016372091583080623
primary,2025-07,future_high_download_child_owner_breadth_3m,adoption_breadth,lift,S_D_065,3.191446128305193,516733,0.0016372091583080623
primary,2025-07,future_high_download_child_owner_breadth_3m,adoption_breadth,lift,S_D_075,3.1796259574596184,516733,0.0016372091583080623
primary,2025-07,future_high_download_child_owner_breadth_3m,adoption_breadth,lift,S_D_090,3.2505469825330673,516733,0.0016372091583080623
primary,2025-07,future_high_download_child_owner_breadth_3m,adoption_breadth,lift,S_D_095,3.2505469825330673,516733,0.0016372091583080623
primary,2025-07,future_high_download_child_owner_breadth_3m,adoption_breadth,lift,S_D_099,3.262367153378642,516733,0.0016372091583080623
primary,2025-07,future_high_download_child_owner_breadth_3m,adoption_breadth,lift,S_MEM_01,3.1796259574596184,516733,0.0016372091583080623
primary,2025-07,future_high_download_child_owner_breadth_3m,adoption_breadth,lift,S_MEM_03,3.7233538163560587,516733,0.0016372091583080623
primary,2025-07,future_high_download_child_owner_breadth_3m,adoption_breadth,lift,S_MEM_06,3.6406126204370355,516733,0.0016372091583080623
primary,2025-07,future_high_download_child_owner_breadth_3m,adoption_breadth,lift,S_MEM_12,3.3214680076065157,516733,0.0016372091583080623
primary,2025-07,future_high_download_child_owner_breadth_3m,adoption_breadth,lift,S_Q_000,2.872301515474674,516733,0.0016372091583080623
primary,2025-07,future_high_download_child_owner_breadth_3m,adoption_breadth,lift,S_Q_005,3.203266299150768,516733,0.0016372091583080623
primary,2025-07,future_high_download_child_owner_breadth_3m,adoption_breadth,lift,S_Q_015,3.203266299150768,516733,0.0016372091583080623
primary,2025-07,future_high_download_child_owner_breadth_3m,adoption_breadth,lift,S_Q_020,3.203266299150768,516733,0.0016372091583080623
primary,2025-07,future_high_download_child_owner_breadth_3m,adoption_breadth,lift,S_Q_030,3.203266299150768,516733,0.0016372091583080623
primary,2025-07,future_high_download_child_owner_breadth_3m,adoption_breadth,lift,S_Q_040,3.203266299150768,516733,0.0016372091583080623
primary,2025-07,future_high_download_child_owner_breadth_3m,adoption_breadth,lift,S_Q_050,3.203266299150768,516733,0.0016372091583080623
primary,2025-07,future_high_download_child_owner_breadth_3m,adoption_breadth,lift,S_Q_060,3.203266299150768,516733,0.0016372091583080623
primary,2025-07,future_high_download_child_owner_breadth_3m,adoption_breadth,lift,S_Q_070,3.203266299150768,516733,0.0016372091583080623
primary,2025-07,future_high_download_child_owner_breadth_3m,adoption_breadth,lift,S_Q_080,3.203266299150768,516733,0.0016372091583080623
primary,2025-07,future_high_download_child_owner_breadth_3m,adoption_breadth,lift,S_Q_090,3.203266299150768,516733,0.0016372091583080623
primary,2025-07,future_high_download_child_owner_breadth_3m,adoption_breadth,lift,S_Q_100,3.1205251032317447,516733,0.0016372091583080623
primary,2025-07,future_high_download_child_owner_breadth_3m,adoption_breadth,lift,S_WD_000,3.4514898869078388,516733,0.0016372091583080623
primary,2025-07,future_high_download_child_owner_breadth_3m,adoption_breadth,lift,S_WD_025,3.416029374371114,516733,0.0016372091583080623
primary,2025-07,future_high_download_child_owner_breadth_3m,adoption_breadth,lift,S_WD_075,3.191446128305193,516733,0.0016372091583080623
primary,2025-07,future_high_download_child_owner_breadth_3m,adoption_breadth,lift,S_WD_100,3.0968847615405948,516733,0.0016372091583080623
primary,2025-07,future_high_like_child_owner_breadth_3m,adoption_breadth,lift,S_C3_Q10,4.943572322631845,516733,0.0012017811906729393
primary,2025-07,future_high_like_child_owner_breadth_3m,adoption_breadth,lift,AllTime DerivCount,4.879160956864655,516733,0.0012017811906729393
primary,2025-07,future_high_like_child_owner_breadth_3m,adoption_breadth,lift,Current DerivCount,2.8502029351981646,516733,0.0012017811906729393
primary,2025-07,future_high_like_child_owner_breadth_3m,adoption_breadth,lift,Vanilla PageRank,4.879160956864655,516733,0.0012017811906729393
primary,2025-07,future_high_like_child_owner_breadth_3m,adoption_breadth,lift,Downloads,2.7696887279891773,516733,0.0012017811906729393
primary,2025-07,future_high_like_child_owner_breadth_3m,adoption_breadth,lift,Likes,4.573206969470502,516733,0.0012017811906729393
primary,2025-07,future_high_like_child_owner_breadth_3m,adoption_breadth,lift,MTPR_time_safe_typed,4.492692762261514,516733,0.0012017811906729393
primary,2025-07,future_high_like_child_owner_breadth_3m,adoption_breadth,lift,Simplified_MTPR_time_safe_typed,4.379972872168931,516733,0.0012017811906729393
primary,2025-07,future_high_like_child_owner_breadth_3m,adoption_breadth,lift,No-Propagation ModelRank,4.492692762261514,516733,0.0012017811906729393
primary,2025-07,future_high_like_child_owner_breadth_3m,adoption_breadth,lift,EventValue_time_safe_typed,2.8502029351981646,516733,0.0012017811906729393
primary,2025-07,future_high_like_child_owner_breadth_3m,adoption_breadth,lift,No child quality,4.541001286586907,516733,0.0012017811906729393
primary,2025-07,future_high_like_child_owner_breadth_3m,adoption_breadth,lift,No type weight,4.541001286586907,516733,0.0012017811906729393
primary,2025-07,future_high_like_child_owner_breadth_3m,adoption_breadth,lift,No parent size,4.379972872168931,516733,0.0012017811906729393
primary,2025-07,future_high_like_child_owner_breadth_3m,adoption_breadth,lift,No quality teleport,4.669824018121287,516733,0.0012017811906729393
primary,2025-07,future_high_like_child_owner_breadth_3m,adoption_breadth,lift,No PageRank propagation,4.251150140634551,516733,0.0012017811906729393
primary,2025-07,future_high_like_child_owner_breadth_3m,adoption_breadth,lift,No temporal inheritance,4.492692762261514,516733,0.0012017811906729393
primary,2025-07,future_high_like_child_owner_breadth_3m,adoption_breadth,lift,No event injection,4.331664347843538,516733,0.0012017811906729393
primary,2025-07,future_high_like_child_owner_breadth_3m,adoption_breadth,lift,S_D_000,4.492692762261514,516733,0.0012017811906729393
primary,2025-07,future_high_like_child_owner_breadth_3m,adoption_breadth,lift,S_D_025,4.814749591097465,516733,0.0012017811906729393
primary,2025-07,future_high_like_child_owner_breadth_3m,adoption_breadth,lift,S_D_050,4.895263798306453,516733,0.0012017811906729393
primary,2025-07,future_high_like_child_owner_breadth_3m,adoption_breadth,lift,S_D_065,4.927469481190047,516733,0.0012017811906729393
primary,2025-07,future_high_like_child_owner_breadth_3m,adoption_breadth,lift,S_D_075,4.943572322631845,516733,0.0012017811906729393
primary,2025-07,future_high_like_child_owner_breadth_3m,adoption_breadth,lift,S_D_090,4.97577800551544,516733,0.0012017811906729393
primary,2025-07,future_high_like_child_owner_breadth_3m,adoption_breadth,lift,S_D_095,4.97577800551544,516733,0.0012017811906729393
primary,2025-07,future_high_like_child_owner_breadth_3m,adoption_breadth,lift,S_D_099,5.007983688399035,516733,0.0012017811906729393
primary,2025-07,future_high_like_child_owner_breadth_3m,adoption_breadth,lift,S_MEM_01,4.492692762261514,516733,0.0012017811906729393
primary,2025-07,future_high_like_child_owner_breadth_3m,adoption_breadth,lift,S_MEM_03,5.201217785700606,516733,0.0012017811906729393
primary,2025-07,future_high_like_child_owner_breadth_3m,adoption_breadth,lift,S_MEM_06,5.136806419933415,516733,0.0012017811906729393
primary,2025-07,future_high_like_child_owner_breadth_3m,adoption_breadth,lift,S_MEM_12,4.97577800551544,516733,0.0012017811906729393
primary,2025-07,future_high_like_child_owner_breadth_3m,adoption_breadth,lift,S_Q_000,3.1561569225923183,516733,0.0012017811906729393
primary,2025-07,future_high_like_child_owner_breadth_3m,adoption_breadth,lift,S_Q_005,4.943572322631845,516733,0.0012017811906729393
primary,2025-07,future_high_like_child_owner_breadth_3m,adoption_breadth,lift,S_Q_015,4.943572322631845,516733,0.0012017811906729393
primary,2025-07,future_high_like_child_owner_breadth_3m,adoption_breadth,lift,S_Q_020,4.943572322631845,516733,0.0012017811906729393
primary,2025-07,future_high_like_child_owner_breadth_3m,adoption_breadth,lift,S_Q_030,4.943572322631845,516733,0.0012017811906729393
primary,2025-07,future_high_like_child_owner_breadth_3m,adoption_breadth,lift,S_Q_040,4.943572322631845,516733,0.0012017811906729393
primary,2025-07,future_high_like_child_owner_breadth_3m,adoption_breadth,lift,S_Q_050,4.943572322631845,516733,0.0012017811906729393
primary,2025-07,future_high_like_child_owner_breadth_3m,adoption_breadth,lift,S_Q_060,4.943572322631845,516733,0.0012017811906729393
primary,2025-07,future_high_like_child_owner_breadth_3m,adoption_breadth,lift,S_Q_070,4.943572322631845,516733,0.0012017811906729393
primary,2025-07,future_high_like_child_owner_breadth_3m,adoption_breadth,lift,S_Q_080,4.943572322631845,516733,0.0012017811906729393
primary,2025-07,future_high_like_child_owner_breadth_3m,adoption_breadth,lift,S_Q_090,4.943572322631845,516733,0.0012017811906729393
primary,2025-07,future_high_like_child_owner_breadth_3m,adoption_breadth,lift,S_Q_100,4.814749591097465,516733,0.0012017811906729393
primary,2025-07,future_high_like_child_owner_breadth_3m,adoption_breadth,lift,S_WD_000,5.152909261375213,516733,0.0012017811906729393
primary,2025-07,future_high_like_child_owner_breadth_3m,adoption_breadth,lift,S_WD_025,5.249526310025998,516733,0.0012017811906729393
primary,2025-07,future_high_like_child_owner_breadth_3m,adoption_breadth,lift,S_WD_075,4.782543908213869,516733,0.0012017811906729393
primary,2025-07,future_high_like_child_owner_breadth_3m,adoption_breadth,lift,S_WD_100,4.637618335237692,516733,0.0012017811906729393
primary,2025-07,future_cross_owner_reuse_share_3m,adoption_breadth,lift,S_C3_Q10,3.9296287626462774,516733,0.0037034695339113522
primary,2025-07,future_cross_owner_reuse_share_3m,adoption_breadth,lift,AllTime DerivCount,3.9261762693828373,516733,0.0037034695339113522
primary,2025-07,future_cross_owner_reuse_share_3m,adoption_breadth,lift,Current DerivCount,2.58891054534393,516733,0.0037034695339113522
primary,2025-07,future_cross_owner_reuse_share_3m,adoption_breadth,lift,Vanilla PageRank,3.9261762693828373,516733,0.0037034695339113522
primary,2025-07,future_cross_owner_reuse_share_3m,adoption_breadth,lift,Downloads,2.5943402937372766,516733,0.0037034695339113522
primary,2025-07,future_cross_owner_reuse_share_3m,adoption_breadth,lift,Likes,3.6382258897948163,516733,0.0037034695339113522
primary,2025-07,future_cross_owner_reuse_share_3m,adoption_breadth,lift,MTPR_time_safe_typed,3.6245652137470445,516733,0.0037034695339113522
primary,2025-07,future_cross_owner_reuse_share_3m,adoption_breadth,lift,Simplified_MTPR_time_safe_typed,3.5013329767222934,516733,0.0037034695339113522
primary,2025-07,future_cross_owner_reuse_share_3m,adoption_breadth,lift,No-Propagation ModelRank,3.5874524663422154,516733,0.0037034695339113522
primary,2025-07,future_cross_owner_reuse_share_3m,adoption_breadth,lift,EventValue_time_safe_typed,2.58891054534393,516733,0.0037034695339113522
primary,2025-07,future_cross_owner_reuse_share_3m,adoption_breadth,lift,No child quality,3.686299525722493,516733,0.0037034695339113522
primary,2025-07,future_cross_owner_reuse_share_3m,adoption_breadth,lift,No type weight,3.6836868281177284,516733,0.0037034695339113522
primary,2025-07,future_cross_owner_reuse_share_3m,adoption_breadth,lift,No parent size,3.567085866442213,516733,0.0037034695339113522
primary,2025-07,future_cross_owner_reuse_share_3m,adoption_breadth,lift,No quality teleport,3.75635092507311,516733,0.0037034695339113522
primary,2025-07,future_cross_owner_reuse_share_3m,adoption_breadth,lift,No PageRank propagation,3.429919242192049,516733,0.0037034695339113522
primary,2025-07,future_cross_owner_reuse_share_3m,adoption_breadth,lift,No temporal inheritance,3.5823266024700096,516733,0.0037034695339113522
primary,2025-07,future_cross_owner_reuse_share_3m,adoption_breadth,lift,No event injection,3.535733495185032,516733,0.0037034695339113522
primary,2025-07,future_cross_owner_reuse_share_3m,adoption_breadth,lift,S_D_000,3.5874524663422154,516733,0.0037034695339113522
primary,2025-07,future_cross_owner_reuse_share_3m,adoption_breadth,lift,S_D_025,3.828256095581394,516733,0.0037034695339113522
primary,2025-07,future_cross_owner_reuse_share_3m,adoption_breadth,lift,S_D_050,3.8805100476766943,516733,0.0037034695339113522
primary,2025-07,future_cross_owner_reuse_share_3m,adoption_breadth,lift,S_D_065,3.8805100476766943,516733,0.0037034695339113522
primary,2025-07,future_cross_owner_reuse_share_3m,adoption_breadth,lift,S_D_075,3.9035017865986266,516733,0.0037034695339113522
primary,2025-07,future_cross_owner_reuse_share_3m,adoption_breadth,lift,S_D_090,3.960981133903458,516733,0.0037034695339113522
primary,2025-07,future_cross_owner_reuse_share_3m,adoption_breadth,lift,S_D_095,3.971431924322518,516733,0.0037034695339113522
primary,2025-07,future_cross_owner_reuse_share_3m,adoption_breadth,lift,S_D_099,3.9871081099511083,516733,0.0037034695339113522
primary,2025-07,future_cross_owner_reuse_share_3m,adoption_breadth,lift,S_MEM_01,3.5874524663422154,516733,0.0037034695339113522
primary,2025-07,future_cross_owner_reuse_share_3m,adoption_breadth,lift,S_MEM_03,4.132199916935727,516733,0.0037034695339113522
primary,2025-07,future_cross_owner_reuse_share_3m,adoption_breadth,lift,S_MEM_06,4.147876102564317,516733,0.0037034695339113522
primary,2025-07,future_cross_owner_reuse_share_3m,adoption_breadth,lift,S_MEM_12,3.9954687422863566,516733,0.0037034695339113522
primary,2025-07,future_cross_owner_reuse_share_3m,adoption_breadth,lift,S_Q_000,2.722158123186947,516733,0.0037034695339113522
primary,2025-07,future_cross_owner_reuse_share_3m,adoption_breadth,lift,S_Q_005,3.9296287626462774,516733,0.0037034695339113522
primary,2025-07,future_cross_owner_reuse_share_3m,adoption_breadth,lift,S_Q_015,3.9296287626462774,516733,0.0037034695339113522
primary,2025-07,future_cross_owner_reuse_share_3m,adoption_breadth,lift,S_Q_020,3.9296287626462774,516733,0.0037034695339113522
primary,2025-07,future_cross_owner_reuse_share_3m,adoption_breadth,lift,S_Q_030,3.9296287626462774,516733,0.0037034695339113522
primary,2025-07,future_cross_owner_reuse_share_3m,adoption_breadth,lift,S_Q_040,3.9296287626462774,516733,0.0037034695339113522
primary,2025-07,future_cross_owner_reuse_share_3m,adoption_breadth,lift,S_Q_050,3.929628762646277,516733,0.0037034695339113522
primary,2025-07,future_cross_owner_reuse_share_3m,adoption_breadth,lift,S_Q_060,3.9296287626462774,516733,0.0037034695339113522
primary,2025-07,future_cross_owner_reuse_share_3m,adoption_breadth,lift,S_Q_070,3.929628762646277,516733,0.0037034695339113522
primary,2025-07,future_cross_owner_reuse_share_3m,adoption_breadth,lift,S_Q_080,3.929628762646277,516733,0.0037034695339113522
primary,2025-07,future_cross_owner_reuse_share_3m,adoption_breadth,lift,S_Q_090,3.929628762646277,516733,0.0037034695339113522
primary,2025-07,future_cross_owner_reuse_share_3m,adoption_breadth,lift,S_Q_100,3.847863769034297,516733,0.0037034695339113522
primary,2025-07,future_cross_owner_reuse_share_3m,adoption_breadth,lift,S_WD_000,4.077930455259607,516733,0.0037034695339113522
primary,2025-07,future_cross_owner_reuse_share_3m,adoption_breadth,lift,S_WD_025,4.185051057054974,516733,0.0037034695339113522
primary,2025-07,future_cross_owner_reuse_share_3m,adoption_breadth,lift,S_WD_075,3.8230307003718638,516733,0.0037034695339113522
primary,2025-07,future_cross_owner_reuse_share_3m,adoption_breadth,lift,S_WD_100,3.700887087349098,516733,0.0037034695339113522
primary,2025-08,future_direct_children_3m,quantity,lift,S_C3_Q10,4.583624077448459,535671,0.006345312701266263
primary,2025-08,future_direct_children_3m,quantity,lift,AllTime DerivCount,4.027587523765686,535671,0.006345312701266263
primary,2025-08,future_direct_children_3m,quantity,lift,Current DerivCount,2.44479564079568,535671,0.006345312701266263
primary,2025-08,future_direct_children_3m,quantity,lift,Vanilla PageRank,4.027587523765686,535671,0.006345312701266263
primary,2025-08,future_direct_children_3m,quantity,lift,Downloads,3.518622847643361,535671,0.006345312701266263
primary,2025-08,future_direct_children_3m,quantity,lift,Likes,4.104079324801412,535671,0.006345312701266263
primary,2025-08,future_direct_children_3m,quantity,lift,MTPR_time_safe_typed,4.489480322327566,535671,0.006345312701266263
primary,2025-08,future_direct_children_3m,quantity,lift,Simplified_MTPR_time_safe_typed,4.433582467724536,535671,0.006345312701266263
primary,2025-08,future_direct_children_3m,quantity,lift,No-Propagation ModelRank,4.515958253455317,535671,0.006345312701266263
primary,2025-08,future_direct_children_3m,quantity,lift,EventValue_time_safe_typed,2.44479564079568,535671,0.006345312701266263
primary,2025-08,future_direct_children_3m,quantity,lift,No child quality,4.5777400927534035,535671,0.006345312701266263
primary,2025-08,future_direct_children_3m,quantity,lift,No type weight,4.53949419223554,535671,0.006345312701266263
primary,2025-08,future_direct_children_3m,quantity,lift,No parent size,4.468886375894871,535671,0.006345312701266263
primary,2025-08,future_direct_children_3m,quantity,lift,No quality teleport,3.8393000135239013,535671,0.006345312701266263
primary,2025-08,future_direct_children_3m,quantity,lift,No PageRank propagation,4.412988521291841,535671,0.006345312701266263
primary,2025-08,future_direct_children_3m,quantity,lift,No temporal inheritance,4.480654345284982,535671,0.006345312701266263
primary,2025-08,future_direct_children_3m,quantity,lift,No event injection,4.468886375894871,535671,0.006345312701266263
primary,2025-08,future_direct_children_3m,quantity,lift,S_D_000,4.515958253455317,535671,0.006345312701266263
primary,2025-08,future_direct_children_3m,quantity,lift,S_D_025,4.763085610647661,535671,0.006345312701266263
primary,2025-08,future_direct_children_3m,quantity,lift,S_D_050,4.745433656562493,535671,0.006345312701266263
primary,2025-08,future_direct_children_3m,quantity,lift,S_D_065,4.665999863179239,535671,0.006345312701266263
primary,2025-08,future_direct_children_3m,quantity,lift,S_D_075,4.58068208510093,535671,0.006345312701266263
primary,2025-08,future_direct_children_3m,quantity,lift,S_D_090,4.589508062143515,535671,0.006345312701266263
primary,2025-08,future_direct_children_3m,quantity,lift,S_D_095,4.613044000923738,535671,0.006345312701266263
primary,2025-08,future_direct_children_3m,quantity,lift,S_D_099,4.592450054491042,535671,0.006345312701266263
primary,2025-08,future_direct_children_3m,quantity,lift,S_MEM_01,4.515958253455317,535671,0.006345312701266263
primary,2025-08,future_direct_children_3m,quantity,lift,S_MEM_03,4.766027602995188,535671,0.006345312701266263
primary,2025-08,future_direct_children_3m,quantity,lift,S_MEM_06,4.924895189761695,535671,0.006345312701266263
primary,2025-08,future_direct_children_3m,quantity,lift,S_MEM_12,4.810157488208106,535671,0.006345312701266263
primary,2025-08,future_direct_children_3m,quantity,lift,S_Q_000,2.680155028597911,535671,0.006345312701266263
primary,2025-08,future_direct_children_3m,quantity,lift,S_Q_005,4.583624077448459,535671,0.006345312701266263
primary,2025-08,future_direct_children_3m,quantity,lift,S_Q_015,4.583624077448459,535671,0.006345312701266263
primary,2025-08,future_direct_children_3m,quantity,lift,S_Q_020,4.583624077448459,535671,0.006345312701266263
primary,2025-08,future_direct_children_3m,quantity,lift,S_Q_030,4.583624077448459,535671,0.006345312701266263
primary,2025-08,future_direct_children_3m,quantity,lift,S_Q_040,4.583624077448459,535671,0.006345312701266263
primary,2025-08,future_direct_children_3m,quantity,lift,S_Q_050,4.583624077448459,535671,0.006345312701266263
primary,2025-08,future_direct_children_3m,quantity,lift,S_Q_060,4.583624077448459,535671,0.006345312701266263
primary,2025-08,future_direct_children_3m,quantity,lift,S_Q_070,4.583624077448459,535671,0.006345312701266263
primary,2025-08,future_direct_children_3m,quantity,lift,S_Q_080,4.583624077448459,535671,0.006345312701266263
primary,2025-08,future_direct_children_3m,quantity,lift,S_Q_090,4.583624077448459,535671,0.006345312701266263
primary,2025-08,future_direct_children_3m,quantity,lift,S_Q_100,4.545378176930596,535671,0.006345312701266263
primary,2025-08,future_direct_children_3m,quantity,lift,S_WD_000,4.4541764141572315,535671,0.006345312701266263
primary,2025-08,future_direct_children_3m,quantity,lift,S_WD_025,4.824867449945746,535671,0.006345312701266263
primary,2025-08,future_direct_children_3m,quantity,lift,S_WD_075,4.563030131015764,535671,0.006345312701266263
primary,2025-08,future_direct_children_3m,quantity,lift,S_WD_100,4.345322697298699,535671,0.006345312701266263
primary,2025-08,future_active_parent_months_3m,quantity,lift,S_C3_Q10,4.467683381071087,535671,0.0036477614057882544
primary,2025-08,future_active_parent_months_3m,quantity,lift,AllTime DerivCount,4.027567950633385,535671,0.0036477614057882544
primary,2025-08,future_active_parent_months_3m,quantity,lift,Current DerivCount,2.328517684292491,535671,0.0036477614057882544
primary,2025-08,future_active_parent_months_3m,quantity,lift,Vanilla PageRank,4.027567950633385,535671,0.0036477614057882544
primary,2025-08,future_active_parent_months_3m,quantity,lift,Downloads,3.5209234435016126,535671,0.0036477614057882544
primary,2025-08,future_active_parent_months_3m,quantity,lift,Likes,3.930333146234358,535671,0.0036477614057882544
primary,2025-08,future_active_parent_months_3m,quantity,lift,MTPR_time_safe_typed,4.268096150988873,535671,0.0036477614057882544
primary,2025-08,future_active_parent_months_3m,quantity,lift,Simplified_MTPR_time_safe_typed,4.21180231686312,535671,0.0036477614057882544
primary,2025-08,future_active_parent_months_3m,quantity,lift,No-Propagation ModelRank,4.273213772273032,535671,0.0036477614057882544
primary,2025-08,future_active_parent_months_3m,quantity,lift,EventValue_time_safe_typed,2.328517684292491,535671,0.0036477614057882544
primary,2025-08,future_active_parent_months_3m,quantity,lift,No child quality,4.3346252276829444,535671,0.0036477614057882544
primary,2025-08,future_active_parent_months_3m,quantity,lift,No type weight,4.309037121262148,535671,0.0036477614057882544
primary,2025-08,future_active_parent_months_3m,quantity,lift,No parent size,4.242508044568076,535671,0.0036477614057882544
primary,2025-08,future_active_parent_months_3m,quantity,lift,No quality teleport,3.7972749928462153,535671,0.0036477614057882544
primary,2025-08,future_active_parent_months_3m,quantity,lift,No PageRank propagation,4.21180231686312,535671,0.0036477614057882544
primary,2025-08,future_active_parent_months_3m,quantity,lift,No temporal inheritance,4.247625665852236,535671,0.0036477614057882544
primary,2025-08,future_active_parent_months_3m,quantity,lift,No event injection,4.242508044568076,535671,0.0036477614057882544
primary,2025-08,future_active_parent_months_3m,quantity,lift,S_D_000,4.273213772273032,535671,0.0036477614057882544
primary,2025-08,future_active_parent_months_3m,quantity,lift,S_D_025,4.529094836480999,535671,0.0036477614057882544
primary,2025-08,future_active_parent_months_3m,quantity,lift,S_D_050,4.51374197262852,535671,0.0036477614057882544
primary,2025-08,future_active_parent_months_3m,quantity,lift,S_D_065,4.472801002355246,535671,0.0036477614057882544
primary,2025-08,future_active_parent_months_3m,quantity,lift,S_D_075,4.462565759786927,535671,0.0036477614057882544
primary,2025-08,future_active_parent_months_3m,quantity,lift,S_D_090,4.472801002355246,535671,0.0036477614057882544
primary,2025-08,future_active_parent_months_3m,quantity,lift,S_D_095,4.503506730060202,535671,0.0036477614057882544
primary,2025-08,future_active_parent_months_3m,quantity,lift,S_D_099,4.477918623639406,535671,0.0036477614057882544
primary,2025-08,future_active_parent_months_3m,quantity,lift,S_MEM_01,4.273213772273032,535671,0.0036477614057882544
primary,2025-08,future_active_parent_months_3m,quantity,lift,S_MEM_03,4.559800564185954,535671,0.0036477614057882544
primary,2025-08,future_active_parent_months_3m,quantity,lift,S_MEM_06,4.718446823994894,535671,0.0036477614057882544
primary,2025-08,future_active_parent_months_3m,quantity,lift,S_MEM_12,4.585388670606751,535671,0.0036477614057882544
primary,2025-08,future_active_parent_months_3m,quantity,lift,S_Q_000,2.5639282633638194,535671,0.0036477614057882544
primary,2025-08,future_active_parent_months_3m,quantity,lift,S_Q_005,4.467683381071087,535671,0.0036477614057882544
primary,2025-08,future_active_parent_months_3m,quantity,lift,S_Q_015,4.467683381071087,535671,0.0036477614057882544
primary,2025-08,future_active_parent_months_3m,quantity,lift,S_Q_020,4.467683381071087,535671,0.0036477614057882544
primary,2025-08,future_active_parent_months_3m,quantity,lift,S_Q_030,4.467683381071087,535671,0.0036477614057882544
primary,2025-08,future_active_parent_months_3m,quantity,lift,S_Q_040,4.467683381071087,535671,0.0036477614057882544
primary,2025-08,future_active_parent_months_3m,quantity,lift,S_Q_050,4.467683381071087,535671,0.0036477614057882544
primary,2025-08,future_active_parent_months_3m,quantity,lift,S_Q_060,4.467683381071087,535671,0.0036477614057882544
primary,2025-08,future_active_parent_months_3m,quantity,lift,S_Q_070,4.467683381071087,535671,0.0036477614057882544
primary,2025-08,future_active_parent_months_3m,quantity,lift,S_Q_080,4.467683381071087,535671,0.0036477614057882544
primary,2025-08,future_active_parent_months_3m,quantity,lift,S_Q_090,4.467683381071087,535671,0.0036477614057882544
primary,2025-08,future_active_parent_months_3m,quantity,lift,S_Q_100,4.43697765336613,535671,0.0036477614057882544
primary,2025-08,future_active_parent_months_3m,quantity,lift,S_WD_000,4.319272363830466,535671,0.0036477614057882544
primary,2025-08,future_active_parent_months_3m,quantity,lift,S_WD_025,4.692858717574097,535671,0.0036477614057882544
primary,2025-08,future_active_parent_months_3m,quantity,lift,S_WD_075,4.283449014841351,535671,0.0036477614057882544
primary,2025-08,future_active_parent_months_3m,quantity,lift,S_WD_100,4.181096589158165,535671,0.0036477614057882544
primary,2025-08,future_active_parent_binary_3m,quantity,auc,S_C3_Q10,0.7389791194606704,535671,0.003356537874926961
primary,2025-08,future_active_parent_binary_3m,quantity,auc,AllTime DerivCount,0.6549851741683234,535671,0.003356537874926961
primary,2025-08,future_active_parent_binary_3m,quantity,auc,Current DerivCount,0.5310752708104599,535671,0.003356537874926961
primary,2025-08,future_active_parent_binary_3m,quantity,auc,Vanilla PageRank,0.6541004687122485,535671,0.003356537874926961
primary,2025-08,future_active_parent_binary_3m,quantity,auc,Downloads,0.6759005159490725,535671,0.003356537874926961
primary,2025-08,future_active_parent_binary_3m,quantity,auc,Likes,0.6525758594518278,535671,0.003356537874926961
primary,2025-08,future_active_parent_binary_3m,quantity,auc,MTPR_time_safe_typed,0.7004060102265222,535671,0.003356537874926961
primary,2025-08,future_active_parent_binary_3m,quantity,auc,Simplified_MTPR_time_safe_typed,0.7266324032557543,535671,0.003356537874926961
primary,2025-08,future_active_parent_binary_3m,quantity,auc,No-Propagation ModelRank,0.728043820427003,535671,0.003356537874926961
primary,2025-08,future_active_parent_binary_3m,quantity,auc,EventValue_time_safe_typed,0.5310652104257955,535671,0.003356537874926961
primary,2025-08,future_active_parent_binary_3m,quantity,auc,No child quality,0.7016927450929362,535671,0.003356537874926961
primary,2025-08,future_active_parent_binary_3m,quantity,auc,No type weight,0.7014393217425965,535671,0.003356537874926961
primary,2025-08,future_active_parent_binary_3m,quantity,auc,No parent size,0.6990363816241917,535671,0.003356537874926961
primary,2025-08,future_active_parent_binary_3m,quantity,auc,No quality teleport,0.6435588482508267,535671,0.003356537874926961
primary,2025-08,future_active_parent_binary_3m,quantity,auc,No PageRank propagation,0.6979720143871856,535671,0.003356537874926961
primary,2025-08,future_active_parent_binary_3m,quantity,auc,No temporal inheritance,0.7277522911690052,535671,0.003356537874926961
primary,2025-08,future_active_parent_binary_3m,quantity,auc,No event injection,0.6983392840590229,535671,0.003356537874926961
primary,2025-08,future_active_parent_binary_3m,quantity,auc,S_D_000,0.7280472103505504,535671,0.003356537874926961
primary,2025-08,future_active_parent_binary_3m,quantity,auc,S_D_025,0.7404167236350576,535671,0.003356537874926961
primary,2025-08,future_active_parent_binary_3m,quantity,auc,S_D_050,0.7398965099678639,535671,0.003356537874926961
primary,2025-08,future_active_parent_binary_3m,quantity,auc,S_D_065,0.7394898165477761,535671,0.003356537874926961
primary,2025-08,future_active_parent_binary_3m,quantity,auc,S_D_075,0.7392477578796673,535671,0.003356537874926961
primary,2025-08,future_active_parent_binary_3m,quantity,auc,S_D_090,0.7388934915961889,535671,0.003356537874926961
primary,2025-08,future_active_parent_binary_3m,quantity,auc,S_D_095,0.7387858401672466,535671,0.003356537874926961
primary,2025-08,future_active_parent_binary_3m,quantity,auc,S_D_099,0.7386516022159032,535671,0.003356537874926961
primary,2025-08,future_active_parent_binary_3m,quantity,auc,S_MEM_01,0.7280364863576194,535671,0.003356537874926961
primary,2025-08,future_active_parent_binary_3m,quantity,auc,S_MEM_03,0.7340024137464113,535671,0.003356537874926961
primary,2025-08,future_active_parent_binary_3m,quantity,auc,S_MEM_06,0.7434958935993382,535671,0.003356537874926961
primary,2025-08,future_active_parent_binary_3m,quantity,auc,S_MEM_12,0.741497296144265,535671,0.003356537874926961
primary,2025-08,future_active_parent_binary_3m,quantity,auc,S_Q_000,0.5448006571501185,535671,0.003356537874926961
primary,2025-08,future_active_parent_binary_3m,quantity,auc,S_Q_005,0.7389666593560024,535671,0.003356537874926961
primary,2025-08,future_active_parent_binary_3m,quantity,auc,S_Q_015,0.7389849554630407,535671,0.003356537874926961
primary,2025-08,future_active_parent_binary_3m,quantity,auc,S_Q_020,0.73898580502747,535671,0.003356537874926961
primary,2025-08,future_active_parent_binary_3m,quantity,auc,S_Q_030,0.7389968274878553,535671,0.003356537874926961
primary,2025-08,future_active_parent_binary_3m,quantity,auc,S_Q_040,0.7390003346106649,535671,0.003356537874926961
primary,2025-08,future_active_parent_binary_3m,quantity,auc,S_Q_050,0.7390035354527362,535671,0.003356537874926961
primary,2025-08,future_active_parent_binary_3m,quantity,auc,S_Q_060,0.7390047965167971,535671,0.003356537874926961
primary,2025-08,future_active_parent_binary_3m,quantity,auc,S_Q_070,0.7390035526419613,535671,0.003356537874926961
primary,2025-08,future_active_parent_binary_3m,quantity,auc,S_Q_080,0.7389883907036362,535671,0.003356537874926961
primary,2025-08,future_active_parent_binary_3m,quantity,auc,S_Q_090,0.7389377215559594,535671,0.003356537874926961
primary,2025-08,future_active_parent_binary_3m,quantity,auc,S_Q_100,0.7376040522916897,535671,0.003356537874926961
primary,2025-08,future_active_parent_binary_3m,quantity,auc,S_WD_000,0.6726304731828847,535671,0.003356537874926961
primary,2025-08,future_active_parent_binary_3m,quantity,auc,S_WD_025,0.7438443530500406,535671,0.003356537874926961
primary,2025-08,future_active_parent_binary_3m,quantity,auc,S_WD_075,0.7301303636875207,535671,0.003356537874926961
primary,2025-08,future_active_parent_binary_3m,quantity,auc,S_WD_100,0.7189182014510802,535671,0.003356537874926961
primary,2025-08,future_child_download_quality_sum_3m,descendant_quality,lift,S_C3_Q10,4.11009345598895,535671,0.026479177335131564
primary,2025-08,future_child_download_quality_sum_3m,descendant_quality,lift,AllTime DerivCount,3.6753734406332925,535671,0.026479177335131564
primary,2025-08,future_child_download_quality_sum_3m,descendant_quality,lift,Current DerivCount,2.384077593492888,535671,0.026479177335131564
primary,2025-08,future_child_download_quality_sum_3m,descendant_quality,lift,Vanilla PageRank,3.6753734406332925,535671,0.026479177335131564
primary,2025-08,future_child_download_quality_sum_3m,descendant_quality,lift,Downloads,3.4858230359214377,535671,0.026479177335131564
primary,2025-08,future_child_download_quality_sum_3m,descendant_quality,lift,Likes,3.5354529108493065,535671,0.026479177335131564
primary,2025-08,future_child_download_quality_sum_3m,descendant_quality,lift,MTPR_time_safe_typed,4.055705914342837,535671,0.026479177335131564
primary,2025-08,future_child_download_quality_sum_3m,descendant_quality,lift,Simplified_MTPR_time_safe_typed,4.051437348735112,535671,0.026479177335131564
primary,2025-08,future_child_download_quality_sum_3m,descendant_quality,lift,No-Propagation ModelRank,4.105308450135961,535671,0.026479177335131564
primary,2025-08,future_child_download_quality_sum_3m,descendant_quality,lift,EventValue_time_safe_typed,2.384077593492889,535671,0.026479177335131564
primary,2025-08,future_child_download_quality_sum_3m,descendant_quality,lift,No child quality,4.125561378344027,535671,0.026479177335131564
primary,2025-08,future_child_download_quality_sum_3m,descendant_quality,lift,No type weight,4.09361435343969,535671,0.026479177335131564
primary,2025-08,future_child_download_quality_sum_3m,descendant_quality,lift,No parent size,4.027924755407345,535671,0.026479177335131564
primary,2025-08,future_child_download_quality_sum_3m,descendant_quality,lift,No quality teleport,3.468178644415431,535671,0.026479177335131564
primary,2025-08,future_child_download_quality_sum_3m,descendant_quality,lift,No PageRank propagation,3.9644699765839855,535671,0.026479177335131564
primary,2025-08,future_child_download_quality_sum_3m,descendant_quality,lift,No temporal inheritance,4.0923376807636105,535671,0.026479177335131564
primary,2025-08,future_child_download_quality_sum_3m,descendant_quality,lift,No event injection,4.027924755407344,535671,0.026479177335131564
primary,2025-08,future_child_download_quality_sum_3m,descendant_quality,lift,S_D_000,4.105308450135961,535671,0.026479177335131564
primary,2025-08,future_child_download_quality_sum_3m,descendant_quality,lift,S_D_025,4.248384139009388,535671,0.026479177335131564
primary,2025-08,future_child_download_quality_sum_3m,descendant_quality,lift,S_D_050,4.231529224309196,535671,0.026479177335131564
primary,2025-08,future_child_download_quality_sum_3m,descendant_quality,lift,S_D_065,4.1601269743888505,535671,0.026479177335131564
primary,2025-08,future_child_download_quality_sum_3m,descendant_quality,lift,S_D_075,4.101128683794392,535671,0.026479177335131564
primary,2025-08,future_child_download_quality_sum_3m,descendant_quality,lift,S_D_090,4.121057604082344,535671,0.026479177335131564
primary,2025-08,future_child_download_quality_sum_3m,descendant_quality,lift,S_D_095,4.142148806978248,535671,0.026479177335131564
primary,2025-08,future_child_download_quality_sum_3m,descendant_quality,lift,S_D_099,4.111352122842641,535671,0.026479177335131564
primary,2025-08,future_child_download_quality_sum_3m,descendant_quality,lift,S_MEM_01,4.105308450135961,535671,0.026479177335131564
primary,2025-08,future_child_download_quality_sum_3m,descendant_quality,lift,S_MEM_03,4.413753830275587,535671,0.026479177335131564
primary,2025-08,future_child_download_quality_sum_3m,descendant_quality,lift,S_MEM_06,4.544883594464886,535671,0.026479177335131564
primary,2025-08,future_child_download_quality_sum_3m,descendant_quality,lift,S_MEM_12,4.3139990982046585,535671,0.026479177335131564
primary,2025-08,future_child_download_quality_sum_3m,descendant_quality,lift,S_Q_000,2.601467857556493,535671,0.026479177335131564
primary,2025-08,future_child_download_quality_sum_3m,descendant_quality,lift,S_Q_005,4.110093455988949,535671,0.026479177335131564
primary,2025-08,future_child_download_quality_sum_3m,descendant_quality,lift,S_Q_015,4.110093455988949,535671,0.026479177335131564
primary,2025-08,future_child_download_quality_sum_3m,descendant_quality,lift,S_Q_020,4.110093455988949,535671,0.026479177335131564
primary,2025-08,future_child_download_quality_sum_3m,descendant_quality,lift,S_Q_030,4.110093455988949,535671,0.026479177335131564
primary,2025-08,future_child_download_quality_sum_3m,descendant_quality,lift,S_Q_040,4.110093455988949,535671,0.026479177335131564
primary,2025-08,future_child_download_quality_sum_3m,descendant_quality,lift,S_Q_050,4.110093455988949,535671,0.026479177335131564
primary,2025-08,future_child_download_quality_sum_3m,descendant_quality,lift,S_Q_060,4.110093455988949,535671,0.026479177335131564
primary,2025-08,future_child_download_quality_sum_3m,descendant_quality,lift,S_Q_070,4.11009345598895,535671,0.026479177335131564
primary,2025-08,future_child_download_quality_sum_3m,descendant_quality,lift,S_Q_080,4.110093455988949,535671,0.026479177335131564
primary,2025-08,future_child_download_quality_sum_3m,descendant_quality,lift,S_Q_090,4.11009345598895,535671,0.026479177335131564
primary,2025-08,future_child_download_quality_sum_3m,descendant_quality,lift,S_Q_100,4.091964040431465,535671,0.026479177335131564
primary,2025-08,future_child_download_quality_sum_3m,descendant_quality,lift,S_WD_000,3.9008618366417998,535671,0.026479177335131564
primary,2025-08,future_child_download_quality_sum_3m,descendant_quality,lift,S_WD_025,4.286792446121024,535671,0.026479177335131564
primary,2025-08,future_child_download_quality_sum_3m,descendant_quality,lift,S_WD_075,4.030943027723159,535671,0.026479177335131564
primary,2025-08,future_child_download_quality_sum_3m,descendant_quality,lift,S_WD_100,3.887692436864956,535671,0.026479177335131564
primary,2025-08,future_child_like_quality_sum_3m,descendant_quality,lift,S_C3_Q10,5.365966345691057,535671,0.0015174356896081474
primary,2025-08,future_child_like_quality_sum_3m,descendant_quality,lift,AllTime DerivCount,4.994576607674137,535671,0.0015174356896081474
primary,2025-08,future_child_like_quality_sum_3m,descendant_quality,lift,Current DerivCount,2.558706687039594,535671,0.0015174356896081474
primary,2025-08,future_child_like_quality_sum_3m,descendant_quality,lift,Vanilla PageRank,4.994576607674137,535671,0.0015174356896081474
primary,2025-08,future_child_like_quality_sum_3m,descendant_quality,lift,Downloads,4.1108313384694695,535671,0.0015174356896081474
primary,2025-08,future_child_like_quality_sum_3m,descendant_quality,lift,Likes,5.123649921607937,535671,0.0015174356896081474
primary,2025-08,future_child_like_quality_sum_3m,descendant_quality,lift,MTPR_time_safe_typed,5.255753050721443,535671,0.0015174356896081474
primary,2025-08,future_child_like_quality_sum_3m,descendant_quality,lift,Simplified_MTPR_time_safe_typed,5.23431062014518,535671,0.0015174356896081474
primary,2025-08,future_child_like_quality_sum_3m,descendant_quality,lift,No-Propagation ModelRank,5.242837884655895,535671,0.0015174356896081474
primary,2025-08,future_child_like_quality_sum_3m,descendant_quality,lift,EventValue_time_safe_typed,2.558706687039594,535671,0.0015174356896081474
primary,2025-08,future_child_like_quality_sum_3m,descendant_quality,lift,No child quality,5.281334844253582,535671,0.0015174356896081474
primary,2025-08,future_child_like_quality_sum_3m,descendant_quality,lift,No type weight,5.272807579742868,535671,0.0015174356896081474
primary,2025-08,future_child_like_quality_sum_3m,descendant_quality,lift,No parent size,5.218898826660059,535671,0.0015174356896081474
primary,2025-08,future_child_like_quality_sum_3m,descendant_quality,lift,No quality teleport,4.697972870109715,535671,0.0015174356896081474
primary,2025-08,future_child_like_quality_sum_3m,descendant_quality,lift,No PageRank propagation,5.221643992678592,535671,0.0015174356896081474
primary,2025-08,future_child_like_quality_sum_3m,descendant_quality,lift,No temporal inheritance,5.242837884655894,535671,0.0015174356896081474
primary,2025-08,future_child_like_quality_sum_3m,descendant_quality,lift,No event injection,5.218898826660059,535671,0.0015174356896081474
primary,2025-08,future_child_like_quality_sum_3m,descendant_quality,lift,S_D_000,5.242837884655895,535671,0.0015174356896081474
primary,2025-08,future_child_like_quality_sum_3m,descendant_quality,lift,S_D_025,5.411948062680817,535671,0.0015174356896081474
primary,2025-08,future_child_like_quality_sum_3m,descendant_quality,lift,S_D_050,5.383020874712482,535671,0.0015174356896081474
primary,2025-08,future_child_like_quality_sum_3m,descendant_quality,lift,S_D_065,5.357439081180345,535671,0.0015174356896081474
primary,2025-08,future_child_like_quality_sum_3m,descendant_quality,lift,S_D_075,5.348911816669632,535671,0.0015174356896081474
primary,2025-08,future_child_like_quality_sum_3m,descendant_quality,lift,S_D_090,5.383020874712484,535671,0.0015174356896081474
primary,2025-08,future_child_like_quality_sum_3m,descendant_quality,lift,S_D_095,5.383020874712484,535671,0.0015174356896081474
primary,2025-08,future_child_like_quality_sum_3m,descendant_quality,lift,S_D_099,5.374493610201771,535671,0.0015174356896081474
primary,2025-08,future_child_like_quality_sum_3m,descendant_quality,lift,S_MEM_01,5.242837884655894,535671,0.0015174356896081474
primary,2025-08,future_child_like_quality_sum_3m,descendant_quality,lift,S_MEM_03,5.445402093809067,535671,0.0015174356896081474
primary,2025-08,future_child_like_quality_sum_3m,descendant_quality,lift,S_MEM_06,5.505092945384057,535671,0.0015174356896081474
primary,2025-08,future_child_like_quality_sum_3m,descendant_quality,lift,S_MEM_12,5.375287578721451,535671,0.0015174356896081474
primary,2025-08,future_child_like_quality_sum_3m,descendant_quality,lift,S_Q_000,2.992811584203851,535671,0.0015174356896081474
primary,2025-08,future_child_like_quality_sum_3m,descendant_quality,lift,S_Q_005,5.365966345691057,535671,0.0015174356896081474
primary,2025-08,future_child_like_quality_sum_3m,descendant_quality,lift,S_Q_015,5.365966345691057,535671,0.0015174356896081474
primary,2025-08,future_child_like_quality_sum_3m,descendant_quality,lift,S_Q_020,5.365966345691057,535671,0.0015174356896081474
primary,2025-08,future_child_like_quality_sum_3m,descendant_quality,lift,S_Q_030,5.365966345691057,535671,0.0015174356896081474
primary,2025-08,future_child_like_quality_sum_3m,descendant_quality,lift,S_Q_040,5.365966345691057,535671,0.0015174356896081474
primary,2025-08,future_child_like_quality_sum_3m,descendant_quality,lift,S_Q_050,5.365966345691057,535671,0.0015174356896081474
primary,2025-08,future_child_like_quality_sum_3m,descendant_quality,lift,S_Q_060,5.365966345691057,535671,0.0015174356896081474
primary,2025-08,future_child_like_quality_sum_3m,descendant_quality,lift,S_Q_070,5.365966345691057,535671,0.0015174356896081474
primary,2025-08,future_child_like_quality_sum_3m,descendant_quality,lift,S_Q_080,5.365966345691057,535671,0.0015174356896081474
primary,2025-08,future_child_like_quality_sum_3m,descendant_quality,lift,S_Q_090,5.365966345691057,535671,0.0015174356896081474
primary,2025-08,future_child_like_quality_sum_3m,descendant_quality,lift,S_Q_100,5.365966345691057,535671,0.0015174356896081474
primary,2025-08,future_child_like_quality_sum_3m,descendant_quality,lift,S_WD_000,5.555170797473543,535671,0.0015174356896081474
primary,2025-08,future_child_like_quality_sum_3m,descendant_quality,lift,S_WD_025,5.616310644482815,535671,0.0015174356896081474
primary,2025-08,future_child_like_quality_sum_3m,descendant_quality,lift,S_WD_075,5.0337387153241595,535671,0.0015174356896081474
primary,2025-08,future_child_like_quality_sum_3m,descendant_quality,lift,S_WD_100,4.882684658187312,535671,0.0015174356896081474
primary,2025-08,future_high_download_child_count_3m,descendant_quality,lift,S_C3_Q10,3.2756316383902693,535671,0.0018350816079272538
primary,2025-08,future_high_download_child_count_3m,descendant_quality,lift,AllTime DerivCount,3.0721762571237927,535671,0.0018350816079272538
primary,2025-08,future_high_download_child_count_3m,descendant_quality,lift,Current DerivCount,2.461810113324364,535671,0.0018350816079272538
primary,2025-08,future_high_download_child_count_3m,descendant_quality,lift,Vanilla PageRank,3.0721762571237927,535671,0.0018350816079272538
primary,2025-08,future_high_download_child_count_3m,descendant_quality,lift,Downloads,3.407877636213479,535671,0.0018350816079272538
primary,2025-08,future_high_download_child_count_3m,descendant_quality,lift,Likes,2.6754382636541636,535671,0.0018350816079272538
primary,2025-08,future_high_download_child_count_3m,descendant_quality,lift,MTPR_time_safe_typed,3.3773593290235073,535671,0.0018350816079272538
primary,2025-08,future_high_download_child_count_3m,descendant_quality,lift,Simplified_MTPR_time_safe_typed,3.458741481530098,535671,0.0018350816079272538
primary,2025-08,future_high_download_child_count_3m,descendant_quality,lift,No-Propagation ModelRank,3.4994325577833933,535671,0.0018350816079272538
primary,2025-08,future_high_download_child_count_3m,descendant_quality,lift,EventValue_time_safe_typed,2.461810113324364,535671,0.0018350816079272538
primary,2025-08,future_high_download_child_count_3m,descendant_quality,lift,No child quality,3.418050405276803,535671,0.0018350816079272538
primary,2025-08,future_high_download_child_count_3m,descendant_quality,lift,No type weight,3.418050405276803,535671,0.0018350816079272538
primary,2025-08,future_high_download_child_count_3m,descendant_quality,lift,No parent size,3.346841021833536,535671,0.0018350816079272538
primary,2025-08,future_high_download_child_count_3m,descendant_quality,lift,No quality teleport,2.8382025686673447,535671,0.0018350816079272538
primary,2025-08,future_high_download_child_count_3m,descendant_quality,lift,No PageRank propagation,3.2552861002636218,535671,0.0018350816079272538
primary,2025-08,future_high_download_child_count_3m,descendant_quality,lift,No temporal inheritance,3.4994325577833933,535671,0.0018350816079272538
primary,2025-08,future_high_download_child_count_3m,descendant_quality,lift,No event injection,3.346841021833536,535671,0.0018350816079272538
primary,2025-08,future_high_download_child_count_3m,descendant_quality,lift,S_D_000,3.4994325577833933,535671,0.0018350816079272538
primary,2025-08,future_high_download_child_count_3m,descendant_quality,lift,S_D_025,3.418050405276803,535671,0.0018350816079272538
primary,2025-08,future_high_download_child_count_3m,descendant_quality,lift,S_D_050,3.3671865599601833,535671,0.0018350816079272538
primary,2025-08,future_high_download_child_count_3m,descendant_quality,lift,S_D_065,3.2654588693269453,535671,0.0018350816079272538
primary,2025-08,future_high_download_child_count_3m,descendant_quality,lift,S_D_075,3.2552861002636218,535671,0.0018350816079272538
primary,2025-08,future_high_download_child_count_3m,descendant_quality,lift,S_D_090,3.295977176516917,535671,0.0018350816079272538
primary,2025-08,future_high_download_child_count_3m,descendant_quality,lift,S_D_095,3.3061499455802403,535671,0.0018350816079272538
primary,2025-08,future_high_download_child_count_3m,descendant_quality,lift,S_D_099,3.2552861002636218,535671,0.0018350816079272538
primary,2025-08,future_high_download_child_count_3m,descendant_quality,lift,S_MEM_01,3.4994325577833933,535671,0.0018350816079272538
primary,2025-08,future_high_download_child_count_3m,descendant_quality,lift,S_MEM_03,3.8554794749997265,535671,0.0018350816079272538
primary,2025-08,future_high_download_child_count_3m,descendant_quality,lift,S_MEM_06,3.947034396569641,535671,0.0018350816079272538
primary,2025-08,future_high_download_child_count_3m,descendant_quality,lift,S_MEM_12,3.4892597887200694,535671,0.0018350816079272538
primary,2025-08,future_high_download_child_count_3m,descendant_quality,lift,S_Q_000,2.6449199564641925,535671,0.0018350816079272538
primary,2025-08,future_high_download_child_count_3m,descendant_quality,lift,S_Q_005,3.2756316383902693,535671,0.0018350816079272538
primary,2025-08,future_high_download_child_count_3m,descendant_quality,lift,S_Q_015,3.2756316383902693,535671,0.0018350816079272538
primary,2025-08,future_high_download_child_count_3m,descendant_quality,lift,S_Q_020,3.2756316383902693,535671,0.0018350816079272538
primary,2025-08,future_high_download_child_count_3m,descendant_quality,lift,S_Q_030,3.2756316383902693,535671,0.0018350816079272538
primary,2025-08,future_high_download_child_count_3m,descendant_quality,lift,S_Q_040,3.2756316383902693,535671,0.0018350816079272538
primary,2025-08,future_high_download_child_count_3m,descendant_quality,lift,S_Q_050,3.2756316383902693,535671,0.0018350816079272538
primary,2025-08,future_high_download_child_count_3m,descendant_quality,lift,S_Q_060,3.2756316383902693,535671,0.0018350816079272538
primary,2025-08,future_high_download_child_count_3m,descendant_quality,lift,S_Q_070,3.2756316383902693,535671,0.0018350816079272538
primary,2025-08,future_high_download_child_count_3m,descendant_quality,lift,S_Q_080,3.2756316383902693,535671,0.0018350816079272538
primary,2025-08,future_high_download_child_count_3m,descendant_quality,lift,S_Q_090,3.2756316383902693,535671,0.0018350816079272538
primary,2025-08,future_high_download_child_count_3m,descendant_quality,lift,S_Q_100,3.2654588693269453,535671,0.0018350816079272538
primary,2025-08,future_high_download_child_count_3m,descendant_quality,lift,S_WD_000,3.0925217952504407,535671,0.0018350816079272538
primary,2025-08,future_high_download_child_count_3m,descendant_quality,lift,S_WD_025,3.397704867150155,535671,0.0018350816079272538
primary,2025-08,future_high_download_child_count_3m,descendant_quality,lift,S_WD_075,3.051830718997145,535671,0.0018350816079272538
primary,2025-08,future_high_download_child_count_3m,descendant_quality,lift,S_WD_100,3.0213124118071737,535671,0.0018350816079272538
primary,2025-08,future_high_like_child_count_3m,descendant_quality,lift,S_C3_Q10,4.826651578968381,535671,0.0015083885444610592
primary,2025-08,future_high_like_child_count_3m,descendant_quality,lift,AllTime DerivCount,4.628635103933781,535671,0.0015083885444610592
primary,2025-08,future_high_like_child_count_3m,descendant_quality,lift,Current DerivCount,2.636094323898116,535671,0.0015083885444610592
primary,2025-08,future_high_like_child_count_3m,descendant_quality,lift,Vanilla PageRank,4.628635103933781,535671,0.0015083885444610592
primary,2025-08,future_high_like_child_count_3m,descendant_quality,lift,Downloads,3.613800669381454,535671,0.0015083885444610592
primary,2025-08,future_high_like_child_count_3m,descendant_quality,lift,Likes,4.4924987773474925,535671,0.0015083885444610592
primary,2025-08,future_high_like_child_count_3m,descendant_quality,lift,MTPR_time_safe_typed,4.715267311761418,535671,0.0015083885444610592
primary,2025-08,future_high_like_child_count_3m,descendant_quality,lift,Simplified_MTPR_time_safe_typed,4.653387163313106,535671,0.0015083885444610592
primary,2025-08,future_high_like_child_count_3m,descendant_quality,lift,No-Propagation ModelRank,4.665763193002768,535671,0.0015083885444610592
primary,2025-08,future_high_like_child_count_3m,descendant_quality,lift,EventValue_time_safe_typed,2.636094323898116,535671,0.0015083885444610592
primary,2025-08,future_high_like_child_count_3m,descendant_quality,lift,No child quality,4.740019371140743,535671,0.0015083885444610592
primary,2025-08,future_high_like_child_count_3m,descendant_quality,lift,No type weight,4.740019371140743,535671,0.0015083885444610592
primary,2025-08,future_high_like_child_count_3m,descendant_quality,lift,No parent size,4.6781392226924305,535671,0.0015083885444610592
primary,2025-08,future_high_like_child_count_3m,descendant_quality,lift,No quality teleport,4.368738480450867,535671,0.0015083885444610592
primary,2025-08,future_high_like_child_count_3m,descendant_quality,lift,No PageRank propagation,4.665763193002768,535671,0.0015083885444610592
primary,2025-08,future_high_like_child_count_3m,descendant_quality,lift,No temporal inheritance,4.665763193002768,535671,0.0015083885444610592
primary,2025-08,future_high_like_child_count_3m,descendant_quality,lift,No event injection,4.6781392226924305,535671,0.0015083885444610592
primary,2025-08,future_high_like_child_count_3m,descendant_quality,lift,S_D_000,4.665763193002768,535671,0.0015083885444610592
primary,2025-08,future_high_like_child_count_3m,descendant_quality,lift,S_D_025,4.839027608658043,535671,0.0015083885444610592
primary,2025-08,future_high_like_child_count_3m,descendant_quality,lift,S_D_050,4.839027608658043,535671,0.0015083885444610592
primary,2025-08,future_high_like_child_count_3m,descendant_quality,lift,S_D_065,4.801899519589056,535671,0.0015083885444610592
primary,2025-08,future_high_like_child_count_3m,descendant_quality,lift,S_D_075,4.789523489899393,535671,0.0015083885444610592
primary,2025-08,future_high_like_child_count_3m,descendant_quality,lift,S_D_090,4.851403638347706,535671,0.0015083885444610592
primary,2025-08,future_high_like_child_count_3m,descendant_quality,lift,S_D_095,4.851403638347706,535671,0.0015083885444610592
primary,2025-08,future_high_like_child_count_3m,descendant_quality,lift,S_D_099,4.839027608658043,535671,0.0015083885444610592
primary,2025-08,future_high_like_child_count_3m,descendant_quality,lift,S_MEM_01,4.665763193002768,535671,0.0015083885444610592
primary,2025-08,future_high_like_child_count_3m,descendant_quality,lift,S_MEM_03,4.92565981648568,535671,0.0015083885444610592
primary,2025-08,future_high_like_child_count_3m,descendant_quality,lift,S_MEM_06,4.987539964933993,535671,0.0015083885444610592
primary,2025-08,future_high_like_child_count_3m,descendant_quality,lift,S_MEM_12,4.863779668037368,535671,0.0015083885444610592
primary,2025-08,future_high_like_child_count_3m,descendant_quality,lift,S_Q_000,2.9826231552086657,535671,0.0015083885444610592
primary,2025-08,future_high_like_child_count_3m,descendant_quality,lift,S_Q_005,4.826651578968381,535671,0.0015083885444610592
primary,2025-08,future_high_like_child_count_3m,descendant_quality,lift,S_Q_015,4.826651578968381,535671,0.0015083885444610592
primary,2025-08,future_high_like_child_count_3m,descendant_quality,lift,S_Q_020,4.826651578968381,535671,0.0015083885444610592
primary,2025-08,future_high_like_child_count_3m,descendant_quality,lift,S_Q_030,4.826651578968381,535671,0.0015083885444610592
primary,2025-08,future_high_like_child_count_3m,descendant_quality,lift,S_Q_040,4.826651578968381,535671,0.0015083885444610592
primary,2025-08,future_high_like_child_count_3m,descendant_quality,lift,S_Q_050,4.826651578968381,535671,0.0015083885444610592
primary,2025-08,future_high_like_child_count_3m,descendant_quality,lift,S_Q_060,4.826651578968381,535671,0.0015083885444610592
primary,2025-08,future_high_like_child_count_3m,descendant_quality,lift,S_Q_070,4.826651578968381,535671,0.0015083885444610592
primary,2025-08,future_high_like_child_count_3m,descendant_quality,lift,S_Q_080,4.826651578968381,535671,0.0015083885444610592
primary,2025-08,future_high_like_child_count_3m,descendant_quality,lift,S_Q_090,4.826651578968381,535671,0.0015083885444610592
primary,2025-08,future_high_like_child_count_3m,descendant_quality,lift,S_Q_100,4.826651578968381,535671,0.0015083885444610592
primary,2025-08,future_high_like_child_count_3m,descendant_quality,lift,S_WD_000,4.950411875865005,535671,0.0015083885444610592
primary,2025-08,future_high_like_child_count_3m,descendant_quality,lift,S_WD_025,4.999915994623656,535671,0.0015083885444610592
primary,2025-08,future_high_like_child_count_3m,descendant_quality,lift,S_WD_075,4.591507014864793,535671,0.0015083885444610592
primary,2025-08,future_high_like_child_count_3m,descendant_quality,lift,S_WD_100,4.418242599209517,535671,0.0015083885444610592
primary,2025-08,future_nonzero_like_child_share_3m,descendant_quality,lift,S_C3_Q10,4.514970611178467,535671,0.000820023732232353
primary,2025-08,future_nonzero_like_child_share_3m,descendant_quality,lift,AllTime DerivCount,4.2880791875065265,535671,0.000820023732232353
primary,2025-08,future_nonzero_like_child_share_3m,descendant_quality,lift,Current DerivCount,2.3264073889954884,535671,0.000820023732232353
primary,2025-08,future_nonzero_like_child_share_3m,descendant_quality,lift,Vanilla PageRank,4.288079187506527,535671,0.000820023732232353
primary,2025-08,future_nonzero_like_child_share_3m,descendant_quality,lift,Downloads,3.6779017980808355,535671,0.000820023732232353
primary,2025-08,future_nonzero_like_child_share_3m,descendant_quality,lift,Likes,4.464084372802492,535671,0.000820023732232353
primary,2025-08,future_nonzero_like_child_share_3m,descendant_quality,lift,MTPR_time_safe_typed,4.420658361491612,535671,0.000820023732232353
primary,2025-08,future_nonzero_like_child_share_3m,descendant_quality,lift,Simplified_MTPR_time_safe_typed,4.448735226628274,535671,0.000820023732232353
primary,2025-08,future_nonzero_like_child_share_3m,descendant_quality,lift,No-Propagation ModelRank,4.456323568557101,535671,0.000820023732232353
primary,2025-08,future_nonzero_like_child_share_3m,descendant_quality,lift,EventValue_time_safe_typed,2.3264073889954884,535671,0.000820023732232353
primary,2025-08,future_nonzero_like_child_share_3m,descendant_quality,lift,No child quality,4.454805900171335,535671,0.000820023732232353
primary,2025-08,future_nonzero_like_child_share_3m,descendant_quality,lift,No type weight,4.443423387278094,535671,0.000820023732232353
primary,2025-08,future_nonzero_like_child_share_3m,descendant_quality,lift,No parent size,4.375128309918647,535671,0.000820023732232353
primary,2025-08,future_nonzero_like_child_share_3m,descendant_quality,lift,No quality teleport,3.946603800709294,535671,0.000820023732232353
primary,2025-08,future_nonzero_like_child_share_3m,descendant_quality,lift,No PageRank propagation,4.422176029877377,535671,0.000820023732232353
primary,2025-08,future_nonzero_like_child_share_3m,descendant_quality,lift,No temporal inheritance,4.4563235685571,535671,0.000820023732232353
primary,2025-08,future_nonzero_like_child_share_3m,descendant_quality,lift,No event injection,4.375128309918647,535671,0.000820023732232353
primary,2025-08,future_nonzero_like_child_share_3m,descendant_quality,lift,S_D_000,4.456323568557101,535671,0.000820023732232353
primary,2025-08,future_nonzero_like_child_share_3m,descendant_quality,lift,S_D_025,4.562018331137196,535671,0.000820023732232353
primary,2025-08,future_nonzero_like_child_share_3m,descendant_quality,lift,S_D_050,4.560500662751431,535671,0.000820023732232353
primary,2025-08,future_nonzero_like_child_share_3m,descendant_quality,lift,S_D_065,4.514970611178467,535671,0.000820023732232353
primary,2025-08,future_nonzero_like_child_share_3m,descendant_quality,lift,S_D_075,4.492205585391985,535671,0.000820023732232353
primary,2025-08,future_nonzero_like_child_share_3m,descendant_quality,lift,S_D_090,4.537735636964949,535671,0.000820023732232353
primary,2025-08,future_nonzero_like_child_share_3m,descendant_quality,lift,S_D_095,4.537735636964949,535671,0.000820023732232353
primary,2025-08,future_nonzero_like_child_share_3m,descendant_quality,lift,S_D_099,4.530147295036121,535671,0.000820023732232353
primary,2025-08,future_nonzero_like_child_share_3m,descendant_quality,lift,S_MEM_01,4.456323568557101,535671,0.000820023732232353
primary,2025-08,future_nonzero_like_child_share_3m,descendant_quality,lift,S_MEM_03,4.723650014221221,535671,0.000820023732232353
primary,2025-08,future_nonzero_like_child_share_3m,descendant_quality,lift,S_MEM_06,4.769180065794185,535671,0.000820023732232353
primary,2025-08,future_nonzero_like_child_share_3m,descendant_quality,lift,S_MEM_12,4.560500662751432,535671,0.000820023732232353
primary,2025-08,future_nonzero_like_child_share_3m,descendant_quality,lift,S_Q_000,2.60667015090018,535671,0.000820023732232353
primary,2025-08,future_nonzero_like_child_share_3m,descendant_quality,lift,S_Q_005,4.514970611178467,535671,0.000820023732232353
primary,2025-08,future_nonzero_like_child_share_3m,descendant_quality,lift,S_Q_015,4.514970611178467,535671,0.000820023732232353
primary,2025-08,future_nonzero_like_child_share_3m,descendant_quality,lift,S_Q_020,4.514970611178467,535671,0.000820023732232353
primary,2025-08,future_nonzero_like_child_share_3m,descendant_quality,lift,S_Q_030,4.514970611178467,535671,0.000820023732232353
primary,2025-08,future_nonzero_like_child_share_3m,descendant_quality,lift,S_Q_040,4.514970611178467,535671,0.000820023732232353
primary,2025-08,future_nonzero_like_child_share_3m,descendant_quality,lift,S_Q_050,4.514970611178467,535671,0.000820023732232353
primary,2025-08,future_nonzero_like_child_share_3m,descendant_quality,lift,S_Q_060,4.514970611178467,535671,0.000820023732232353
primary,2025-08,future_nonzero_like_child_share_3m,descendant_quality,lift,S_Q_070,4.514970611178467,535671,0.000820023732232353
primary,2025-08,future_nonzero_like_child_share_3m,descendant_quality,lift,S_Q_080,4.514970611178467,535671,0.000820023732232353
primary,2025-08,future_nonzero_like_child_share_3m,descendant_quality,lift,S_Q_090,4.514970611178467,535671,0.000820023732232353
primary,2025-08,future_nonzero_like_child_share_3m,descendant_quality,lift,S_Q_100,4.514970611178467,535671,0.000820023732232353
primary,2025-08,future_nonzero_like_child_share_3m,descendant_quality,lift,S_WD_000,4.788485990259864,535671,0.000820023732232353
primary,2025-08,future_nonzero_like_child_share_3m,descendant_quality,lift,S_WD_025,4.812985494201507,535671,0.000820023732232353
primary,2025-08,future_nonzero_like_child_share_3m,descendant_quality,lift,S_WD_075,4.22509594949726,535671,0.000820023732232353
primary,2025-08,future_nonzero_like_child_share_3m,descendant_quality,lift,S_WD_100,4.037013474547037,535671,0.000820023732232353
primary,2025-08,future_nonzero_download_child_share_3m,descendant_quality,lift,S_C3_Q10,4.320390456711541,535671,0.003105542373053359
primary,2025-08,future_nonzero_download_child_share_3m,descendant_quality,lift,AllTime DerivCount,3.8855843971672024,535671,0.003105542373053359
primary,2025-08,future_nonzero_download_child_share_3m,descendant_quality,lift,Current DerivCount,2.2286741001542496,535671,0.003105542373053359
primary,2025-08,future_nonzero_download_child_share_3m,descendant_quality,lift,Vanilla PageRank,3.8855843971672024,535671,0.003105542373053359
primary,2025-08,future_nonzero_download_child_share_3m,descendant_quality,lift,Downloads,3.617224792638295,535671,0.003105542373053359
primary,2025-08,future_nonzero_download_child_share_3m,descendant_quality,lift,Likes,3.665523498963824,535671,0.003105542373053359
primary,2025-08,future_nonzero_download_child_share_3m,descendant_quality,lift,MTPR_time_safe_typed,4.09116551103471,535671,0.003105542373053359
primary,2025-08,future_nonzero_download_child_share_3m,descendant_quality,lift,Simplified_MTPR_time_safe_typed,4.041573575671935,535671,0.003105542373053359
primary,2025-08,future_nonzero_download_child_share_3m,descendant_quality,lift,No-Propagation ModelRank,4.077640437753954,535671,0.003105542373053359
primary,2025-08,future_nonzero_download_child_share_3m,descendant_quality,lift,EventValue_time_safe_typed,2.2286741001542496,535671,0.003105542373053359
primary,2025-08,future_nonzero_download_child_share_3m,descendant_quality,lift,No child quality,4.139254660477402,535671,0.003105542373053359
primary,2025-08,future_nonzero_download_child_share_3m,descendant_quality,lift,No type weight,4.115210085756056,535671,0.003105542373053359
primary,2025-08,future_nonzero_download_child_share_3m,descendant_quality,lift,No parent size,4.061109792633028,535671,0.003105542373053359
primary,2025-08,future_nonzero_download_child_share_3m,descendant_quality,lift,No quality teleport,3.645138649953742,535671,0.003105542373053359
primary,2025-08,future_nonzero_download_child_share_3m,descendant_quality,lift,No PageRank propagation,4.037065217911681,535671,0.003105542373053359
primary,2025-08,future_nonzero_download_child_share_3m,descendant_quality,lift,No temporal inheritance,4.071629294073616,535671,0.003105542373053359
primary,2025-08,future_nonzero_download_child_share_3m,descendant_quality,lift,No event injection,4.061109792633028,535671,0.003105542373053359
primary,2025-08,future_nonzero_download_child_share_3m,descendant_quality,lift,S_D_000,4.077640437753954,535671,0.003105542373053359
primary,2025-08,future_nonzero_download_child_share_3m,descendant_quality,lift,S_D_025,4.340928530952691,535671,0.003105542373053359
primary,2025-08,future_nonzero_download_child_share_3m,descendant_quality,lift,S_D_050,4.344435031432887,535671,0.003105542373053359
primary,2025-08,future_nonzero_download_child_share_3m,descendant_quality,lift,S_D_065,4.308368169350868,535671,0.003105542373053359
primary,2025-08,future_nonzero_download_child_share_3m,descendant_quality,lift,S_D_075,4.308368169350868,535671,0.003105542373053359
primary,2025-08,future_nonzero_download_child_share_3m,descendant_quality,lift,S_D_090,4.326401600391878,535671,0.003105542373053359
primary,2025-08,future_nonzero_download_child_share_3m,descendant_quality,lift,S_D_095,4.362468462473896,535671,0.003105542373053359
primary,2025-08,future_nonzero_download_child_share_3m,descendant_quality,lift,S_D_099,4.338423887752551,535671,0.003105542373053359
primary,2025-08,future_nonzero_download_child_share_3m,descendant_quality,lift,S_MEM_01,4.077640437753954,535671,0.003105542373053359
primary,2025-08,future_nonzero_download_child_share_3m,descendant_quality,lift,S_MEM_03,4.372186478090441,535671,0.003105542373053359
primary,2025-08,future_nonzero_download_child_share_3m,descendant_quality,lift,S_MEM_06,4.5465096448202,535671,0.003105542373053359
primary,2025-08,future_nonzero_download_child_share_3m,descendant_quality,lift,S_MEM_12,4.422579899277262,535671,0.003105542373053359
primary,2025-08,future_nonzero_download_child_share_3m,descendant_quality,lift,S_Q_000,2.4360585571258584,535671,0.003105542373053359
primary,2025-08,future_nonzero_download_child_share_3m,descendant_quality,lift,S_Q_005,4.320390456711542,535671,0.003105542373053359
primary,2025-08,future_nonzero_download_child_share_3m,descendant_quality,lift,S_Q_015,4.320390456711541,535671,0.003105542373053359
primary,2025-08,future_nonzero_download_child_share_3m,descendant_quality,lift,S_Q_020,4.320390456711541,535671,0.003105542373053359
primary,2025-08,future_nonzero_download_child_share_3m,descendant_quality,lift,S_Q_030,4.320390456711541,535671,0.003105542373053359
primary,2025-08,future_nonzero_download_child_share_3m,descendant_quality,lift,S_Q_040,4.320390456711541,535671,0.003105542373053359
primary,2025-08,future_nonzero_download_child_share_3m,descendant_quality,lift,S_Q_050,4.320390456711542,535671,0.003105542373053359
primary,2025-08,future_nonzero_download_child_share_3m,descendant_quality,lift,S_Q_060,4.320390456711541,535671,0.003105542373053359
primary,2025-08,future_nonzero_download_child_share_3m,descendant_quality,lift,S_Q_070,4.320390456711542,535671,0.003105542373053359
primary,2025-08,future_nonzero_download_child_share_3m,descendant_quality,lift,S_Q_080,4.320390456711541,535671,0.003105542373053359
primary,2025-08,future_nonzero_download_child_share_3m,descendant_quality,lift,S_Q_090,4.320390456711541,535671,0.003105542373053359
primary,2025-08,future_nonzero_download_child_share_3m,descendant_quality,lift,S_Q_100,4.308368169350868,535671,0.003105542373053359
primary,2025-08,future_nonzero_download_child_share_3m,descendant_quality,lift,S_WD_000,4.007156831462948,535671,0.003105542373053359
primary,2025-08,future_nonzero_download_child_share_3m,descendant_quality,lift,S_WD_025,4.439959176447176,535671,0.003105542373053359
primary,2025-08,future_nonzero_download_child_share_3m,descendant_quality,lift,S_WD_075,4.168909635967061,535671,0.003105542373053359
primary,2025-08,future_nonzero_download_child_share_3m,descendant_quality,lift,S_WD_100,4.056415375663621,535671,0.003105542373053359
primary,2025-08,future_child_download_quality_mean_3m,descendant_quality,lift,S_C3_Q10,3.881621331315451,535671,0.014681432439102896
primary,2025-08,future_child_download_quality_mean_3m,descendant_quality,lift,AllTime DerivCount,3.5310935547336175,535671,0.014681432439102896
primary,2025-08,future_child_download_quality_mean_3m,descendant_quality,lift,Current DerivCount,2.238450210533526,535671,0.014681432439102896
primary,2025-08,future_child_download_quality_mean_3m,descendant_quality,lift,Vanilla PageRank,3.5310935547336175,535671,0.014681432439102896
primary,2025-08,future_child_download_quality_mean_3m,descendant_quality,lift,Downloads,3.6195961309411313,535671,0.014681432439102896
primary,2025-08,future_child_download_quality_mean_3m,descendant_quality,lift,Likes,3.275928392022423,535671,0.014681432439102896
primary,2025-08,future_child_download_quality_mean_3m,descendant_quality,lift,MTPR_time_safe_typed,3.7857688206143463,535671,0.014681432439102896
primary,2025-08,future_child_download_quality_mean_3m,descendant_quality,lift,Simplified_MTPR_time_safe_typed,3.7984520249859006,535671,0.014681432439102896
primary,2025-08,future_child_download_quality_mean_3m,descendant_quality,lift,No-Propagation ModelRank,3.8339533419181824,535671,0.014681432439102896
primary,2025-08,future_child_download_quality_mean_3m,descendant_quality,lift,EventValue_time_safe_typed,2.238450210533526,535671,0.014681432439102896
primary,2025-08,future_child_download_quality_mean_3m,descendant_quality,lift,No child quality,3.8306446467364976,535671,0.014681432439102896
primary,2025-08,future_child_download_quality_mean_3m,descendant_quality,lift,No type weight,3.8129214092725787,535671,0.014681432439102896
primary,2025-08,future_child_download_quality_mean_3m,descendant_quality,lift,No parent size,3.7529542139068384,535671,0.014681432439102896
primary,2025-08,future_child_download_quality_mean_3m,descendant_quality,lift,No quality teleport,3.276403918612344,535671,0.014681432439102896
primary,2025-08,future_child_download_quality_mean_3m,descendant_quality,lift,No PageRank propagation,3.7161260234976554,535671,0.014681432439102896
primary,2025-08,future_child_download_quality_mean_3m,descendant_quality,lift,No temporal inheritance,3.8306113626255507,535671,0.014681432439102896
primary,2025-08,future_child_download_quality_mean_3m,descendant_quality,lift,No event injection,3.752954213906839,535671,0.014681432439102896
primary,2025-08,future_child_download_quality_mean_3m,descendant_quality,lift,S_D_000,3.8339533419181824,535671,0.014681432439102896
primary,2025-08,future_child_download_quality_mean_3m,descendant_quality,lift,S_D_025,3.9342210717516863,535671,0.014681432439102896
primary,2025-08,future_child_download_quality_mean_3m,descendant_quality,lift,S_D_050,3.9120856853723143,535671,0.014681432439102896
primary,2025-08,future_child_download_quality_mean_3m,descendant_quality,lift,S_D_065,3.8651066367792635,535671,0.014681432439102896
primary,2025-08,future_child_download_quality_mean_3m,descendant_quality,lift,S_D_075,3.86829303846114,535671,0.014681432439102896
primary,2025-08,future_child_download_quality_mean_3m,descendant_quality,lift,S_D_090,3.89150870514283,535671,0.014681432439102896
primary,2025-08,future_child_download_quality_mean_3m,descendant_quality,lift,S_D_095,3.9200839864525814,535671,0.014681432439102896
primary,2025-08,future_child_download_quality_mean_3m,descendant_quality,lift,S_D_099,3.890936879700426,535671,0.014681432439102896
primary,2025-08,future_child_download_quality_mean_3m,descendant_quality,lift,S_MEM_01,3.8339533419181824,535671,0.014681432439102896
primary,2025-08,future_child_download_quality_mean_3m,descendant_quality,lift,S_MEM_03,4.156045323496824,535671,0.014681432439102896
primary,2025-08,future_child_download_quality_mean_3m,descendant_quality,lift,S_MEM_06,4.269669077168365,535671,0.014681432439102896
primary,2025-08,future_child_download_quality_mean_3m,descendant_quality,lift,S_MEM_12,4.005567349725948,535671,0.014681432439102896
primary,2025-08,future_child_download_quality_mean_3m,descendant_quality,lift,S_Q_000,2.431037044716713,535671,0.014681432439102896
primary,2025-08,future_child_download_quality_mean_3m,descendant_quality,lift,S_Q_005,3.881621331315451,535671,0.014681432439102896
primary,2025-08,future_child_download_quality_mean_3m,descendant_quality,lift,S_Q_015,3.881621331315451,535671,0.014681432439102896
primary,2025-08,future_child_download_quality_mean_3m,descendant_quality,lift,S_Q_020,3.881621331315451,535671,0.014681432439102896
primary,2025-08,future_child_download_quality_mean_3m,descendant_quality,lift,S_Q_030,3.881621331315451,535671,0.014681432439102896
primary,2025-08,future_child_download_quality_mean_3m,descendant_quality,lift,S_Q_040,3.8816213313154506,535671,0.014681432439102896
primary,2025-08,future_child_download_quality_mean_3m,descendant_quality,lift,S_Q_050,3.8816213313154506,535671,0.014681432439102896
primary,2025-08,future_child_download_quality_mean_3m,descendant_quality,lift,S_Q_060,3.8816213313154506,535671,0.014681432439102896
primary,2025-08,future_child_download_quality_mean_3m,descendant_quality,lift,S_Q_070,3.881621331315451,535671,0.014681432439102896
primary,2025-08,future_child_download_quality_mean_3m,descendant_quality,lift,S_Q_080,3.8816213313154506,535671,0.014681432439102896
primary,2025-08,future_child_download_quality_mean_3m,descendant_quality,lift,S_Q_090,3.8816213313154506,535671,0.014681432439102896
primary,2025-08,future_child_download_quality_mean_3m,descendant_quality,lift,S_Q_100,3.868975307086339,535671,0.014681432439102896
primary,2025-08,future_child_download_quality_mean_3m,descendant_quality,lift,S_WD_000,3.6176028980333284,535671,0.014681432439102896
primary,2025-08,future_child_download_quality_mean_3m,descendant_quality,lift,S_WD_025,3.9994091869296753,535671,0.014681432439102896
primary,2025-08,future_child_download_quality_mean_3m,descendant_quality,lift,S_WD_075,3.6884996805641106,535671,0.014681432439102896
primary,2025-08,future_child_download_quality_mean_3m,descendant_quality,lift,S_WD_100,3.6035131606772044,535671,0.014681432439102896
primary,2025-08,future_child_download_quality_median_3m,descendant_quality,lift,S_C3_Q10,3.8784036845431067,535671,0.014679246019700892
primary,2025-08,future_child_download_quality_median_3m,descendant_quality,lift,AllTime DerivCount,3.5253196311988493,535671,0.014679246019700892
primary,2025-08,future_child_download_quality_median_3m,descendant_quality,lift,Current DerivCount,2.2398349442744645,535671,0.014679246019700892
primary,2025-08,future_child_download_quality_median_3m,descendant_quality,lift,Vanilla PageRank,3.5253196311988497,535671,0.014679246019700892
primary,2025-08,future_child_download_quality_median_3m,descendant_quality,lift,Downloads,3.61191717664301,535671,0.014679246019700892
primary,2025-08,future_child_download_quality_median_3m,descendant_quality,lift,Likes,3.274615083100481,535671,0.014679246019700892
primary,2025-08,future_child_download_quality_median_3m,descendant_quality,lift,MTPR_time_safe_typed,3.782715428043313,535671,0.014679246019700892
primary,2025-08,future_child_download_quality_median_3m,descendant_quality,lift,Simplified_MTPR_time_safe_typed,3.7976784448468317,535671,0.014679246019700892
primary,2025-08,future_child_download_quality_median_3m,descendant_quality,lift,No-Propagation ModelRank,3.831815120040306,535671,0.014679246019700892
primary,2025-08,future_child_download_quality_median_3m,descendant_quality,lift,EventValue_time_safe_typed,2.2398349442744645,535671,0.014679246019700892
primary,2025-08,future_child_download_quality_median_3m,descendant_quality,lift,No child quality,3.827061531810216,535671,0.014679246019700892
primary,2025-08,future_child_download_quality_median_3m,descendant_quality,lift,No type weight,3.809457822823561,535671,0.014679246019700892
primary,2025-08,future_child_download_quality_median_3m,descendant_quality,lift,No parent size,3.749895933721505,535671,0.014679246019700892
primary,2025-08,future_child_download_quality_median_3m,descendant_quality,lift,No quality teleport,3.2691313399458473,535671,0.014679246019700892
primary,2025-08,future_child_download_quality_median_3m,descendant_quality,lift,No PageRank propagation,3.7153914045131446,535671,0.014679246019700892
primary,2025-08,future_child_download_quality_median_3m,descendant_quality,lift,No temporal inheritance,3.8288868811278576,535671,0.014679246019700892
primary,2025-08,future_child_download_quality_median_3m,descendant_quality,lift,No event injection,3.749895933721505,535671,0.014679246019700892
primary,2025-08,future_child_download_quality_median_3m,descendant_quality,lift,S_D_000,3.831815120040306,535671,0.014679246019700892
primary,2025-08,future_child_download_quality_median_3m,descendant_quality,lift,S_D_025,3.9346161713001147,535671,0.014679246019700892
primary,2025-08,future_child_download_quality_median_3m,descendant_quality,lift,S_D_050,3.9099546820888653,535671,0.014679246019700892
primary,2025-08,future_child_download_quality_median_3m,descendant_quality,lift,S_D_065,3.8629907637076144,535671,0.014679246019700892
primary,2025-08,future_child_download_quality_median_3m,descendant_quality,lift,S_D_075,3.865073406488872,535671,0.014679246019700892
primary,2025-08,future_child_download_quality_median_3m,descendant_quality,lift,S_D_090,3.888292531058247,535671,0.014679246019700892
primary,2025-08,future_child_download_quality_median_3m,descendant_quality,lift,S_D_095,3.916872068550463,535671,0.014679246019700892
primary,2025-08,future_child_download_quality_median_3m,descendant_quality,lift,S_D_099,3.886956149304865,535671,0.014679246019700892
primary,2025-08,future_child_download_quality_median_3m,descendant_quality,lift,S_MEM_01,3.831815120040306,535671,0.014679246019700892
primary,2025-08,future_child_download_quality_median_3m,descendant_quality,lift,S_MEM_03,4.1536602755499015,535671,0.014679246019700892
primary,2025-08,future_child_download_quality_median_3m,descendant_quality,lift,S_MEM_06,4.267491346298851,535671,0.014679246019700892
primary,2025-08,future_child_download_quality_median_3m,descendant_quality,lift,S_MEM_12,4.0035623092719925,535671,0.014679246019700892
primary,2025-08,future_child_download_quality_median_3m,descendant_quality,lift,S_Q_000,2.4311507864462665,535671,0.014679246019700892
primary,2025-08,future_child_download_quality_median_3m,descendant_quality,lift,S_Q_005,3.8784036845431067,535671,0.014679246019700892
primary,2025-08,future_child_download_quality_median_3m,descendant_quality,lift,S_Q_015,3.878403684543108,535671,0.014679246019700892
primary,2025-08,future_child_download_quality_median_3m,descendant_quality,lift,S_Q_020,3.8784036845431067,535671,0.014679246019700892
primary,2025-08,future_child_download_quality_median_3m,descendant_quality,lift,S_Q_030,3.878403684543108,535671,0.014679246019700892
primary,2025-08,future_child_download_quality_median_3m,descendant_quality,lift,S_Q_040,3.8784036845431067,535671,0.014679246019700892
primary,2025-08,future_child_download_quality_median_3m,descendant_quality,lift,S_Q_050,3.8784036845431067,535671,0.014679246019700892
primary,2025-08,future_child_download_quality_median_3m,descendant_quality,lift,S_Q_060,3.878403684543108,535671,0.014679246019700892
primary,2025-08,future_child_download_quality_median_3m,descendant_quality,lift,S_Q_070,3.878403684543108,535671,0.014679246019700892
primary,2025-08,future_child_download_quality_median_3m,descendant_quality,lift,S_Q_080,3.8784036845431067,535671,0.014679246019700892
primary,2025-08,future_child_download_quality_median_3m,descendant_quality,lift,S_Q_090,3.8784036845431067,535671,0.014679246019700892
primary,2025-08,future_child_download_quality_median_3m,descendant_quality,lift,S_Q_100,3.866170014891099,535671,0.014679246019700892
primary,2025-08,future_child_download_quality_median_3m,descendant_quality,lift,S_WD_000,3.612542894276044,535671,0.014679246019700892
primary,2025-08,future_child_download_quality_median_3m,descendant_quality,lift,S_WD_025,3.9974227814830723,535671,0.014679246019700892
primary,2025-08,future_child_download_quality_median_3m,descendant_quality,lift,S_WD_075,3.682193455906187,535671,0.014679246019700892
primary,2025-08,future_child_download_quality_median_3m,descendant_quality,lift,S_WD_100,3.5968651406254524,535671,0.014679246019700892
primary,2025-08,future_child_like_quality_mean_3m,descendant_quality,lift,S_C3_Q10,5.189377409266617,535671,0.0007420820210244286
primary,2025-08,future_child_like_quality_mean_3m,descendant_quality,lift,AllTime DerivCount,4.7939147646031355,535671,0.0007420820210244286
primary,2025-08,future_child_like_quality_mean_3m,descendant_quality,lift,Current DerivCount,2.3023187701913237,535671,0.0007420820210244286
primary,2025-08,future_child_like_quality_mean_3m,descendant_quality,lift,Vanilla PageRank,4.793914764603135,535671,0.0007420820210244286
primary,2025-08,future_child_like_quality_mean_3m,descendant_quality,lift,Downloads,4.041081276292263,535671,0.0007420820210244286
primary,2025-08,future_child_like_quality_mean_3m,descendant_quality,lift,Likes,5.183880730035244,535671,0.0007420820210244286
primary,2025-08,future_child_like_quality_mean_3m,descendant_quality,lift,MTPR_time_safe_typed,5.080627579526286,535671,0.0007420820210244286
primary,2025-08,future_child_like_quality_mean_3m,descendant_quality,lift,Simplified_MTPR_time_safe_typed,5.069524557882622,535671,0.0007420820210244286
primary,2025-08,future_child_like_quality_mean_3m,descendant_quality,lift,No-Propagation ModelRank,5.075336842390571,535671,0.0007420820210244286
primary,2025-08,future_child_like_quality_mean_3m,descendant_quality,lift,EventValue_time_safe_typed,2.3023187701913237,535671,0.0007420820210244286
primary,2025-08,future_child_like_quality_mean_3m,descendant_quality,lift,No child quality,5.10678285981206,535671,0.0007420820210244286
primary,2025-08,future_child_like_quality_mean_3m,descendant_quality,lift,No type weight,5.098064433050135,535671,0.0007420820210244286
primary,2025-08,future_child_like_quality_mean_3m,descendant_quality,lift,No parent size,5.022703605918978,535671,0.0007420820210244286
primary,2025-08,future_child_like_quality_mean_3m,descendant_quality,lift,No quality teleport,4.409786288019901,535671,0.0007420820210244286
primary,2025-08,future_child_like_quality_mean_3m,descendant_quality,lift,No PageRank propagation,5.081790036427876,535671,0.0007420820210244286
primary,2025-08,future_child_like_quality_mean_3m,descendant_quality,lift,No temporal inheritance,5.075336842390571,535671,0.0007420820210244286
primary,2025-08,future_child_like_quality_mean_3m,descendant_quality,lift,No event injection,5.022703605918978,535671,0.0007420820210244286
primary,2025-08,future_child_like_quality_mean_3m,descendant_quality,lift,S_D_000,5.075336842390571,535671,0.0007420820210244286
primary,2025-08,future_child_like_quality_mean_3m,descendant_quality,lift,S_D_025,5.2383921716972965,535671,0.0007420820210244286
primary,2025-08,future_child_like_quality_mean_3m,descendant_quality,lift,S_D_050,5.224251116314314,535671,0.0007420820210244286
primary,2025-08,future_child_like_quality_mean_3m,descendant_quality,lift,S_D_065,5.1893774092666165,535671,0.0007420820210244286
primary,2025-08,future_child_like_quality_mean_3m,descendant_quality,lift,S_D_075,5.1719405557427685,535671,0.0007420820210244286
primary,2025-08,future_child_like_quality_mean_3m,descendant_quality,lift,S_D_090,5.206814262790466,535671,0.0007420820210244286
primary,2025-08,future_child_like_quality_mean_3m,descendant_quality,lift,S_D_095,5.206814262790465,535671,0.0007420820210244286
primary,2025-08,future_child_like_quality_mean_3m,descendant_quality,lift,S_D_099,5.201001978282516,535671,0.0007420820210244286
primary,2025-08,future_child_like_quality_mean_3m,descendant_quality,lift,S_MEM_01,5.075336842390571,535671,0.0007420820210244286
primary,2025-08,future_child_like_quality_mean_3m,descendant_quality,lift,S_MEM_03,5.295395180505079,535671,0.0007420820210244286
primary,2025-08,future_child_like_quality_mean_3m,descendant_quality,lift,S_MEM_06,5.347705741076625,535671,0.0007420820210244286
primary,2025-08,future_child_like_quality_mean_3m,descendant_quality,lift,S_MEM_12,5.1850892240686415,535671,0.0007420820210244286
primary,2025-08,future_child_like_quality_mean_3m,descendant_quality,lift,S_Q_000,2.668994905967815,535671,0.0007420820210244286
primary,2025-08,future_child_like_quality_mean_3m,descendant_quality,lift,S_Q_005,5.189377409266617,535671,0.0007420820210244286
primary,2025-08,future_child_like_quality_mean_3m,descendant_quality,lift,S_Q_015,5.189377409266617,535671,0.0007420820210244286
primary,2025-08,future_child_like_quality_mean_3m,descendant_quality,lift,S_Q_020,5.189377409266617,535671,0.0007420820210244286
primary,2025-08,future_child_like_quality_mean_3m,descendant_quality,lift,S_Q_030,5.189377409266617,535671,0.0007420820210244286
primary,2025-08,future_child_like_quality_mean_3m,descendant_quality,lift,S_Q_040,5.189377409266617,535671,0.0007420820210244286
primary,2025-08,future_child_like_quality_mean_3m,descendant_quality,lift,S_Q_050,5.189377409266617,535671,0.0007420820210244286
primary,2025-08,future_child_like_quality_mean_3m,descendant_quality,lift,S_Q_060,5.189377409266617,535671,0.0007420820210244286
primary,2025-08,future_child_like_quality_mean_3m,descendant_quality,lift,S_Q_070,5.189377409266617,535671,0.0007420820210244286
primary,2025-08,future_child_like_quality_mean_3m,descendant_quality,lift,S_Q_080,5.189377409266617,535671,0.0007420820210244286
primary,2025-08,future_child_like_quality_mean_3m,descendant_quality,lift,S_Q_090,5.189377409266617,535671,0.0007420820210244286
primary,2025-08,future_child_like_quality_mean_3m,descendant_quality,lift,S_Q_100,5.189377409266617,535671,0.0007420820210244286
primary,2025-08,future_child_like_quality_mean_3m,descendant_quality,lift,S_WD_000,5.505679497647627,535671,0.0007420820210244286
primary,2025-08,future_child_like_quality_mean_3m,descendant_quality,lift,S_WD_025,5.534644778786738,535671,0.0007420820210244286
primary,2025-08,future_child_like_quality_mean_3m,descendant_quality,lift,S_WD_075,4.7432100962111825,535671,0.0007420820210244286
primary,2025-08,future_child_like_quality_mean_3m,descendant_quality,lift,S_WD_100,4.5501410095274695,535671,0.0007420820210244286
primary,2025-08,future_child_like_quality_median_3m,descendant_quality,lift,S_C3_Q10,5.175266417293156,535671,0.0007109587925805559
primary,2025-08,future_child_like_quality_median_3m,descendant_quality,lift,AllTime DerivCount,4.78007519687753,535671,0.0007109587925805559
primary,2025-08,future_child_like_quality_median_3m,descendant_quality,lift,Current DerivCount,2.281726420818231,535671,0.0007109587925805559
primary,2025-08,future_child_like_quality_median_3m,descendant_quality,lift,Vanilla PageRank,4.78007519687753,535671,0.0007109587925805559
primary,2025-08,future_child_like_quality_median_3m,descendant_quality,lift,Downloads,4.019331924999711,535671,0.0007109587925805559
primary,2025-08,future_child_like_quality_median_3m,descendant_quality,lift,Likes,5.187668926434495,535671,0.0007109587925805559
primary,2025-08,future_child_like_quality_median_3m,descendant_quality,lift,MTPR_time_safe_typed,5.0643559348904095,535671,0.0007109587925805559
primary,2025-08,future_child_like_quality_median_3m,descendant_quality,lift,Simplified_MTPR_time_safe_typed,5.040296610254136,535671,0.0007109587925805559
primary,2025-08,future_child_like_quality_median_3m,descendant_quality,lift,No-Propagation ModelRank,5.040296610254136,535671,0.0007109587925805559
primary,2025-08,future_child_like_quality_median_3m,descendant_quality,lift,EventValue_time_safe_typed,2.281726420818231,535671,0.0007109587925805559
primary,2025-08,future_child_like_quality_median_3m,descendant_quality,lift,No child quality,5.091656199627943,535671,0.0007109587925805559
primary,2025-08,future_child_like_quality_median_3m,descendant_quality,lift,No type weight,5.0825561113820985,535671,0.0007109587925805559
primary,2025-08,future_child_like_quality_median_3m,descendant_quality,lift,No parent size,5.003896257270757,535671,0.0007109587925805559
primary,2025-08,future_child_like_quality_median_3m,descendant_quality,lift,No quality teleport,4.403755145825951,535671,0.0007109587925805559
primary,2025-08,future_child_like_quality_median_3m,descendant_quality,lift,No PageRank propagation,5.064355934890409,535671,0.0007109587925805559
primary,2025-08,future_child_like_quality_median_3m,descendant_quality,lift,No temporal inheritance,5.040296610254137,535671,0.0007109587925805559
primary,2025-08,future_child_like_quality_median_3m,descendant_quality,lift,No event injection,5.003896257270757,535671,0.0007109587925805559
primary,2025-08,future_child_like_quality_median_3m,descendant_quality,lift,S_D_000,5.040296610254136,535671,0.0007109587925805559
primary,2025-08,future_child_like_quality_median_3m,descendant_quality,lift,S_D_025,5.207889892407762,535671,0.0007109587925805559
primary,2025-08,future_child_like_quality_median_3m,descendant_quality,lift,S_D_050,5.211666770276535,535671,0.0007109587925805559
primary,2025-08,future_child_like_quality_median_3m,descendant_quality,lift,S_D_065,5.1752664172931535,535671,0.0007109587925805559
primary,2025-08,future_child_like_quality_median_3m,descendant_quality,lift,S_D_075,5.157066240801465,535671,0.0007109587925805559
primary,2025-08,future_child_like_quality_median_3m,descendant_quality,lift,S_D_090,5.193466593784845,535671,0.0007109587925805559
primary,2025-08,future_child_like_quality_median_3m,descendant_quality,lift,S_D_095,5.193466593784844,535671,0.0007109587925805559
primary,2025-08,future_child_like_quality_median_3m,descendant_quality,lift,S_D_099,5.193466593784844,535671,0.0007109587925805559
primary,2025-08,future_child_like_quality_median_3m,descendant_quality,lift,S_MEM_01,5.040296610254136,535671,0.0007109587925805559
primary,2025-08,future_child_like_quality_median_3m,descendant_quality,lift,S_MEM_03,5.274668359285626,535671,0.0007109587925805559
primary,2025-08,future_child_like_quality_median_3m,descendant_quality,lift,S_MEM_06,5.329268888760695,535671,0.0007109587925805559
primary,2025-08,future_child_like_quality_median_3m,descendant_quality,lift,S_MEM_12,5.170790510712563,535671,0.0007109587925805559
primary,2025-08,future_child_like_quality_median_3m,descendant_quality,lift,S_Q_000,2.6230172992165164,535671,0.0007109587925805559
primary,2025-08,future_child_like_quality_median_3m,descendant_quality,lift,S_Q_005,5.175266417293156,535671,0.0007109587925805559
primary,2025-08,future_child_like_quality_median_3m,descendant_quality,lift,S_Q_015,5.175266417293156,535671,0.0007109587925805559
primary,2025-08,future_child_like_quality_median_3m,descendant_quality,lift,S_Q_020,5.175266417293156,535671,0.0007109587925805559
primary,2025-08,future_child_like_quality_median_3m,descendant_quality,lift,S_Q_030,5.175266417293155,535671,0.0007109587925805559
primary,2025-08,future_child_like_quality_median_3m,descendant_quality,lift,S_Q_040,5.175266417293156,535671,0.0007109587925805559
primary,2025-08,future_child_like_quality_median_3m,descendant_quality,lift,S_Q_050,5.175266417293155,535671,0.0007109587925805559
primary,2025-08,future_child_like_quality_median_3m,descendant_quality,lift,S_Q_060,5.175266417293155,535671,0.0007109587925805559
primary,2025-08,future_child_like_quality_median_3m,descendant_quality,lift,S_Q_070,5.175266417293155,535671,0.0007109587925805559
primary,2025-08,future_child_like_quality_median_3m,descendant_quality,lift,S_Q_080,5.175266417293156,535671,0.0007109587925805559
primary,2025-08,future_child_like_quality_median_3m,descendant_quality,lift,S_Q_090,5.175266417293156,535671,0.0007109587925805559
primary,2025-08,future_child_like_quality_median_3m,descendant_quality,lift,S_Q_100,5.175266417293155,535671,0.0007109587925805559
primary,2025-08,future_child_like_quality_median_3m,descendant_quality,lift,S_WD_000,5.496923651708552,535671,0.0007109587925805559
primary,2025-08,future_child_like_quality_median_3m,descendant_quality,lift,S_WD_025,5.525770248954387,535671,0.0007109587925805559
primary,2025-08,future_child_like_quality_median_3m,descendant_quality,lift,S_WD_075,4.718870358834635,535671,0.0007109587925805559
primary,2025-08,future_child_like_quality_median_3m,descendant_quality,lift,S_WD_100,4.522116112228416,535671,0.0007109587925805559
primary,2025-08,future_child_becomes_parent_share_3m,repropagation,lift,S_C3_Q10,8.71832234380189,535671,0.00010318904474552252
primary,2025-08,future_child_becomes_parent_share_3m,repropagation,lift,AllTime DerivCount,8.519322075881805,535671,0.00010318904474552252
primary,2025-08,future_child_becomes_parent_share_3m,repropagation,lift,Current DerivCount,3.9332704469962185,535671,0.00010318904474552252
primary,2025-08,future_child_becomes_parent_share_3m,repropagation,lift,Vanilla PageRank,8.519322075881805,535671,0.00010318904474552252
primary,2025-08,future_child_becomes_parent_share_3m,repropagation,lift,Downloads,5.03530980949305,535671,0.00010318904474552252
primary,2025-08,future_child_becomes_parent_share_3m,repropagation,lift,Likes,7.7866392712669485,535671,0.00010318904474552252
primary,2025-08,future_child_becomes_parent_share_3m,repropagation,lift,MTPR_time_safe_typed,7.301199223764922,535671,0.00010318904474552252
primary,2025-08,future_child_becomes_parent_share_3m,repropagation,lift,Simplified_MTPR_time_safe_typed,7.12028988929212,535671,0.00010318904474552252
primary,2025-08,future_child_becomes_parent_share_3m,repropagation,lift,No-Propagation ModelRank,7.180593000783055,535671,0.00010318904474552252
primary,2025-08,future_child_becomes_parent_share_3m,repropagation,lift,EventValue_time_safe_typed,3.9332704469962185,535671,0.00010318904474552252
primary,2025-08,future_child_becomes_parent_share_3m,repropagation,lift,No child quality,7.45195700249226,535671,0.00010318904474552252
primary,2025-08,future_child_becomes_parent_share_3m,repropagation,lift,No type weight,7.3615023352558575,535671,0.00010318904474552252
primary,2025-08,future_child_becomes_parent_share_3m,repropagation,lift,No parent size,7.301199223764922,535671,0.00010318904474552252
primary,2025-08,future_child_becomes_parent_share_3m,repropagation,lift,No quality teleport,8.217806518427132,535671,0.00010318904474552252
primary,2025-08,future_child_becomes_parent_share_3m,repropagation,lift,No PageRank propagation,7.4821085582377265,535671,0.00010318904474552252
primary,2025-08,future_child_becomes_parent_share_3m,repropagation,lift,No temporal inheritance,7.12028988929212,535671,0.00010318904474552252
primary,2025-08,future_child_becomes_parent_share_3m,repropagation,lift,No event injection,7.301199223764922,535671,0.00010318904474552252
primary,2025-08,future_child_becomes_parent_share_3m,repropagation,lift,S_D_000,7.180593000783055,535671,0.00010318904474552252
primary,2025-08,future_child_becomes_parent_share_3m,repropagation,lift,S_D_025,8.718322343801889,535671,0.00010318904474552252
primary,2025-08,future_child_becomes_parent_share_3m,repropagation,lift,S_D_050,8.718322343801889,535671,0.00010318904474552252
primary,2025-08,future_child_becomes_parent_share_3m,repropagation,lift,S_D_065,8.71832234380189,535671,0.00010318904474552252
primary,2025-08,future_child_becomes_parent_share_3m,repropagation,lift,S_D_075,8.71832234380189,535671,0.00010318904474552252
primary,2025-08,future_child_becomes_parent_share_3m,repropagation,lift,S_D_090,8.71832234380189,535671,0.00010318904474552252
primary,2025-08,future_child_becomes_parent_share_3m,repropagation,lift,S_D_095,8.71832234380189,535671,0.00010318904474552252
primary,2025-08,future_child_becomes_parent_share_3m,repropagation,lift,S_D_099,8.71832234380189,535671,0.00010318904474552252
primary,2025-08,future_child_becomes_parent_share_3m,repropagation,lift,S_MEM_01,7.180593000783053,535671,0.00010318904474552252
primary,2025-08,future_child_becomes_parent_share_3m,repropagation,lift,S_MEM_03,7.451957002492261,535671,0.00010318904474552252
primary,2025-08,future_child_becomes_parent_share_3m,repropagation,lift,S_MEM_06,7.813775671437869,535671,0.00010318904474552252
primary,2025-08,future_child_becomes_parent_share_3m,repropagation,lift,S_MEM_12,8.537413009329086,535671,0.00010318904474552252
primary,2025-08,future_child_becomes_parent_share_3m,repropagation,lift,S_Q_000,5.326272322436812,535671,0.00010318904474552252
primary,2025-08,future_child_becomes_parent_share_3m,repropagation,lift,S_Q_005,8.71832234380189,535671,0.00010318904474552252
primary,2025-08,future_child_becomes_parent_share_3m,repropagation,lift,S_Q_015,8.71832234380189,535671,0.00010318904474552252
primary,2025-08,future_child_becomes_parent_share_3m,repropagation,lift,S_Q_020,8.71832234380189,535671,0.00010318904474552252
primary,2025-08,future_child_becomes_parent_share_3m,repropagation,lift,S_Q_030,8.71832234380189,535671,0.00010318904474552252
primary,2025-08,future_child_becomes_parent_share_3m,repropagation,lift,S_Q_040,8.71832234380189,535671,0.00010318904474552252
primary,2025-08,future_child_becomes_parent_share_3m,repropagation,lift,S_Q_050,8.71832234380189,535671,0.00010318904474552252
primary,2025-08,future_child_becomes_parent_share_3m,repropagation,lift,S_Q_060,8.71832234380189,535671,0.00010318904474552252
primary,2025-08,future_child_becomes_parent_share_3m,repropagation,lift,S_Q_070,8.71832234380189,535671,0.00010318904474552252
primary,2025-08,future_child_becomes_parent_share_3m,repropagation,lift,S_Q_080,8.71832234380189,535671,0.00010318904474552252
primary,2025-08,future_child_becomes_parent_share_3m,repropagation,lift,S_Q_090,8.71832234380189,535671,0.00010318904474552252
primary,2025-08,future_child_becomes_parent_share_3m,repropagation,lift,S_Q_100,8.658019232310956,535671,0.00010318904474552252
primary,2025-08,future_child_becomes_parent_share_3m,repropagation,lift,S_WD_000,8.175594340383476,535671,0.00010318904474552252
primary,2025-08,future_child_becomes_parent_share_3m,repropagation,lift,S_WD_025,8.71832234380189,535671,0.00010318904474552252
primary,2025-08,future_child_becomes_parent_share_3m,repropagation,lift,S_WD_075,8.537413009329086,535671,0.00010318904474552252
primary,2025-08,future_child_becomes_parent_share_3m,repropagation,lift,S_WD_100,8.356503674856281,535671,0.00010318904474552252
primary,2025-08,future_child_future_child_count_mean_3m,repropagation,lift,S_C3_Q10,8.90335744538968,535671,0.000196288082299272
primary,2025-08,future_child_future_child_count_mean_3m,repropagation,lift,AllTime DerivCount,8.779721718001325,535671,0.000196288082299272
primary,2025-08,future_child_future_child_count_mean_3m,repropagation,lift,Current DerivCount,3.8406329161793122,535671,0.000196288082299272
primary,2025-08,future_child_future_child_count_mean_3m,repropagation,lift,Vanilla PageRank,8.779721718001325,535671,0.000196288082299272
primary,2025-08,future_child_future_child_count_mean_3m,repropagation,lift,Downloads,5.913908960076357,535671,0.000196288082299272
primary,2025-08,future_child_future_child_count_mean_3m,repropagation,lift,Likes,8.034737206815079,535671,0.000196288082299272
primary,2025-08,future_child_future_child_count_mean_3m,repropagation,lift,MTPR_time_safe_typed,7.777955311470032,535671,0.000196288082299272
primary,2025-08,future_child_future_child_count_mean_3m,repropagation,lift,Simplified_MTPR_time_safe_typed,7.6828509057866805,535671,0.000196288082299272
primary,2025-08,future_child_future_child_count_mean_3m,repropagation,lift,No-Propagation ModelRank,7.714552374347798,535671,0.000196288082299272
primary,2025-08,future_child_future_child_count_mean_3m,repropagation,lift,EventValue_time_safe_typed,3.8406329161793122,535671,0.000196288082299272
primary,2025-08,future_child_future_child_count_mean_3m,repropagation,lift,No child quality,7.857208982872823,535671,0.000196288082299272
primary,2025-08,future_child_future_child_count_mean_3m,repropagation,lift,No type weight,7.8096567800311485,535671,0.000196288082299272
primary,2025-08,future_child_future_child_count_mean_3m,repropagation,lift,No parent size,7.777955311470032,535671,0.000196288082299272
primary,2025-08,future_child_future_child_count_mean_3m,repropagation,lift,No quality teleport,8.462707032390156,535671,0.000196288082299272
primary,2025-08,future_child_future_child_count_mean_3m,repropagation,lift,No PageRank propagation,7.873059717153383,535671,0.000196288082299272
primary,2025-08,future_child_future_child_count_mean_3m,repropagation,lift,No temporal inheritance,7.6828509057866805,535671,0.000196288082299272
primary,2025-08,future_child_future_child_count_mean_3m,repropagation,lift,No event injection,7.777955311470032,535671,0.000196288082299272
primary,2025-08,future_child_future_child_count_mean_3m,repropagation,lift,S_D_000,7.714552374347798,535671,0.000196288082299272
primary,2025-08,future_child_future_child_count_mean_3m,repropagation,lift,S_D_025,8.903357445389682,535671,0.000196288082299272
primary,2025-08,future_child_future_child_count_mean_3m,repropagation,lift,S_D_050,8.903357445389682,535671,0.000196288082299272
primary,2025-08,future_child_future_child_count_mean_3m,repropagation,lift,S_D_065,8.90335744538968,535671,0.000196288082299272
primary,2025-08,future_child_future_child_count_mean_3m,repropagation,lift,S_D_075,8.90335744538968,535671,0.000196288082299272
primary,2025-08,future_child_future_child_count_mean_3m,repropagation,lift,S_D_090,8.90335744538968,535671,0.000196288082299272
primary,2025-08,future_child_future_child_count_mean_3m,repropagation,lift,S_D_095,8.90335744538968,535671,0.000196288082299272
primary,2025-08,future_child_future_child_count_mean_3m,repropagation,lift,S_D_099,8.90335744538968,535671,0.000196288082299272
primary,2025-08,future_child_future_child_count_mean_3m,repropagation,lift,S_MEM_01,7.714552374347798,535671,0.000196288082299272
primary,2025-08,future_child_future_child_count_mean_3m,repropagation,lift,S_MEM_03,7.857208982872824,535671,0.000196288082299272
primary,2025-08,future_child_future_child_count_mean_3m,repropagation,lift,S_MEM_06,8.332731011289576,535671,0.000196288082299272
primary,2025-08,future_child_future_child_count_mean_3m,repropagation,lift,S_MEM_12,8.80825303970633,535671,0.000196288082299272
primary,2025-08,future_child_future_child_count_mean_3m,repropagation,lift,S_Q_000,5.400345169386264,535671,0.000196288082299272
primary,2025-08,future_child_future_child_count_mean_3m,repropagation,lift,S_Q_005,8.90335744538968,535671,0.000196288082299272
primary,2025-08,future_child_future_child_count_mean_3m,repropagation,lift,S_Q_015,8.90335744538968,535671,0.000196288082299272
primary,2025-08,future_child_future_child_count_mean_3m,repropagation,lift,S_Q_020,8.90335744538968,535671,0.000196288082299272
primary,2025-08,future_child_future_child_count_mean_3m,repropagation,lift,S_Q_030,8.90335744538968,535671,0.000196288082299272
primary,2025-08,future_child_future_child_count_mean_3m,repropagation,lift,S_Q_040,8.90335744538968,535671,0.000196288082299272
primary,2025-08,future_child_future_child_count_mean_3m,repropagation,lift,S_Q_050,8.90335744538968,535671,0.000196288082299272
primary,2025-08,future_child_future_child_count_mean_3m,repropagation,lift,S_Q_060,8.90335744538968,535671,0.000196288082299272
primary,2025-08,future_child_future_child_count_mean_3m,repropagation,lift,S_Q_070,8.90335744538968,535671,0.000196288082299272
primary,2025-08,future_child_future_child_count_mean_3m,repropagation,lift,S_Q_080,8.90335744538968,535671,0.000196288082299272
primary,2025-08,future_child_future_child_count_mean_3m,repropagation,lift,S_Q_090,8.90335744538968,535671,0.000196288082299272
primary,2025-08,future_child_future_child_count_mean_3m,repropagation,lift,S_Q_100,8.871655976828563,535671,0.000196288082299272
primary,2025-08,future_child_future_child_count_mean_3m,repropagation,lift,S_WD_000,8.332731011289578,535671,0.000196288082299272
primary,2025-08,future_child_future_child_count_mean_3m,repropagation,lift,S_WD_025,8.90335744538968,535671,0.000196288082299272
primary,2025-08,future_child_future_child_count_mean_3m,repropagation,lift,S_WD_075,8.80825303970633,535671,0.000196288082299272
primary,2025-08,future_child_future_child_count_mean_3m,repropagation,lift,S_WD_100,8.713148634022978,535671,0.000196288082299272
primary,2025-08,future_child_future_child_count_median_3m,repropagation,lift,S_C3_Q10,9.026875363266491,535671,0.00017268061926070294
primary,2025-08,future_child_future_child_count_median_3m,repropagation,lift,AllTime DerivCount,8.918769071490845,535671,0.00017268061926070294
primary,2025-08,future_child_future_child_count_median_3m,repropagation,lift,Current DerivCount,3.999932795698925,535671,0.00017268061926070294
primary,2025-08,future_child_future_child_count_median_3m,repropagation,lift,Vanilla PageRank,8.918769071490845,535671,0.00017268061926070294
primary,2025-08,future_child_future_child_count_median_3m,repropagation,lift,Downloads,5.89179290177274,535671,0.00017268061926070294
primary,2025-08,future_child_future_child_count_median_3m,repropagation,lift,Likes,8.270131320836965,535671,0.00017268061926070294
primary,2025-08,future_child_future_child_count_median_3m,repropagation,lift,MTPR_time_safe_typed,7.7836530078465564,535671,0.00017268061926070294
primary,2025-08,future_child_future_child_count_median_3m,repropagation,lift,Simplified_MTPR_time_safe_typed,7.675546716070909,535671,0.00017268061926070294
primary,2025-08,future_child_future_child_count_median_3m,repropagation,lift,No-Propagation ModelRank,7.675546716070909,535671,0.00017268061926070294
primary,2025-08,future_child_future_child_count_median_3m,repropagation,lift,EventValue_time_safe_typed,3.999932795698925,535671,0.00017268061926070294
primary,2025-08,future_child_future_child_count_median_3m,repropagation,lift,No child quality,7.837706153734379,535671,0.00017268061926070294
primary,2025-08,future_child_future_child_count_median_3m,repropagation,lift,No type weight,7.7836530078465564,535671,0.00017268061926070294
primary,2025-08,future_child_future_child_count_median_3m,repropagation,lift,No parent size,7.7836530078465564,535671,0.00017268061926070294
primary,2025-08,future_child_future_child_count_median_3m,repropagation,lift,No quality teleport,8.702556487939551,535671,0.00017268061926070294
primary,2025-08,future_child_future_child_count_median_3m,repropagation,lift,No PageRank propagation,7.891759299622202,535671,0.00017268061926070294
primary,2025-08,future_child_future_child_count_median_3m,repropagation,lift,No temporal inheritance,7.675546716070909,535671,0.00017268061926070294
primary,2025-08,future_child_future_child_count_median_3m,repropagation,lift,No event injection,7.7836530078465564,535671,0.00017268061926070294
primary,2025-08,future_child_future_child_count_median_3m,repropagation,lift,S_D_000,7.675546716070909,535671,0.00017268061926070294
primary,2025-08,future_child_future_child_count_median_3m,repropagation,lift,S_D_025,9.026875363266491,535671,0.00017268061926070294
primary,2025-08,future_child_future_child_count_median_3m,repropagation,lift,S_D_050,9.026875363266491,535671,0.00017268061926070294
primary,2025-08,future_child_future_child_count_median_3m,repropagation,lift,S_D_065,9.026875363266491,535671,0.00017268061926070294
primary,2025-08,future_child_future_child_count_median_3m,repropagation,lift,S_D_075,9.026875363266491,535671,0.00017268061926070294
primary,2025-08,future_child_future_child_count_median_3m,repropagation,lift,S_D_090,9.026875363266491,535671,0.00017268061926070294
primary,2025-08,future_child_future_child_count_median_3m,repropagation,lift,S_D_095,9.026875363266491,535671,0.00017268061926070294
primary,2025-08,future_child_future_child_count_median_3m,repropagation,lift,S_D_099,9.026875363266491,535671,0.00017268061926070294
primary,2025-08,future_child_future_child_count_median_3m,repropagation,lift,S_MEM_01,7.675546716070909,535671,0.00017268061926070294
primary,2025-08,future_child_future_child_count_median_3m,repropagation,lift,S_MEM_03,7.837706153734379,535671,0.00017268061926070294
primary,2025-08,future_child_future_child_count_median_3m,repropagation,lift,S_MEM_06,8.378237612612612,535671,0.00017268061926070294
primary,2025-08,future_child_future_child_count_median_3m,repropagation,lift,S_MEM_12,8.918769071490845,535671,0.00017268061926070294
primary,2025-08,future_child_future_child_count_median_3m,repropagation,lift,S_Q_000,5.513420880557977,535671,0.00017268061926070294
primary,2025-08,future_child_future_child_count_median_3m,repropagation,lift,S_Q_005,9.026875363266491,535671,0.00017268061926070294
primary,2025-08,future_child_future_child_count_median_3m,repropagation,lift,S_Q_015,9.026875363266491,535671,0.00017268061926070294
primary,2025-08,future_child_future_child_count_median_3m,repropagation,lift,S_Q_020,9.026875363266491,535671,0.00017268061926070294
primary,2025-08,future_child_future_child_count_median_3m,repropagation,lift,S_Q_030,9.026875363266491,535671,0.00017268061926070294
primary,2025-08,future_child_future_child_count_median_3m,repropagation,lift,S_Q_040,9.026875363266491,535671,0.00017268061926070294
primary,2025-08,future_child_future_child_count_median_3m,repropagation,lift,S_Q_050,9.026875363266491,535671,0.00017268061926070294
primary,2025-08,future_child_future_child_count_median_3m,repropagation,lift,S_Q_060,9.026875363266491,535671,0.00017268061926070294
primary,2025-08,future_child_future_child_count_median_3m,repropagation,lift,S_Q_070,9.026875363266491,535671,0.00017268061926070294
primary,2025-08,future_child_future_child_count_median_3m,repropagation,lift,S_Q_080,9.026875363266491,535671,0.00017268061926070294
primary,2025-08,future_child_future_child_count_median_3m,repropagation,lift,S_Q_090,9.026875363266491,535671,0.00017268061926070294
primary,2025-08,future_child_future_child_count_median_3m,repropagation,lift,S_Q_100,9.026875363266491,535671,0.00017268061926070294
primary,2025-08,future_child_future_child_count_median_3m,repropagation,lift,S_WD_000,8.378237612612612,535671,0.00017268061926070294
primary,2025-08,future_child_future_child_count_median_3m,repropagation,lift,S_WD_025,9.026875363266491,535671,0.00017268061926070294
primary,2025-08,future_child_future_child_count_median_3m,repropagation,lift,S_WD_075,8.918769071490845,535671,0.00017268061926070294
primary,2025-08,future_child_future_child_count_median_3m,repropagation,lift,S_WD_100,8.810662779715198,535671,0.00017268061926070294
primary,2025-08,future_child_second_order_diffusion_share_3m,repropagation,lift,S_C3_Q10,9.124181315531715,535671,4.011819104478592e-05
primary,2025-08,future_child_second_order_diffusion_share_3m,repropagation,lift,AllTime DerivCount,9.077649154126537,535671,4.011819104478592e-05
primary,2025-08,future_child_second_order_diffusion_share_3m,repropagation,lift,Current DerivCount,4.269325808924955,535671,4.011819104478592e-05
primary,2025-08,future_child_second_order_diffusion_share_3m,repropagation,lift,Vanilla PageRank,9.077649154126537,535671,4.011819104478592e-05
primary,2025-08,future_child_second_order_diffusion_share_3m,repropagation,lift,Downloads,6.227554268059469,535671,4.011819104478592e-05
primary,2025-08,future_child_second_order_diffusion_share_3m,repropagation,lift,Likes,8.371911372814692,535671,4.011819104478592e-05
primary,2025-08,future_child_second_order_diffusion_share_3m,repropagation,lift,MTPR_time_safe_typed,8.19353808742818,535671,4.011819104478592e-05
primary,2025-08,future_child_second_order_diffusion_share_3m,repropagation,lift,Simplified_MTPR_time_safe_typed,8.193538087428182,535671,4.011819104478592e-05
primary,2025-08,future_child_second_order_diffusion_share_3m,repropagation,lift,No-Propagation ModelRank,8.193538087428182,535671,4.011819104478592e-05
primary,2025-08,future_child_second_order_diffusion_share_3m,repropagation,lift,EventValue_time_safe_typed,4.269325808924955,535671,4.011819104478592e-05
primary,2025-08,future_child_second_order_diffusion_share_3m,repropagation,lift,No child quality,8.19353808742818,535671,4.011819104478592e-05
primary,2025-08,future_child_second_order_diffusion_share_3m,repropagation,lift,No type weight,8.19353808742818,535671,4.011819104478592e-05
primary,2025-08,future_child_second_order_diffusion_share_3m,repropagation,lift,No parent size,8.19353808742818,535671,4.011819104478592e-05
primary,2025-08,future_child_second_order_diffusion_share_3m,repropagation,lift,No quality teleport,8.457220335390849,535671,4.011819104478592e-05
primary,2025-08,future_child_second_order_diffusion_share_3m,repropagation,lift,No PageRank propagation,8.19353808742818,535671,4.011819104478592e-05
primary,2025-08,future_child_second_order_diffusion_share_3m,repropagation,lift,No temporal inheritance,8.19353808742818,535671,4.011819104478592e-05
primary,2025-08,future_child_second_order_diffusion_share_3m,repropagation,lift,No event injection,8.19353808742818,535671,4.011819104478592e-05
primary,2025-08,future_child_second_order_diffusion_share_3m,repropagation,lift,S_D_000,8.193538087428182,535671,4.011819104478592e-05
primary,2025-08,future_child_second_order_diffusion_share_3m,repropagation,lift,S_D_025,9.124181315531715,535671,4.011819104478592e-05
primary,2025-08,future_child_second_order_diffusion_share_3m,repropagation,lift,S_D_050,9.124181315531715,535671,4.011819104478592e-05
primary,2025-08,future_child_second_order_diffusion_share_3m,repropagation,lift,S_D_065,9.124181315531715,535671,4.011819104478592e-05
primary,2025-08,future_child_second_order_diffusion_share_3m,repropagation,lift,S_D_075,9.124181315531715,535671,4.011819104478592e-05
primary,2025-08,future_child_second_order_diffusion_share_3m,repropagation,lift,S_D_090,9.124181315531715,535671,4.011819104478592e-05
primary,2025-08,future_child_second_order_diffusion_share_3m,repropagation,lift,S_D_095,9.124181315531715,535671,4.011819104478592e-05
primary,2025-08,future_child_second_order_diffusion_share_3m,repropagation,lift,S_D_099,9.124181315531715,535671,4.011819104478592e-05
primary,2025-08,future_child_second_order_diffusion_share_3m,repropagation,lift,S_MEM_01,8.193538087428182,535671,4.011819104478592e-05
primary,2025-08,future_child_second_order_diffusion_share_3m,repropagation,lift,S_MEM_03,8.193538087428182,535671,4.011819104478592e-05
primary,2025-08,future_child_second_order_diffusion_share_3m,repropagation,lift,S_MEM_06,8.65885970147995,535671,4.011819104478592e-05
primary,2025-08,future_child_second_order_diffusion_share_3m,repropagation,lift,S_MEM_12,9.124181315531715,535671,4.011819104478592e-05
primary,2025-08,future_child_second_order_diffusion_share_3m,repropagation,lift,S_Q_000,5.944483619511312,535671,4.011819104478592e-05
primary,2025-08,future_child_second_order_diffusion_share_3m,repropagation,lift,S_Q_005,9.124181315531715,535671,4.011819104478592e-05
primary,2025-08,future_child_second_order_diffusion_share_3m,repropagation,lift,S_Q_015,9.124181315531715,535671,4.011819104478592e-05
primary,2025-08,future_child_second_order_diffusion_share_3m,repropagation,lift,S_Q_020,9.124181315531715,535671,4.011819104478592e-05
primary,2025-08,future_child_second_order_diffusion_share_3m,repropagation,lift,S_Q_030,9.124181315531715,535671,4.011819104478592e-05
primary,2025-08,future_child_second_order_diffusion_share_3m,repropagation,lift,S_Q_040,9.124181315531715,535671,4.011819104478592e-05
primary,2025-08,future_child_second_order_diffusion_share_3m,repropagation,lift,S_Q_050,9.124181315531715,535671,4.011819104478592e-05
primary,2025-08,future_child_second_order_diffusion_share_3m,repropagation,lift,S_Q_060,9.124181315531715,535671,4.011819104478592e-05
primary,2025-08,future_child_second_order_diffusion_share_3m,repropagation,lift,S_Q_070,9.124181315531715,535671,4.011819104478592e-05
primary,2025-08,future_child_second_order_diffusion_share_3m,repropagation,lift,S_Q_080,9.124181315531715,535671,4.011819104478592e-05
primary,2025-08,future_child_second_order_diffusion_share_3m,repropagation,lift,S_Q_090,9.124181315531715,535671,4.011819104478592e-05
primary,2025-08,future_child_second_order_diffusion_share_3m,repropagation,lift,S_Q_100,9.124181315531715,535671,4.011819104478592e-05
primary,2025-08,future_child_second_order_diffusion_share_3m,repropagation,lift,S_WD_000,8.65885970147995,535671,4.011819104478592e-05
primary,2025-08,future_child_second_order_diffusion_share_3m,repropagation,lift,S_WD_025,9.124181315531715,535671,4.011819104478592e-05
primary,2025-08,future_child_second_order_diffusion_share_3m,repropagation,lift,S_WD_075,9.124181315531715,535671,4.011819104478592e-05
primary,2025-08,future_child_second_order_diffusion_share_3m,repropagation,lift,S_WD_100,9.124181315531715,535671,4.011819104478592e-05
primary,2025-08,future_child_owner_breadth_3m,adoption_breadth,lift,S_C3_Q10,4.339204644625378,535671,0.004082729884574673
primary,2025-08,future_child_owner_breadth_3m,adoption_breadth,lift,AllTime DerivCount,3.936833718674868,535671,0.004082729884574673
primary,2025-08,future_child_owner_breadth_3m,adoption_breadth,lift,Current DerivCount,2.2999156335580238,535671,0.004082729884574673
primary,2025-08,future_child_owner_breadth_3m,adoption_breadth,lift,Vanilla PageRank,3.936833718674868,535671,0.004082729884574673
primary,2025-08,future_child_owner_breadth_3m,adoption_breadth,lift,Downloads,3.3835736954929176,535671,0.004082729884574673
primary,2025-08,future_child_owner_breadth_3m,adoption_breadth,lift,Likes,3.845385780958843,535671,0.004082729884574673
primary,2025-08,future_child_owner_breadth_3m,adoption_breadth,lift,MTPR_time_safe_typed,4.160881166079129,535671,0.004082729884574673
primary,2025-08,future_child_owner_breadth_3m,adoption_breadth,lift,Simplified_MTPR_time_safe_typed,4.119729594106918,535671,0.004082729884574673
primary,2025-08,future_child_owner_breadth_3m,adoption_breadth,lift,No-Propagation ModelRank,4.160881166079129,535671,0.004082729884574673
primary,2025-08,future_child_owner_breadth_3m,adoption_breadth,lift,EventValue_time_safe_typed,2.2999156335580238,535671,0.004082729884574673
primary,2025-08,future_child_owner_breadth_3m,adoption_breadth,lift,No child quality,4.215749928708744,535671,0.004082729884574673
primary,2025-08,future_child_owner_breadth_3m,adoption_breadth,lift,No type weight,4.192887944279738,535671,0.004082729884574673
primary,2025-08,future_child_owner_breadth_3m,adoption_breadth,lift,No parent size,4.138019181650122,535671,0.004082729884574673
primary,2025-08,future_child_owner_breadth_3m,adoption_breadth,lift,No quality teleport,3.726503461928011,535671,0.004082729884574673
primary,2025-08,future_child_owner_breadth_3m,adoption_breadth,lift,No PageRank propagation,4.110584800335316,535671,0.004082729884574673
primary,2025-08,future_child_owner_breadth_3m,adoption_breadth,lift,No temporal inheritance,4.1425915785359235,535671,0.004082729884574673
primary,2025-08,future_child_owner_breadth_3m,adoption_breadth,lift,No event injection,4.138019181650122,535671,0.004082729884574673
primary,2025-08,future_child_owner_breadth_3m,adoption_breadth,lift,S_D_000,4.160881166079129,535671,0.004082729884574673
primary,2025-08,future_child_owner_breadth_3m,adoption_breadth,lift,S_D_025,4.4077905979123955,535671,0.004082729884574673
primary,2025-08,future_child_owner_breadth_3m,adoption_breadth,lift,S_D_050,4.384928613483389,535671,0.004082729884574673
primary,2025-08,future_child_owner_breadth_3m,adoption_breadth,lift,S_D_065,4.343777041511178,535671,0.004082729884574673
primary,2025-08,future_child_owner_breadth_3m,adoption_breadth,lift,S_D_075,4.334632247739576,535671,0.004082729884574673
primary,2025-08,future_child_owner_breadth_3m,adoption_breadth,lift,S_D_090,4.343777041511178,535671,0.004082729884574673
primary,2025-08,future_child_owner_breadth_3m,adoption_breadth,lift,S_D_095,4.3712114228259855,535671,0.004082729884574673
primary,2025-08,future_child_owner_breadth_3m,adoption_breadth,lift,S_D_099,4.34834943839698,535671,0.004082729884574673
primary,2025-08,future_child_owner_breadth_3m,adoption_breadth,lift,S_MEM_01,4.160881166079129,535671,0.004082729884574673
primary,2025-08,future_child_owner_breadth_3m,adoption_breadth,lift,S_MEM_03,4.430652582341402,535671,0.004082729884574673
primary,2025-08,future_child_owner_breadth_3m,adoption_breadth,lift,S_MEM_06,4.576969282687041,535671,0.004082729884574673
primary,2025-08,future_child_owner_breadth_3m,adoption_breadth,lift,S_MEM_12,4.444369772998806,535671,0.004082729884574673
primary,2025-08,future_child_owner_breadth_3m,adoption_breadth,lift,S_Q_000,2.5331078747338873,535671,0.004082729884574673
primary,2025-08,future_child_owner_breadth_3m,adoption_breadth,lift,S_Q_005,4.339204644625378,535671,0.004082729884574673
primary,2025-08,future_child_owner_breadth_3m,adoption_breadth,lift,S_Q_015,4.339204644625378,535671,0.004082729884574673
primary,2025-08,future_child_owner_breadth_3m,adoption_breadth,lift,S_Q_020,4.339204644625378,535671,0.004082729884574673
primary,2025-08,future_child_owner_breadth_3m,adoption_breadth,lift,S_Q_030,4.339204644625378,535671,0.004082729884574673
primary,2025-08,future_child_owner_breadth_3m,adoption_breadth,lift,S_Q_040,4.339204644625378,535671,0.004082729884574673
primary,2025-08,future_child_owner_breadth_3m,adoption_breadth,lift,S_Q_050,4.339204644625378,535671,0.004082729884574673
primary,2025-08,future_child_owner_breadth_3m,adoption_breadth,lift,S_Q_060,4.339204644625378,535671,0.004082729884574673
primary,2025-08,future_child_owner_breadth_3m,adoption_breadth,lift,S_Q_070,4.339204644625378,535671,0.004082729884574673
primary,2025-08,future_child_owner_breadth_3m,adoption_breadth,lift,S_Q_080,4.339204644625378,535671,0.004082729884574673
primary,2025-08,future_child_owner_breadth_3m,adoption_breadth,lift,S_Q_090,4.339204644625378,535671,0.004082729884574673
primary,2025-08,future_child_owner_breadth_3m,adoption_breadth,lift,S_Q_100,4.316342660196371,535671,0.004082729884574673
primary,2025-08,future_child_owner_breadth_3m,adoption_breadth,lift,S_WD_000,4.188315547393937,535671,0.004082729884574673
primary,2025-08,future_child_owner_breadth_3m,adoption_breadth,lift,S_WD_025,4.540390107600632,535671,0.004082729884574673
primary,2025-08,future_child_owner_breadth_3m,adoption_breadth,lift,S_WD_075,4.1471639754217255,535671,0.004082729884574673
primary,2025-08,future_child_owner_breadth_3m,adoption_breadth,lift,S_WD_100,4.064860831477303,535671,0.004082729884574673
primary,2025-08,future_high_download_child_owner_breadth_3m,adoption_breadth,lift,S_C3_Q10,3.070487830723241,535671,0.0013497090564917645
primary,2025-08,future_high_download_child_owner_breadth_3m,adoption_breadth,lift,AllTime DerivCount,2.8768534630199736,535671,0.0013497090564917645
primary,2025-08,future_high_download_child_owner_breadth_3m,adoption_breadth,lift,Current DerivCount,2.2821193336456522,535671,0.0013497090564917645
primary,2025-08,future_high_download_child_owner_breadth_3m,adoption_breadth,lift,Vanilla PageRank,2.8768534630199736,535671,0.0013497090564917645
primary,2025-08,future_high_download_child_owner_breadth_3m,adoption_breadth,lift,Downloads,3.485418618658814,535671,0.0013497090564917645
primary,2025-08,future_high_download_child_owner_breadth_3m,adoption_breadth,lift,Likes,2.531077806406996,535671,0.0013497090564917645
primary,2025-08,future_high_download_child_owner_breadth_3m,adoption_breadth,lift,MTPR_time_safe_typed,3.1949670671039128,535671,0.0013497090564917645
primary,2025-08,future_high_download_child_owner_breadth_3m,adoption_breadth,lift,Simplified_MTPR_time_safe_typed,3.3194463034845847,535671,0.0013497090564917645
primary,2025-08,future_high_download_child_owner_breadth_3m,adoption_breadth,lift,No-Propagation ModelRank,3.360939382278142,535671,0.0013497090564917645
primary,2025-08,future_high_download_child_owner_breadth_3m,adoption_breadth,lift,EventValue_time_safe_typed,2.2821193336456522,535671,0.0013497090564917645
primary,2025-08,future_high_download_child_owner_breadth_3m,adoption_breadth,lift,No child quality,3.222629119632951,535671,0.0013497090564917645
primary,2025-08,future_high_download_child_owner_breadth_3m,adoption_breadth,lift,No type weight,3.222629119632951,535671,0.0013497090564917645
primary,2025-08,future_high_download_child_owner_breadth_3m,adoption_breadth,lift,No parent size,3.167305014574875,535671,0.0013497090564917645
primary,2025-08,future_high_download_child_owner_breadth_3m,adoption_breadth,lift,No quality teleport,2.6693880690521867,535671,0.0013497090564917645
primary,2025-08,future_high_download_child_owner_breadth_3m,adoption_breadth,lift,No PageRank propagation,3.08431885698776,535671,0.0013497090564917645
primary,2025-08,future_high_download_child_owner_breadth_3m,adoption_breadth,lift,No temporal inheritance,3.360939382278142,535671,0.0013497090564917645
primary,2025-08,future_high_download_child_owner_breadth_3m,adoption_breadth,lift,No event injection,3.167305014574875,535671,0.0013497090564917645
primary,2025-08,future_high_download_child_owner_breadth_3m,adoption_breadth,lift,S_D_000,3.360939382278142,535671,0.0013497090564917645
primary,2025-08,future_high_download_child_owner_breadth_3m,adoption_breadth,lift,S_D_025,3.222629119632951,535671,0.0013497090564917645
primary,2025-08,future_high_download_child_owner_breadth_3m,adoption_breadth,lift,S_D_050,3.1396429620458366,535671,0.0013497090564917645
primary,2025-08,future_high_download_child_owner_breadth_3m,adoption_breadth,lift,S_D_065,3.056656804458722,535671,0.0013497090564917645
primary,2025-08,future_high_download_child_owner_breadth_3m,adoption_breadth,lift,S_D_075,3.056656804458722,535671,0.0013497090564917645
primary,2025-08,future_high_download_child_owner_breadth_3m,adoption_breadth,lift,S_D_090,3.08431885698776,535671,0.0013497090564917645
primary,2025-08,future_high_download_child_owner_breadth_3m,adoption_breadth,lift,S_D_095,3.098149883252279,535671,0.0013497090564917645
primary,2025-08,future_high_download_child_owner_breadth_3m,adoption_breadth,lift,S_D_099,3.056656804458722,535671,0.0013497090564917645
primary,2025-08,future_high_download_child_owner_breadth_3m,adoption_breadth,lift,S_MEM_01,3.360939382278142,535671,0.0013497090564917645
primary,2025-08,future_high_download_child_owner_breadth_3m,adoption_breadth,lift,S_MEM_03,3.6652219600975626,535671,0.0013497090564917645
primary,2025-08,future_high_download_child_owner_breadth_3m,adoption_breadth,lift,S_MEM_06,3.7067150388911196,535671,0.0013497090564917645
primary,2025-08,future_high_download_child_owner_breadth_3m,adoption_breadth,lift,S_MEM_12,3.2364601458974698,535671,0.0013497090564917645
primary,2025-08,future_high_download_child_owner_breadth_3m,adoption_breadth,lift,S_Q_000,2.4342606225553625,535671,0.0013497090564917645
primary,2025-08,future_high_download_child_owner_breadth_3m,adoption_breadth,lift,S_Q_005,3.070487830723241,535671,0.0013497090564917645
primary,2025-08,future_high_download_child_owner_breadth_3m,adoption_breadth,lift,S_Q_015,3.070487830723241,535671,0.0013497090564917645
primary,2025-08,future_high_download_child_owner_breadth_3m,adoption_breadth,lift,S_Q_020,3.070487830723241,535671,0.0013497090564917645
primary,2025-08,future_high_download_child_owner_breadth_3m,adoption_breadth,lift,S_Q_030,3.070487830723241,535671,0.0013497090564917645
primary,2025-08,future_high_download_child_owner_breadth_3m,adoption_breadth,lift,S_Q_040,3.070487830723241,535671,0.0013497090564917645
primary,2025-08,future_high_download_child_owner_breadth_3m,adoption_breadth,lift,S_Q_050,3.070487830723241,535671,0.0013497090564917645
primary,2025-08,future_high_download_child_owner_breadth_3m,adoption_breadth,lift,S_Q_060,3.070487830723241,535671,0.0013497090564917645
primary,2025-08,future_high_download_child_owner_breadth_3m,adoption_breadth,lift,S_Q_070,3.070487830723241,535671,0.0013497090564917645
primary,2025-08,future_high_download_child_owner_breadth_3m,adoption_breadth,lift,S_Q_080,3.070487830723241,535671,0.0013497090564917645
primary,2025-08,future_high_download_child_owner_breadth_3m,adoption_breadth,lift,S_Q_090,3.070487830723241,535671,0.0013497090564917645
primary,2025-08,future_high_download_child_owner_breadth_3m,adoption_breadth,lift,S_Q_100,3.056656804458722,535671,0.0013497090564917645
primary,2025-08,future_high_download_child_owner_breadth_3m,adoption_breadth,lift,S_WD_000,2.8768534630199736,535671,0.0013497090564917645
primary,2025-08,future_high_download_child_owner_breadth_3m,adoption_breadth,lift,S_WD_025,3.1396429620458366,535671,0.0013497090564917645
primary,2025-08,future_high_download_child_owner_breadth_3m,adoption_breadth,lift,S_WD_075,2.835360384226416,535671,0.0013497090564917645
primary,2025-08,future_high_download_child_owner_breadth_3m,adoption_breadth,lift,S_WD_100,2.821529357961897,535671,0.0013497090564917645
primary,2025-08,future_high_like_child_owner_breadth_3m,adoption_breadth,lift,S_C3_Q10,4.778680773622609,535671,0.0010547518906194287
primary,2025-08,future_high_like_child_owner_breadth_3m,adoption_breadth,lift,AllTime DerivCount,4.601692596821772,535671,0.0010547518906194287
primary,2025-08,future_high_like_child_owner_breadth_3m,adoption_breadth,lift,Current DerivCount,2.5486297459320584,535671,0.0010547518906194287
primary,2025-08,future_high_like_child_owner_breadth_3m,adoption_breadth,lift,Vanilla PageRank,4.601692596821772,535671,0.0010547518906194287
primary,2025-08,future_high_like_child_owner_breadth_3m,adoption_breadth,lift,Downloads,3.4689682652964127,535671,0.0010547518906194287
primary,2025-08,future_high_like_child_owner_breadth_3m,adoption_breadth,lift,Likes,4.5839937791416885,535671,0.0010547518906194287
primary,2025-08,future_high_like_child_owner_breadth_3m,adoption_breadth,lift,MTPR_time_safe_typed,4.637090232181939,535671,0.0010547518906194287
primary,2025-08,future_high_like_child_owner_breadth_3m,adoption_breadth,lift,Simplified_MTPR_time_safe_typed,4.619391414501855,535671,0.0010547518906194287
primary,2025-08,future_high_like_child_owner_breadth_3m,adoption_breadth,lift,No-Propagation ModelRank,4.637090232181939,535671,0.0010547518906194287
primary,2025-08,future_high_like_child_owner_breadth_3m,adoption_breadth,lift,EventValue_time_safe_typed,2.5486297459320584,535671,0.0010547518906194287
primary,2025-08,future_high_like_child_owner_breadth_3m,adoption_breadth,lift,No child quality,4.654789049862023,535671,0.0010547518906194287
primary,2025-08,future_high_like_child_owner_breadth_3m,adoption_breadth,lift,No type weight,4.654789049862023,535671,0.0010547518906194287
primary,2025-08,future_high_like_child_owner_breadth_3m,adoption_breadth,lift,No parent size,4.601692596821772,535671,0.0010547518906194287
primary,2025-08,future_high_like_child_owner_breadth_3m,adoption_breadth,lift,No quality teleport,4.336210331620515,535671,0.0010547518906194287
primary,2025-08,future_high_like_child_owner_breadth_3m,adoption_breadth,lift,No PageRank propagation,4.601692596821772,535671,0.0010547518906194287
primary,2025-08,future_high_like_child_owner_breadth_3m,adoption_breadth,lift,No temporal inheritance,4.637090232181939,535671,0.0010547518906194287
primary,2025-08,future_high_like_child_owner_breadth_3m,adoption_breadth,lift,No event injection,4.601692596821772,535671,0.0010547518906194287
primary,2025-08,future_high_like_child_owner_breadth_3m,adoption_breadth,lift,S_D_000,4.637090232181939,535671,0.0010547518906194287
primary,2025-08,future_high_like_child_owner_breadth_3m,adoption_breadth,lift,S_D_025,4.796379591302693,535671,0.0010547518906194287
primary,2025-08,future_high_like_child_owner_breadth_3m,adoption_breadth,lift,S_D_050,4.796379591302693,535671,0.0010547518906194287
primary,2025-08,future_high_like_child_owner_breadth_3m,adoption_breadth,lift,S_D_065,4.760981955942525,535671,0.0010547518906194287
primary,2025-08,future_high_like_child_owner_breadth_3m,adoption_breadth,lift,S_D_075,4.743283138262441,535671,0.0010547518906194287
primary,2025-08,future_high_like_child_owner_breadth_3m,adoption_breadth,lift,S_D_090,4.796379591302693,535671,0.0010547518906194287
primary,2025-08,future_high_like_child_owner_breadth_3m,adoption_breadth,lift,S_D_095,4.796379591302693,535671,0.0010547518906194287
primary,2025-08,future_high_like_child_owner_breadth_3m,adoption_breadth,lift,S_D_099,4.778680773622609,535671,0.0010547518906194287
primary,2025-08,future_high_like_child_owner_breadth_3m,adoption_breadth,lift,S_MEM_01,4.637090232181939,535671,0.0010547518906194287
primary,2025-08,future_high_like_child_owner_breadth_3m,adoption_breadth,lift,S_MEM_03,4.867174862023028,535671,0.0010547518906194287
primary,2025-08,future_high_like_child_owner_breadth_3m,adoption_breadth,lift,S_MEM_06,4.902572497383195,535671,0.0010547518906194287
primary,2025-08,future_high_like_child_owner_breadth_3m,adoption_breadth,lift,S_MEM_12,4.778680773622609,535671,0.0010547518906194287
primary,2025-08,future_high_like_child_owner_breadth_3m,adoption_breadth,lift,S_Q_000,2.9380037348939005,535671,0.0010547518906194287
primary,2025-08,future_high_like_child_owner_breadth_3m,adoption_breadth,lift,S_Q_005,4.778680773622609,535671,0.0010547518906194287
primary,2025-08,future_high_like_child_owner_breadth_3m,adoption_breadth,lift,S_Q_015,4.778680773622609,535671,0.0010547518906194287
primary,2025-08,future_high_like_child_owner_breadth_3m,adoption_breadth,lift,S_Q_020,4.778680773622609,535671,0.0010547518906194287
primary,2025-08,future_high_like_child_owner_breadth_3m,adoption_breadth,lift,S_Q_030,4.778680773622609,535671,0.0010547518906194287
primary,2025-08,future_high_like_child_owner_breadth_3m,adoption_breadth,lift,S_Q_040,4.778680773622609,535671,0.0010547518906194287
primary,2025-08,future_high_like_child_owner_breadth_3m,adoption_breadth,lift,S_Q_050,4.778680773622609,535671,0.0010547518906194287
primary,2025-08,future_high_like_child_owner_breadth_3m,adoption_breadth,lift,S_Q_060,4.778680773622609,535671,0.0010547518906194287
primary,2025-08,future_high_like_child_owner_breadth_3m,adoption_breadth,lift,S_Q_070,4.778680773622609,535671,0.0010547518906194287
primary,2025-08,future_high_like_child_owner_breadth_3m,adoption_breadth,lift,S_Q_080,4.778680773622609,535671,0.0010547518906194287
primary,2025-08,future_high_like_child_owner_breadth_3m,adoption_breadth,lift,S_Q_090,4.778680773622609,535671,0.0010547518906194287
primary,2025-08,future_high_like_child_owner_breadth_3m,adoption_breadth,lift,S_Q_100,4.778680773622609,535671,0.0010547518906194287
primary,2025-08,future_high_like_child_owner_breadth_3m,adoption_breadth,lift,S_WD_000,4.973367768103531,535671,0.0010547518906194287
primary,2025-08,future_high_like_child_owner_breadth_3m,adoption_breadth,lift,S_WD_025,5.0087654034636975,535671,0.0010547518906194287
primary,2025-08,future_high_like_child_owner_breadth_3m,adoption_breadth,lift,S_WD_075,4.460102055381102,535671,0.0010547518906194287
primary,2025-08,future_high_like_child_owner_breadth_3m,adoption_breadth,lift,S_WD_100,4.318511513940432,535671,0.0010547518906194287
primary,2025-08,future_cross_owner_reuse_share_3m,adoption_breadth,lift,S_C3_Q10,4.40452949686878,535671,0.002893620740582775
primary,2025-08,future_cross_owner_reuse_share_3m,adoption_breadth,lift,AllTime DerivCount,3.943255470151769,535671,0.002893620740582775
primary,2025-08,future_cross_owner_reuse_share_3m,adoption_breadth,lift,Current DerivCount,2.260565300162809,535671,0.002893620740582775
primary,2025-08,future_cross_owner_reuse_share_3m,adoption_breadth,lift,Vanilla PageRank,3.9432554701517684,535671,0.002893620740582775
primary,2025-08,future_cross_owner_reuse_share_3m,adoption_breadth,lift,Downloads,3.5717068962507073,535671,0.002893620740582775
primary,2025-08,future_cross_owner_reuse_share_3m,adoption_breadth,lift,Likes,3.966910548444949,535671,0.002893620740582775
primary,2025-08,future_cross_owner_reuse_share_3m,adoption_breadth,lift,MTPR_time_safe_typed,4.2716821675625365,535671,0.002893620740582775
primary,2025-08,future_cross_owner_reuse_share_3m,adoption_breadth,lift,Simplified_MTPR_time_safe_typed,4.235841139845596,535671,0.002893620740582775
primary,2025-08,future_cross_owner_reuse_share_3m,adoption_breadth,lift,No-Propagation ModelRank,4.2766999114429085,535671,0.002893620740582775
primary,2025-08,future_cross_owner_reuse_share_3m,adoption_breadth,lift,EventValue_time_safe_typed,2.260565300162809,535671,0.002893620740582775
primary,2025-08,future_cross_owner_reuse_share_3m,adoption_breadth,lift,No child quality,4.306089554170798,535671,0.002893620740582775
primary,2025-08,future_cross_owner_reuse_share_3m,adoption_breadth,lift,No type weight,4.2931867841927005,535671,0.002893620740582775
primary,2025-08,future_cross_owner_reuse_share_3m,adoption_breadth,lift,No parent size,4.24587662760634,535671,0.002893620740582775
primary,2025-08,future_cross_owner_reuse_share_3m,adoption_breadth,lift,No quality teleport,3.680899147263772,535671,0.002893620740582775
primary,2025-08,future_cross_owner_reuse_share_3m,adoption_breadth,lift,No PageRank propagation,4.220071087650143,535671,0.002893620740582775
primary,2025-08,future_cross_owner_reuse_share_3m,adoption_breadth,lift,No temporal inheritance,4.268098064790843,535671,0.002893620740582775
primary,2025-08,future_cross_owner_reuse_share_3m,adoption_breadth,lift,No event injection,4.24587662760634,535671,0.002893620740582775
primary,2025-08,future_cross_owner_reuse_share_3m,adoption_breadth,lift,S_D_000,4.2766999114429085,535671,0.002893620740582775
primary,2025-08,future_cross_owner_reuse_share_3m,adoption_breadth,lift,S_D_025,4.503143524558531,535671,0.002893620740582775
primary,2025-08,future_cross_owner_reuse_share_3m,adoption_breadth,lift,S_D_050,4.4644352146242365,535671,0.002893620740582775
primary,2025-08,future_cross_owner_reuse_share_3m,adoption_breadth,lift,S_D_065,4.41098088185783,535671,0.002893620740582775
primary,2025-08,future_cross_owner_reuse_share_3m,adoption_breadth,lift,S_D_075,4.40452949686878,535671,0.002893620740582775
primary,2025-08,future_cross_owner_reuse_share_3m,adoption_breadth,lift,S_D_090,4.41098088185783,535671,0.002893620740582775
primary,2025-08,future_cross_owner_reuse_share_3m,adoption_breadth,lift,S_D_095,4.449689191792124,535671,0.002893620740582775
primary,2025-08,future_cross_owner_reuse_share_3m,adoption_breadth,lift,S_D_099,4.4238836518359275,535671,0.002893620740582775
primary,2025-08,future_cross_owner_reuse_share_3m,adoption_breadth,lift,S_MEM_01,4.2766999114429085,535671,0.002893620740582775
primary,2025-08,future_cross_owner_reuse_share_3m,adoption_breadth,lift,S_MEM_03,4.532174757009252,535671,0.002893620740582775
primary,2025-08,future_cross_owner_reuse_share_3m,adoption_breadth,lift,S_MEM_06,4.706362151713579,535671,0.002893620740582775
primary,2025-08,future_cross_owner_reuse_share_3m,adoption_breadth,lift,S_MEM_12,4.516046294536629,535671,0.002893620740582775
primary,2025-08,future_cross_owner_reuse_share_3m,adoption_breadth,lift,S_Q_000,2.5186206997247735,535671,0.002893620740582775
primary,2025-08,future_cross_owner_reuse_share_3m,adoption_breadth,lift,S_Q_005,4.40452949686878,535671,0.002893620740582775
primary,2025-08,future_cross_owner_reuse_share_3m,adoption_breadth,lift,S_Q_015,4.40452949686878,535671,0.002893620740582775
primary,2025-08,future_cross_owner_reuse_share_3m,adoption_breadth,lift,S_Q_020,4.40452949686878,535671,0.002893620740582775
primary,2025-08,future_cross_owner_reuse_share_3m,adoption_breadth,lift,S_Q_030,4.40452949686878,535671,0.002893620740582775
primary,2025-08,future_cross_owner_reuse_share_3m,adoption_breadth,lift,S_Q_040,4.40452949686878,535671,0.002893620740582775
primary,2025-08,future_cross_owner_reuse_share_3m,adoption_breadth,lift,S_Q_050,4.40452949686878,535671,0.002893620740582775
primary,2025-08,future_cross_owner_reuse_share_3m,adoption_breadth,lift,S_Q_060,4.40452949686878,535671,0.002893620740582775
primary,2025-08,future_cross_owner_reuse_share_3m,adoption_breadth,lift,S_Q_070,4.40452949686878,535671,0.002893620740582775
primary,2025-08,future_cross_owner_reuse_share_3m,adoption_breadth,lift,S_Q_080,4.40452949686878,535671,0.002893620740582775
primary,2025-08,future_cross_owner_reuse_share_3m,adoption_breadth,lift,S_Q_090,4.40452949686878,535671,0.002893620740582775
primary,2025-08,future_cross_owner_reuse_share_3m,adoption_breadth,lift,S_Q_100,4.389476265227666,535671,0.002893620740582775
primary,2025-08,future_cross_owner_reuse_share_3m,adoption_breadth,lift,S_WD_000,4.2980816445494705,535671,0.002893620740582775
primary,2025-08,future_cross_owner_reuse_share_3m,adoption_breadth,lift,S_WD_025,4.662584896430745,535671,0.002893620740582775
primary,2025-08,future_cross_owner_reuse_share_3m,adoption_breadth,lift,S_WD_075,4.199928430073223,535671,0.002893620740582775
primary,2025-08,future_cross_owner_reuse_share_3m,adoption_breadth,lift,S_WD_100,4.102236028810479,535671,0.002893620740582775
primary,2025-09,future_direct_children_3m,quantity,lift,S_C3_Q10,4.694168888392937,553097,0.0058235716339086994
primary,2025-09,future_direct_children_3m,quantity,lift,AllTime DerivCount,4.11671160450333,553097,0.0058235716339086994
primary,2025-09,future_direct_children_3m,quantity,lift,Current DerivCount,2.868658765129017,553097,0.0058235716339086994
primary,2025-09,future_direct_children_3m,quantity,lift,Vanilla PageRank,4.11671160450333,553097,0.0058235716339086994
primary,2025-09,future_direct_children_3m,quantity,lift,Downloads,3.0642491354787227,553097,0.0058235716339086994
primary,2025-09,future_direct_children_3m,quantity,lift,Likes,4.175699176513558,553097,0.0058235716339086994
primary,2025-09,future_direct_children_3m,quantity,lift,MTPR_time_safe_typed,4.442695555086173,553097,0.0058235716339086994
primary,2025-09,future_direct_children_3m,quantity,lift,Simplified_MTPR_time_safe_typed,4.374394155916434,553097,0.0058235716339086994
primary,2025-09,future_direct_children_3m,quantity,lift,No-Propagation ModelRank,4.414754073607643,553097,0.0058235716339086994
primary,2025-09,future_direct_children_3m,quantity,lift,EventValue_time_safe_typed,2.868658765129017,553097,0.0058235716339086994
primary,2025-09,future_direct_children_3m,quantity,lift,No child quality,4.470637036564702,553097,0.0058235716339086994
primary,2025-09,future_direct_children_3m,quantity,lift,No type weight,4.461323209405192,553097,0.0058235716339086994
primary,2025-09,future_direct_children_3m,quantity,lift,No parent size,4.411649464554474,553097,0.0058235716339086994
primary,2025-09,future_direct_children_3m,quantity,lift,No quality teleport,3.893179752675095,553097,0.0058235716339086994
primary,2025-09,future_direct_children_3m,quantity,lift,No PageRank propagation,4.299883538640356,553097,0.0058235716339086994
primary,2025-09,future_direct_children_3m,quantity,lift,No temporal inheritance,4.4054402464481335,553097,0.0058235716339086994
primary,2025-09,future_direct_children_3m,quantity,lift,No event injection,4.4054402464481335,553097,0.0058235716339086994
primary,2025-09,future_direct_children_3m,quantity,lift,S_D_000,4.414754073607643,553097,0.0058235716339086994
primary,2025-09,future_direct_children_3m,quantity,lift,S_D_025,4.650704361648558,553097,0.0058235716339086994
primary,2025-09,future_direct_children_3m,quantity,lift,S_D_050,4.6972734974461074,553097,0.0058235716339086994
primary,2025-09,future_direct_children_3m,quantity,lift,S_D_065,4.709691933658787,553097,0.0058235716339086994
primary,2025-09,future_direct_children_3m,quantity,lift,S_D_075,4.728319587977806,553097,0.0058235716339086994
primary,2025-09,future_direct_children_3m,quantity,lift,S_D_090,4.691064279339767,553097,0.0058235716339086994
primary,2025-09,future_direct_children_3m,quantity,lift,S_D_095,4.703482715552447,553097,0.0058235716339086994
primary,2025-09,future_direct_children_3m,quantity,lift,S_D_099,4.709691933658787,553097,0.0058235716339086994
primary,2025-09,future_direct_children_3m,quantity,lift,S_MEM_01,4.414754073607643,553097,0.0058235716339086994
primary,2025-09,future_direct_children_3m,quantity,lift,S_MEM_03,4.532729217628101,553097,0.0058235716339086994
primary,2025-09,future_direct_children_3m,quantity,lift,S_MEM_06,4.597926007744669,553097,0.0058235716339086994
primary,2025-09,future_direct_children_3m,quantity,lift,S_MEM_12,4.709691933658787,553097,0.0058235716339086994
primary,2025-09,future_direct_children_3m,quantity,lift,S_Q_000,3.0735629626382326,553097,0.0058235716339086994
primary,2025-09,future_direct_children_3m,quantity,lift,S_Q_005,4.694168888392937,553097,0.0058235716339086994
primary,2025-09,future_direct_children_3m,quantity,lift,S_Q_015,4.694168888392937,553097,0.0058235716339086994
primary,2025-09,future_direct_children_3m,quantity,lift,S_Q_020,4.694168888392937,553097,0.0058235716339086994
primary,2025-09,future_direct_children_3m,quantity,lift,S_Q_030,4.694168888392937,553097,0.0058235716339086994
primary,2025-09,future_direct_children_3m,quantity,lift,S_Q_040,4.694168888392937,553097,0.0058235716339086994
primary,2025-09,future_direct_children_3m,quantity,lift,S_Q_050,4.694168888392937,553097,0.0058235716339086994
primary,2025-09,future_direct_children_3m,quantity,lift,S_Q_060,4.694168888392937,553097,0.0058235716339086994
primary,2025-09,future_direct_children_3m,quantity,lift,S_Q_070,4.694168888392937,553097,0.0058235716339086994
primary,2025-09,future_direct_children_3m,quantity,lift,S_Q_080,4.694168888392937,553097,0.0058235716339086994
primary,2025-09,future_direct_children_3m,quantity,lift,S_Q_090,4.694168888392937,553097,0.0058235716339086994
primary,2025-09,future_direct_children_3m,quantity,lift,S_Q_100,4.663122797861238,553097,0.0058235716339086994
primary,2025-09,future_direct_children_3m,quantity,lift,S_WD_000,4.740738024190486,553097,0.0058235716339086994
primary,2025-09,future_direct_children_3m,quantity,lift,S_WD_025,4.880445431583134,553097,0.0058235716339086994
primary,2025-09,future_direct_children_3m,quantity,lift,S_WD_075,4.545147653840781,553097,0.0058235716339086994
primary,2025-09,future_direct_children_3m,quantity,lift,S_WD_100,4.4271725098203225,553097,0.0058235716339086994
primary,2025-09,future_active_parent_months_3m,quantity,lift,S_C3_Q10,5.187609831481639,553097,0.0032760980442851795
primary,2025-09,future_active_parent_months_3m,quantity,lift,AllTime DerivCount,4.530880501751517,553097,0.0032760980442851795
primary,2025-09,future_active_parent_months_3m,quantity,lift,Current DerivCount,2.5441363109713144,553097,0.0032760980442851795
primary,2025-09,future_active_parent_months_3m,quantity,lift,Vanilla PageRank,4.530880501751517,553097,0.0032760980442851795
primary,2025-09,future_active_parent_months_3m,quantity,lift,Downloads,3.3443527211466737,553097,0.0032760980442851795
primary,2025-09,future_active_parent_months_3m,quantity,lift,Likes,4.68540504992331,553097,0.0032760980442851795
primary,2025-09,future_active_parent_months_3m,quantity,lift,MTPR_time_safe_typed,4.911673138317721,553097,0.0032760980442851795
primary,2025-09,future_active_parent_months_3m,quantity,lift,Simplified_MTPR_time_safe_typed,4.806817194915434,553097,0.0032760980442851795
primary,2025-09,future_active_parent_months_3m,quantity,lift,No-Propagation ModelRank,4.856485799684939,553097,0.0032760980442851795
primary,2025-09,future_active_parent_months_3m,quantity,lift,EventValue_time_safe_typed,2.5441363109713144,553097,0.0032760980442851795
primary,2025-09,future_active_parent_months_3m,quantity,lift,No child quality,4.955823009223949,553097,0.0032760980442851795
primary,2025-09,future_active_parent_months_3m,quantity,lift,No type weight,4.939266807634114,553097,0.0032760980442851795
primary,2025-09,future_active_parent_months_3m,quantity,lift,No parent size,4.88407946900133,553097,0.0032760980442851795
primary,2025-09,future_active_parent_months_3m,quantity,lift,No quality teleport,4.2825374779039915,553097,0.0032760980442851795
primary,2025-09,future_active_parent_months_3m,quantity,lift,No PageRank propagation,4.795779727188877,553097,0.0032760980442851795
primary,2025-09,future_active_parent_months_3m,quantity,lift,No temporal inheritance,4.845448331958382,553097,0.0032760980442851795
primary,2025-09,future_active_parent_months_3m,quantity,lift,No event injection,4.878560735138052,553097,0.0032760980442851795
primary,2025-09,future_active_parent_months_3m,quantity,lift,S_D_000,4.856485799684939,553097,0.0032760980442851795
primary,2025-09,future_active_parent_months_3m,quantity,lift,S_D_025,5.171053629891804,553097,0.0032760980442851795
primary,2025-09,future_active_parent_months_3m,quantity,lift,S_D_050,5.21520350079803,553097,0.0032760980442851795
primary,2025-09,future_active_parent_months_3m,quantity,lift,S_D_065,5.21520350079803,553097,0.0032760980442851795
primary,2025-09,future_active_parent_months_3m,quantity,lift,S_D_075,5.226240968524587,553097,0.0032760980442851795
primary,2025-09,future_active_parent_months_3m,quantity,lift,S_D_090,5.182091097618361,553097,0.0032760980442851795
primary,2025-09,future_active_parent_months_3m,quantity,lift,S_D_095,5.176572363755082,553097,0.0032760980442851795
primary,2025-09,future_active_parent_months_3m,quantity,lift,S_D_099,5.187609831481639,553097,0.0032760980442851795
primary,2025-09,future_active_parent_months_3m,quantity,lift,S_MEM_01,4.856485799684939,553097,0.0032760980442851795
primary,2025-09,future_active_parent_months_3m,quantity,lift,S_MEM_03,5.022047815583289,553097,0.0032760980442851795
primary,2025-09,future_active_parent_months_3m,quantity,lift,S_MEM_06,5.099310089669186,553097,0.0032760980442851795
primary,2025-09,future_active_parent_months_3m,quantity,lift,S_MEM_12,5.193128565344917,553097,0.0032760980442851795
primary,2025-09,future_active_parent_months_3m,quantity,lift,S_Q_000,2.7704043993657264,553097,0.0032760980442851795
primary,2025-09,future_active_parent_months_3m,quantity,lift,S_Q_005,5.187609831481639,553097,0.0032760980442851795
primary,2025-09,future_active_parent_months_3m,quantity,lift,S_Q_015,5.187609831481639,553097,0.0032760980442851795
primary,2025-09,future_active_parent_months_3m,quantity,lift,S_Q_020,5.187609831481639,553097,0.0032760980442851795
primary,2025-09,future_active_parent_months_3m,quantity,lift,S_Q_030,5.187609831481639,553097,0.0032760980442851795
primary,2025-09,future_active_parent_months_3m,quantity,lift,S_Q_040,5.187609831481639,553097,0.0032760980442851795
primary,2025-09,future_active_parent_months_3m,quantity,lift,S_Q_050,5.187609831481639,553097,0.0032760980442851795
primary,2025-09,future_active_parent_months_3m,quantity,lift,S_Q_060,5.187609831481639,553097,0.0032760980442851795
primary,2025-09,future_active_parent_months_3m,quantity,lift,S_Q_070,5.187609831481639,553097,0.0032760980442851795
primary,2025-09,future_active_parent_months_3m,quantity,lift,S_Q_080,5.187609831481639,553097,0.0032760980442851795
primary,2025-09,future_active_parent_months_3m,quantity,lift,S_Q_090,5.187609831481639,553097,0.0032760980442851795
primary,2025-09,future_active_parent_months_3m,quantity,lift,S_Q_100,5.165534896028526,553097,0.0032760980442851795
primary,2025-09,future_active_parent_months_3m,quantity,lift,S_WD_000,5.198647299208195,553097,0.0032760980442851795
primary,2025-09,future_active_parent_months_3m,quantity,lift,S_WD_025,5.452509056918999,553097,0.0032760980442851795
primary,2025-09,future_active_parent_months_3m,quantity,lift,S_WD_075,4.98341667854034,553097,0.0032760980442851795
primary,2025-09,future_active_parent_months_3m,quantity,lift,S_WD_100,4.88407946900133,553097,0.0032760980442851795
primary,2025-09,future_active_parent_binary_3m,quantity,auc,S_C3_Q10,0.6876896744744658,553097,0.0029542738434668783
primary,2025-09,future_active_parent_binary_3m,quantity,auc,AllTime DerivCount,0.6822142574436211,553097,0.0029542738434668783
primary,2025-09,future_active_parent_binary_3m,quantity,auc,Current DerivCount,0.5458089870840083,553097,0.0029542738434668783
primary,2025-09,future_active_parent_binary_3m,quantity,auc,Vanilla PageRank,0.6813610884620738,553097,0.0029542738434668783
primary,2025-09,future_active_parent_binary_3m,quantity,auc,Downloads,0.5762200303951254,553097,0.0029542738434668783
primary,2025-09,future_active_parent_binary_3m,quantity,auc,Likes,0.6945877409952883,553097,0.0029542738434668783
primary,2025-09,future_active_parent_binary_3m,quantity,auc,MTPR_time_safe_typed,0.6652946874455153,553097,0.0029542738434668783
primary,2025-09,future_active_parent_binary_3m,quantity,auc,Simplified_MTPR_time_safe_typed,0.6591444375630789,553097,0.0029542738434668783
primary,2025-09,future_active_parent_binary_3m,quantity,auc,No-Propagation ModelRank,0.6611036568842379,553097,0.0029542738434668783
primary,2025-09,future_active_parent_binary_3m,quantity,auc,EventValue_time_safe_typed,0.5457951383091978,553097,0.0029542738434668783
primary,2025-09,future_active_parent_binary_3m,quantity,auc,No child quality,0.6667344983629847,553097,0.0029542738434668783
primary,2025-09,future_active_parent_binary_3m,quantity,auc,No type weight,0.6663000348082668,553097,0.0029542738434668783
primary,2025-09,future_active_parent_binary_3m,quantity,auc,No parent size,0.6645219099414318,553097,0.0029542738434668783
primary,2025-09,future_active_parent_binary_3m,quantity,auc,No quality teleport,0.6698877153457017,553097,0.0029542738434668783
primary,2025-09,future_active_parent_binary_3m,quantity,auc,No PageRank propagation,0.6626457788300701,553097,0.0029542738434668783
primary,2025-09,future_active_parent_binary_3m,quantity,auc,No temporal inheritance,0.6603358028587543,553097,0.0029542738434668783
primary,2025-09,future_active_parent_binary_3m,quantity,auc,No event injection,0.663662678306083,553097,0.0029542738434668783
primary,2025-09,future_active_parent_binary_3m,quantity,auc,S_D_000,0.661098031478395,553097,0.0029542738434668783
primary,2025-09,future_active_parent_binary_3m,quantity,auc,S_D_025,0.6844863043740614,553097,0.0029542738434668783
primary,2025-09,future_active_parent_binary_3m,quantity,auc,S_D_050,0.6877276578938946,553097,0.0029542738434668783
primary,2025-09,future_active_parent_binary_3m,quantity,auc,S_D_065,0.687990814578986,553097,0.0029542738434668783
primary,2025-09,future_active_parent_binary_3m,quantity,auc,S_D_075,0.6877544276788115,553097,0.0029542738434668783
primary,2025-09,future_active_parent_binary_3m,quantity,auc,S_D_090,0.6874587870216488,553097,0.0029542738434668783
primary,2025-09,future_active_parent_binary_3m,quantity,auc,S_D_095,0.6872398839361028,553097,0.0029542738434668783
primary,2025-09,future_active_parent_binary_3m,quantity,auc,S_D_099,0.6870563063794759,553097,0.0029542738434668783
primary,2025-09,future_active_parent_binary_3m,quantity,auc,S_MEM_01,0.6610908241005597,553097,0.0029542738434668783
primary,2025-09,future_active_parent_binary_3m,quantity,auc,S_MEM_03,0.6699871581828233,553097,0.0029542738434668783
primary,2025-09,future_active_parent_binary_3m,quantity,auc,S_MEM_06,0.677794775921641,553097,0.0029542738434668783
primary,2025-09,future_active_parent_binary_3m,quantity,auc,S_MEM_12,0.6878966947363654,553097,0.0029542738434668783
primary,2025-09,future_active_parent_binary_3m,quantity,auc,S_Q_000,0.5588735798760609,553097,0.0029542738434668783
primary,2025-09,future_active_parent_binary_3m,quantity,auc,S_Q_005,0.687675906712602,553097,0.0029542738434668783
primary,2025-09,future_active_parent_binary_3m,quantity,auc,S_Q_015,0.6876834231603776,553097,0.0029542738434668783
primary,2025-09,future_active_parent_binary_3m,quantity,auc,S_Q_020,0.6876845928541552,553097,0.0029542738434668783
primary,2025-09,future_active_parent_binary_3m,quantity,auc,S_Q_030,0.687689966343027,553097,0.0029542738434668783
primary,2025-09,future_active_parent_binary_3m,quantity,auc,S_Q_040,0.6876958608672201,553097,0.0029542738434668783
primary,2025-09,future_active_parent_binary_3m,quantity,auc,S_Q_050,0.6877036763970384,553097,0.0029542738434668783
primary,2025-09,future_active_parent_binary_3m,quantity,auc,S_Q_060,0.6877156335750332,553097,0.0029542738434668783
primary,2025-09,future_active_parent_binary_3m,quantity,auc,S_Q_070,0.6877376652123378,553097,0.0029542738434668783
primary,2025-09,future_active_parent_binary_3m,quantity,auc,S_Q_080,0.6877452809842055,553097,0.0029542738434668783
primary,2025-09,future_active_parent_binary_3m,quantity,auc,S_Q_090,0.6877114458715515,553097,0.0029542738434668783
primary,2025-09,future_active_parent_binary_3m,quantity,auc,S_Q_100,0.6856082376902809,553097,0.0029542738434668783
primary,2025-09,future_active_parent_binary_3m,quantity,auc,S_WD_000,0.7216473558325285,553097,0.0029542738434668783
primary,2025-09,future_active_parent_binary_3m,quantity,auc,S_WD_025,0.6970539326779439,553097,0.0029542738434668783
primary,2025-09,future_active_parent_binary_3m,quantity,auc,S_WD_075,0.671790595711302,553097,0.0029542738434668783
primary,2025-09,future_active_parent_binary_3m,quantity,auc,S_WD_100,0.6589744790596193,553097,0.0029542738434668783
primary,2025-09,future_child_download_quality_sum_3m,descendant_quality,lift,S_C3_Q10,4.44014031951392,553097,0.019689224302500762
primary,2025-09,future_child_download_quality_sum_3m,descendant_quality,lift,AllTime DerivCount,3.9174759186371877,553097,0.019689224302500762
primary,2025-09,future_child_download_quality_sum_3m,descendant_quality,lift,Current DerivCount,2.8257511291701096,553097,0.019689224302500762
primary,2025-09,future_child_download_quality_sum_3m,descendant_quality,lift,Vanilla PageRank,3.9174759186371877,553097,0.019689224302500762
primary,2025-09,future_child_download_quality_sum_3m,descendant_quality,lift,Downloads,2.851431519377573,553097,0.019689224302500762
primary,2025-09,future_child_download_quality_sum_3m,descendant_quality,lift,Likes,4.109578964641308,553097,0.019689224302500762
primary,2025-09,future_child_download_quality_sum_3m,descendant_quality,lift,MTPR_time_safe_typed,4.2234849729557835,553097,0.019689224302500762
primary,2025-09,future_child_download_quality_sum_3m,descendant_quality,lift,Simplified_MTPR_time_safe_typed,4.173974752302676,553097,0.019689224302500762
primary,2025-09,future_child_download_quality_sum_3m,descendant_quality,lift,No-Propagation ModelRank,4.21313008680451,553097,0.019689224302500762
primary,2025-09,future_child_download_quality_sum_3m,descendant_quality,lift,EventValue_time_safe_typed,2.8257511291701096,553097,0.019689224302500762
primary,2025-09,future_child_download_quality_sum_3m,descendant_quality,lift,No child quality,4.248592495340424,553097,0.019689224302500762
primary,2025-09,future_child_download_quality_sum_3m,descendant_quality,lift,No type weight,4.238458631492255,553097,0.019689224302500762
primary,2025-09,future_child_download_quality_sum_3m,descendant_quality,lift,No parent size,4.213169914979638,553097,0.019689224302500762
primary,2025-09,future_child_download_quality_sum_3m,descendant_quality,lift,No quality teleport,3.75202438464096,553097,0.019689224302500762
primary,2025-09,future_child_download_quality_sum_3m,descendant_quality,lift,No PageRank propagation,4.0733049394873815,553097,0.019689224302500762
primary,2025-09,future_child_download_quality_sum_3m,descendant_quality,lift,No temporal inheritance,4.21313008680451,553097,0.019689224302500762
primary,2025-09,future_child_download_quality_sum_3m,descendant_quality,lift,No event injection,4.209498953216545,553097,0.019689224302500762
primary,2025-09,future_child_download_quality_sum_3m,descendant_quality,lift,S_D_000,4.21313008680451,553097,0.019689224302500762
primary,2025-09,future_child_download_quality_sum_3m,descendant_quality,lift,S_D_025,4.420445483143454,553097,0.019689224302500762
primary,2025-09,future_child_download_quality_sum_3m,descendant_quality,lift,S_D_050,4.443936799800283,553097,0.019689224302500762
primary,2025-09,future_child_download_quality_sum_3m,descendant_quality,lift,S_D_065,4.452297915198962,553097,0.019689224302500762
primary,2025-09,future_child_download_quality_sum_3m,descendant_quality,lift,S_D_075,4.483033708475829,553097,0.019689224302500762
primary,2025-09,future_child_download_quality_sum_3m,descendant_quality,lift,S_D_090,4.440571907102014,553097,0.019689224302500762
primary,2025-09,future_child_download_quality_sum_3m,descendant_quality,lift,S_D_095,4.454401190155228,553097,0.019689224302500762
primary,2025-09,future_child_download_quality_sum_3m,descendant_quality,lift,S_D_099,4.455037682516642,553097,0.019689224302500762
primary,2025-09,future_child_download_quality_sum_3m,descendant_quality,lift,S_MEM_01,4.21313008680451,553097,0.019689224302500762
primary,2025-09,future_child_download_quality_sum_3m,descendant_quality,lift,S_MEM_03,4.320216831212018,553097,0.019689224302500762
primary,2025-09,future_child_download_quality_sum_3m,descendant_quality,lift,S_MEM_06,4.366749634010678,553097,0.019689224302500762
primary,2025-09,future_child_download_quality_sum_3m,descendant_quality,lift,S_MEM_12,4.445198825700972,553097,0.019689224302500762
primary,2025-09,future_child_download_quality_sum_3m,descendant_quality,lift,S_Q_000,3.031520232776509,553097,0.019689224302500762
primary,2025-09,future_child_download_quality_sum_3m,descendant_quality,lift,S_Q_005,4.44014031951392,553097,0.019689224302500762
primary,2025-09,future_child_download_quality_sum_3m,descendant_quality,lift,S_Q_015,4.44014031951392,553097,0.019689224302500762
primary,2025-09,future_child_download_quality_sum_3m,descendant_quality,lift,S_Q_020,4.44014031951392,553097,0.019689224302500762
primary,2025-09,future_child_download_quality_sum_3m,descendant_quality,lift,S_Q_030,4.440140319513919,553097,0.019689224302500762
primary,2025-09,future_child_download_quality_sum_3m,descendant_quality,lift,S_Q_040,4.44014031951392,553097,0.019689224302500762
primary,2025-09,future_child_download_quality_sum_3m,descendant_quality,lift,S_Q_050,4.440140319513919,553097,0.019689224302500762
primary,2025-09,future_child_download_quality_sum_3m,descendant_quality,lift,S_Q_060,4.440140319513919,553097,0.019689224302500762
primary,2025-09,future_child_download_quality_sum_3m,descendant_quality,lift,S_Q_070,4.440140319513919,553097,0.019689224302500762
primary,2025-09,future_child_download_quality_sum_3m,descendant_quality,lift,S_Q_080,4.44014031951392,553097,0.019689224302500762
primary,2025-09,future_child_download_quality_sum_3m,descendant_quality,lift,S_Q_090,4.440140319513921,553097,0.019689224302500762
primary,2025-09,future_child_download_quality_sum_3m,descendant_quality,lift,S_Q_100,4.437344643025411,553097,0.019689224302500762
primary,2025-09,future_child_download_quality_sum_3m,descendant_quality,lift,S_WD_000,4.599782786547001,553097,0.019689224302500762
primary,2025-09,future_child_download_quality_sum_3m,descendant_quality,lift,S_WD_025,4.722681393382727,553097,0.019689224302500762
primary,2025-09,future_child_download_quality_sum_3m,descendant_quality,lift,S_WD_075,4.324816149231119,553097,0.019689224302500762
primary,2025-09,future_child_download_quality_sum_3m,descendant_quality,lift,S_WD_100,4.234272175443564,553097,0.019689224302500762
primary,2025-09,future_child_like_quality_sum_3m,descendant_quality,lift,S_C3_Q10,4.519678655610269,553097,0.0014054426611719364
primary,2025-09,future_child_like_quality_sum_3m,descendant_quality,lift,AllTime DerivCount,4.255766221052368,553097,0.0014054426611719364
primary,2025-09,future_child_like_quality_sum_3m,descendant_quality,lift,Current DerivCount,3.993853124754716,553097,0.0014054426611719364
primary,2025-09,future_child_like_quality_sum_3m,descendant_quality,lift,Vanilla PageRank,4.255766221052368,553097,0.0014054426611719364
primary,2025-09,future_child_like_quality_sum_3m,descendant_quality,lift,Downloads,2.7526797223979087,553097,0.0014054426611719364
primary,2025-09,future_child_like_quality_sum_3m,descendant_quality,lift,Likes,4.947119719165234,553097,0.0014054426611719364
primary,2025-09,future_child_like_quality_sum_3m,descendant_quality,lift,MTPR_time_safe_typed,4.4015602156549765,553097,0.0014054426611719364
primary,2025-09,future_child_like_quality_sum_3m,descendant_quality,lift,Simplified_MTPR_time_safe_typed,4.352354452798536,553097,0.0014054426611719364
primary,2025-09,future_child_like_quality_sum_3m,descendant_quality,lift,No-Propagation ModelRank,4.370188038211799,553097,0.0014054426611719364
primary,2025-09,future_child_like_quality_sum_3m,descendant_quality,lift,EventValue_time_safe_typed,3.993853124754716,553097,0.0014054426611719364
primary,2025-09,future_child_like_quality_sum_3m,descendant_quality,lift,No child quality,4.431181159863424,553097,0.0014054426611719364
primary,2025-09,future_child_like_quality_sum_3m,descendant_quality,lift,No type weight,4.410477008361609,553097,0.0014054426611719364
primary,2025-09,future_child_like_quality_sum_3m,descendant_quality,lift,No parent size,4.4015602156549765,553097,0.0014054426611719364
primary,2025-09,future_child_like_quality_sum_3m,descendant_quality,lift,No quality teleport,4.1293824801372185,553097,0.0014054426611719364
primary,2025-09,future_child_like_quality_sum_3m,descendant_quality,lift,No PageRank propagation,4.365893044828447,553097,0.0014054426611719364
primary,2025-09,future_child_like_quality_sum_3m,descendant_quality,lift,No temporal inheritance,4.370188038211799,553097,0.0014054426611719364
primary,2025-09,future_child_like_quality_sum_3m,descendant_quality,lift,No event injection,4.3926434229483435,553097,0.0014054426611719364
primary,2025-09,future_child_like_quality_sum_3m,descendant_quality,lift,S_D_000,4.370188038211799,553097,0.0014054426611719364
primary,2025-09,future_child_like_quality_sum_3m,descendant_quality,lift,S_D_025,4.60280035605851,553097,0.0014054426611719364
primary,2025-09,future_child_like_quality_sum_3m,descendant_quality,lift,S_D_050,4.581265967298697,553097,0.0014054426611719364
primary,2025-09,future_child_like_quality_sum_3m,descendant_quality,lift,S_D_065,4.546429033730165,553097,0.0014054426611719364
primary,2025-09,future_child_like_quality_sum_3m,descendant_quality,lift,S_D_075,4.573179411850062,553097,0.0014054426611719364
primary,2025-09,future_child_like_quality_sum_3m,descendant_quality,lift,S_D_090,4.519678655610269,553097,0.0014054426611719364
primary,2025-09,future_child_like_quality_sum_3m,descendant_quality,lift,S_D_095,4.519678655610268,553097,0.0014054426611719364
primary,2025-09,future_child_like_quality_sum_3m,descendant_quality,lift,S_D_099,4.519678655610269,553097,0.0014054426611719364
primary,2025-09,future_child_like_quality_sum_3m,descendant_quality,lift,S_MEM_01,4.370188038211799,553097,0.0014054426611719364
primary,2025-09,future_child_like_quality_sum_3m,descendant_quality,lift,S_MEM_03,4.399808982420248,553097,0.0014054426611719364
primary,2025-09,future_child_like_quality_sum_3m,descendant_quality,lift,S_MEM_06,4.469193753961486,553097,0.0014054426611719364
primary,2025-09,future_child_like_quality_sum_3m,descendant_quality,lift,S_MEM_12,4.488542525388285,553097,0.0014054426611719364
primary,2025-09,future_child_like_quality_sum_3m,descendant_quality,lift,S_Q_000,4.399060164556966,553097,0.0014054426611719364
primary,2025-09,future_child_like_quality_sum_3m,descendant_quality,lift,S_Q_005,4.519678655610269,553097,0.0014054426611719364
primary,2025-09,future_child_like_quality_sum_3m,descendant_quality,lift,S_Q_015,4.519678655610269,553097,0.0014054426611719364
primary,2025-09,future_child_like_quality_sum_3m,descendant_quality,lift,S_Q_020,4.519678655610269,553097,0.0014054426611719364
primary,2025-09,future_child_like_quality_sum_3m,descendant_quality,lift,S_Q_030,4.519678655610269,553097,0.0014054426611719364
primary,2025-09,future_child_like_quality_sum_3m,descendant_quality,lift,S_Q_040,4.519678655610269,553097,0.0014054426611719364
primary,2025-09,future_child_like_quality_sum_3m,descendant_quality,lift,S_Q_050,4.519678655610269,553097,0.0014054426611719364
primary,2025-09,future_child_like_quality_sum_3m,descendant_quality,lift,S_Q_060,4.519678655610269,553097,0.0014054426611719364
primary,2025-09,future_child_like_quality_sum_3m,descendant_quality,lift,S_Q_070,4.519678655610269,553097,0.0014054426611719364
primary,2025-09,future_child_like_quality_sum_3m,descendant_quality,lift,S_Q_080,4.519678655610269,553097,0.0014054426611719364
primary,2025-09,future_child_like_quality_sum_3m,descendant_quality,lift,S_Q_090,4.519678655610269,553097,0.0014054426611719364
primary,2025-09,future_child_like_quality_sum_3m,descendant_quality,lift,S_Q_100,4.519678655610269,553097,0.0014054426611719364
primary,2025-09,future_child_like_quality_sum_3m,descendant_quality,lift,S_WD_000,5.188558070999841,553097,0.0014054426611719364
primary,2025-09,future_child_like_quality_sum_3m,descendant_quality,lift,S_WD_025,5.104606133293604,553097,0.0014054426611719364
primary,2025-09,future_child_like_quality_sum_3m,descendant_quality,lift,S_WD_075,4.302847848836456,553097,0.0014054426611719364
primary,2025-09,future_child_like_quality_sum_3m,descendant_quality,lift,S_WD_100,4.267180678009927,553097,0.0014054426611719364
primary,2025-09,future_high_download_child_count_3m,descendant_quality,lift,S_C3_Q10,2.749376814864768,553097,0.0007430884636872013
primary,2025-09,future_high_download_child_count_3m,descendant_quality,lift,AllTime DerivCount,2.214099912855698,553097,0.0007430884636872013
primary,2025-09,future_high_download_child_count_3m,descendant_quality,lift,Current DerivCount,2.5790614369527916,553097,0.0007430884636872013
primary,2025-09,future_high_download_child_count_3m,descendant_quality,lift,Vanilla PageRank,2.214099912855698,553097,0.0007430884636872013
primary,2025-09,future_high_download_child_count_3m,descendant_quality,lift,Downloads,1.532838401207791,553097,0.0007430884636872013
primary,2025-09,future_high_download_child_count_3m,descendant_quality,lift,Likes,2.968353729323024,553097,0.0007430884636872013
primary,2025-09,future_high_download_child_count_3m,descendant_quality,lift,MTPR_time_safe_typed,2.749376814864768,553097,0.0007430884636872013
primary,2025-09,future_high_download_child_count_3m,descendant_quality,lift,Simplified_MTPR_time_safe_typed,2.7250460465916286,553097,0.0007430884636872013
primary,2025-09,future_high_download_child_count_3m,descendant_quality,lift,No-Propagation ModelRank,2.773707583137908,553097,0.0007430884636872013
primary,2025-09,future_high_download_child_count_3m,descendant_quality,lift,EventValue_time_safe_typed,2.5790614369527916,553097,0.0007430884636872013
primary,2025-09,future_high_download_child_count_3m,descendant_quality,lift,No child quality,2.749376814864768,553097,0.0007430884636872013
primary,2025-09,future_high_download_child_count_3m,descendant_quality,lift,No type weight,2.749376814864768,553097,0.0007430884636872013
primary,2025-09,future_high_download_child_count_3m,descendant_quality,lift,No parent size,2.749376814864768,553097,0.0007430884636872013
primary,2025-09,future_high_download_child_count_3m,descendant_quality,lift,No quality teleport,2.238430681128838,553097,0.0007430884636872013
primary,2025-09,future_high_download_child_count_3m,descendant_quality,lift,No PageRank propagation,2.62772297349907,553097,0.0007430884636872013
primary,2025-09,future_high_download_child_count_3m,descendant_quality,lift,No temporal inheritance,2.773707583137908,553097,0.0007430884636872013
primary,2025-09,future_high_download_child_count_3m,descendant_quality,lift,No event injection,2.749376814864768,553097,0.0007430884636872013
primary,2025-09,future_high_download_child_count_3m,descendant_quality,lift,S_D_000,2.773707583137908,553097,0.0007430884636872013
primary,2025-09,future_high_download_child_count_3m,descendant_quality,lift,S_D_025,2.8710306562304657,553097,0.0007430884636872013
primary,2025-09,future_high_download_child_count_3m,descendant_quality,lift,S_D_050,2.773707583137908,553097,0.0007430884636872013
primary,2025-09,future_high_download_child_count_3m,descendant_quality,lift,S_D_065,2.749376814864768,553097,0.0007430884636872013
primary,2025-09,future_high_download_child_count_3m,descendant_quality,lift,S_D_075,2.8223691196841867,553097,0.0007430884636872013
primary,2025-09,future_high_download_child_count_3m,descendant_quality,lift,S_D_090,2.749376814864768,553097,0.0007430884636872013
primary,2025-09,future_high_download_child_count_3m,descendant_quality,lift,S_D_095,2.749376814864768,553097,0.0007430884636872013
primary,2025-09,future_high_download_child_count_3m,descendant_quality,lift,S_D_099,2.749376814864768,553097,0.0007430884636872013
primary,2025-09,future_high_download_child_count_3m,descendant_quality,lift,S_MEM_01,2.773707583137908,553097,0.0007430884636872013
primary,2025-09,future_high_download_child_count_3m,descendant_quality,lift,S_MEM_03,2.8223691196841867,553097,0.0007430884636872013
primary,2025-09,future_high_download_child_count_3m,descendant_quality,lift,S_MEM_06,2.8710306562304657,553097,0.0007430884636872013
primary,2025-09,future_high_download_child_count_3m,descendant_quality,lift,S_MEM_12,2.749376814864768,553097,0.0007430884636872013
primary,2025-09,future_high_download_child_count_3m,descendant_quality,lift,S_Q_000,2.5790614369527916,553097,0.0007430884636872013
primary,2025-09,future_high_download_child_count_3m,descendant_quality,lift,S_Q_005,2.749376814864768,553097,0.0007430884636872013
primary,2025-09,future_high_download_child_count_3m,descendant_quality,lift,S_Q_015,2.749376814864768,553097,0.0007430884636872013
primary,2025-09,future_high_download_child_count_3m,descendant_quality,lift,S_Q_020,2.749376814864768,553097,0.0007430884636872013
primary,2025-09,future_high_download_child_count_3m,descendant_quality,lift,S_Q_030,2.749376814864768,553097,0.0007430884636872013
primary,2025-09,future_high_download_child_count_3m,descendant_quality,lift,S_Q_040,2.749376814864768,553097,0.0007430884636872013
primary,2025-09,future_high_download_child_count_3m,descendant_quality,lift,S_Q_050,2.749376814864768,553097,0.0007430884636872013
primary,2025-09,future_high_download_child_count_3m,descendant_quality,lift,S_Q_060,2.749376814864768,553097,0.0007430884636872013
primary,2025-09,future_high_download_child_count_3m,descendant_quality,lift,S_Q_070,2.749376814864768,553097,0.0007430884636872013
primary,2025-09,future_high_download_child_count_3m,descendant_quality,lift,S_Q_080,2.749376814864768,553097,0.0007430884636872013
primary,2025-09,future_high_download_child_count_3m,descendant_quality,lift,S_Q_090,2.749376814864768,553097,0.0007430884636872013
primary,2025-09,future_high_download_child_count_3m,descendant_quality,lift,S_Q_100,2.749376814864768,553097,0.0007430884636872013
primary,2025-09,future_high_download_child_count_3m,descendant_quality,lift,S_WD_000,3.1873306437812796,553097,0.0007430884636872013
primary,2025-09,future_high_download_child_count_3m,descendant_quality,lift,S_WD_025,3.1143383389618613,553097,0.0007430884636872013
primary,2025-09,future_high_download_child_count_3m,descendant_quality,lift,S_WD_075,2.530399900406512,553097,0.0007430884636872013
primary,2025-09,future_high_download_child_count_3m,descendant_quality,lift,S_WD_100,2.506069132133373,553097,0.0007430884636872013
primary,2025-09,future_high_like_child_count_3m,descendant_quality,lift,S_C3_Q10,4.277433446585352,553097,0.0012511367807093512
primary,2025-09,future_high_like_child_count_3m,descendant_quality,lift,AllTime DerivCount,4.147376348547284,553097,0.0012511367807093512
primary,2025-09,future_high_like_child_count_3m,descendant_quality,lift,Current DerivCount,3.8583605751293546,553097,0.0012511367807093512
primary,2025-09,future_high_like_child_count_3m,descendant_quality,lift,Vanilla PageRank,4.147376348547284,553097,0.0012511367807093512
primary,2025-09,future_high_like_child_count_3m,descendant_quality,lift,Downloads,2.485535651394191,553097,0.0012511367807093512
primary,2025-09,future_high_like_child_count_3m,descendant_quality,lift,Likes,4.754309472724936,553097,0.0012511367807093512
primary,2025-09,future_high_like_child_count_3m,descendant_quality,lift,MTPR_time_safe_typed,4.089573193863698,553097,0.0012511367807093512
primary,2025-09,future_high_like_child_count_3m,descendant_quality,lift,Simplified_MTPR_time_safe_typed,4.147376348547284,553097,0.0012511367807093512
primary,2025-09,future_high_like_child_count_3m,descendant_quality,lift,No-Propagation ModelRank,4.176277925889077,553097,0.0012511367807093512
primary,2025-09,future_high_like_child_count_3m,descendant_quality,lift,EventValue_time_safe_typed,3.8583605751293546,553097,0.0012511367807093512
primary,2025-09,future_high_like_child_count_3m,descendant_quality,lift,No child quality,4.118474771205491,553097,0.0012511367807093512
primary,2025-09,future_high_like_child_count_3m,descendant_quality,lift,No type weight,4.104023982534595,553097,0.0012511367807093512
primary,2025-09,future_high_like_child_count_3m,descendant_quality,lift,No parent size,4.089573193863698,553097,0.0012511367807093512
primary,2025-09,future_high_like_child_count_3m,descendant_quality,lift,No quality teleport,4.046220827851009,553097,0.0012511367807093512
primary,2025-09,future_high_like_child_count_3m,descendant_quality,lift,No PageRank propagation,4.031770039180112,553097,0.0012511367807093512
primary,2025-09,future_high_like_child_count_3m,descendant_quality,lift,No temporal inheritance,4.176277925889077,553097,0.0012511367807093512
primary,2025-09,future_high_like_child_count_3m,descendant_quality,lift,No event injection,4.0751224051928014,553097,0.0012511367807093512
primary,2025-09,future_high_like_child_count_3m,descendant_quality,lift,S_D_000,4.176277925889077,553097,0.0012511367807093512
primary,2025-09,future_high_like_child_count_3m,descendant_quality,lift,S_D_025,4.36413817861073,553097,0.0012511367807093512
primary,2025-09,future_high_like_child_count_3m,descendant_quality,lift,S_D_050,4.335236601268938,553097,0.0012511367807093512
primary,2025-09,future_high_like_child_count_3m,descendant_quality,lift,S_D_065,4.306335023927145,553097,0.0012511367807093512
primary,2025-09,future_high_like_child_count_3m,descendant_quality,lift,S_D_075,4.3496873899398345,553097,0.0012511367807093512
primary,2025-09,future_high_like_child_count_3m,descendant_quality,lift,S_D_090,4.277433446585352,553097,0.0012511367807093512
primary,2025-09,future_high_like_child_count_3m,descendant_quality,lift,S_D_095,4.277433446585352,553097,0.0012511367807093512
primary,2025-09,future_high_like_child_count_3m,descendant_quality,lift,S_D_099,4.277433446585352,553097,0.0012511367807093512
primary,2025-09,future_high_like_child_count_3m,descendant_quality,lift,S_MEM_01,4.176277925889077,553097,0.0012511367807093512
primary,2025-09,future_high_like_child_count_3m,descendant_quality,lift,S_MEM_03,4.20517950323087,553097,0.0012511367807093512
primary,2025-09,future_high_like_child_count_3m,descendant_quality,lift,S_MEM_06,4.234081080572663,553097,0.0012511367807093512
primary,2025-09,future_high_like_child_count_3m,descendant_quality,lift,S_MEM_12,4.262982657914455,553097,0.0012511367807093512
primary,2025-09,future_high_like_child_count_3m,descendant_quality,lift,S_Q_000,4.24853186924356,553097,0.0012511367807093512
primary,2025-09,future_high_like_child_count_3m,descendant_quality,lift,S_Q_005,4.277433446585352,553097,0.0012511367807093512
primary,2025-09,future_high_like_child_count_3m,descendant_quality,lift,S_Q_015,4.277433446585352,553097,0.0012511367807093512
primary,2025-09,future_high_like_child_count_3m,descendant_quality,lift,S_Q_020,4.277433446585352,553097,0.0012511367807093512
primary,2025-09,future_high_like_child_count_3m,descendant_quality,lift,S_Q_030,4.277433446585352,553097,0.0012511367807093512
primary,2025-09,future_high_like_child_count_3m,descendant_quality,lift,S_Q_040,4.277433446585352,553097,0.0012511367807093512
primary,2025-09,future_high_like_child_count_3m,descendant_quality,lift,S_Q_050,4.277433446585352,553097,0.0012511367807093512
primary,2025-09,future_high_like_child_count_3m,descendant_quality,lift,S_Q_060,4.277433446585352,553097,0.0012511367807093512
primary,2025-09,future_high_like_child_count_3m,descendant_quality,lift,S_Q_070,4.277433446585352,553097,0.0012511367807093512
primary,2025-09,future_high_like_child_count_3m,descendant_quality,lift,S_Q_080,4.277433446585352,553097,0.0012511367807093512
primary,2025-09,future_high_like_child_count_3m,descendant_quality,lift,S_Q_090,4.277433446585352,553097,0.0012511367807093512
primary,2025-09,future_high_like_child_count_3m,descendant_quality,lift,S_Q_100,4.277433446585352,553097,0.0012511367807093512
primary,2025-09,future_high_like_child_count_3m,descendant_quality,lift,S_WD_000,5.028874457471968,553097,0.0012511367807093512
primary,2025-09,future_high_like_child_count_3m,descendant_quality,lift,S_WD_025,4.927718936775693,553097,0.0012511367807093512
primary,2025-09,future_high_like_child_count_3m,descendant_quality,lift,S_WD_075,4.118474771205491,553097,0.0012511367807093512
primary,2025-09,future_high_like_child_count_3m,descendant_quality,lift,S_WD_100,4.0751224051928014,553097,0.0012511367807093512
primary,2025-09,future_nonzero_like_child_share_3m,descendant_quality,lift,S_C3_Q10,5.1429889653268015,553097,0.0006435235718624552
primary,2025-09,future_nonzero_like_child_share_3m,descendant_quality,lift,AllTime DerivCount,4.803973743998763,553097,0.0006435235718624552
primary,2025-09,future_nonzero_like_child_share_3m,descendant_quality,lift,Current DerivCount,2.9742090131611625,553097,0.0006435235718624552
primary,2025-09,future_nonzero_like_child_share_3m,descendant_quality,lift,Vanilla PageRank,4.803973743998763,553097,0.0006435235718624552
primary,2025-09,future_nonzero_like_child_share_3m,descendant_quality,lift,Downloads,3.058160787974332,553097,0.0006435235718624552
primary,2025-09,future_nonzero_like_child_share_3m,descendant_quality,lift,Likes,5.681860770899589,553097,0.0006435235718624552
primary,2025-09,future_nonzero_like_child_share_3m,descendant_quality,lift,MTPR_time_safe_typed,4.897356784443502,553097,0.0006435235718624552
primary,2025-09,future_nonzero_like_child_share_3m,descendant_quality,lift,Simplified_MTPR_time_safe_typed,4.909063111146819,553097,0.0006435235718624552
primary,2025-09,future_nonzero_like_child_share_3m,descendant_quality,lift,No-Propagation ModelRank,4.937158295234779,553097,0.0006435235718624552
primary,2025-09,future_nonzero_like_child_share_3m,descendant_quality,lift,EventValue_time_safe_typed,2.9742090131611625,553097,0.0006435235718624552
primary,2025-09,future_nonzero_like_child_share_3m,descendant_quality,lift,No child quality,4.939499560575441,553097,0.0006435235718624552
primary,2025-09,future_nonzero_like_child_share_3m,descendant_quality,lift,No type weight,4.925451968531461,553097,0.0006435235718624552
primary,2025-09,future_nonzero_like_child_share_3m,descendant_quality,lift,No parent size,4.897356784443503,553097,0.0006435235718624552
primary,2025-09,future_nonzero_like_child_share_3m,descendant_quality,lift,No quality teleport,4.61433125140504,553097,0.0006435235718624552
primary,2025-09,future_nonzero_like_child_share_3m,descendant_quality,lift,No PageRank propagation,4.841166416267585,553097,0.0006435235718624552
primary,2025-09,future_nonzero_like_child_share_3m,descendant_quality,lift,No temporal inheritance,4.937158295234779,553097,0.0006435235718624552
primary,2025-09,future_nonzero_like_child_share_3m,descendant_quality,lift,No event injection,4.8833091923995235,553097,0.0006435235718624552
primary,2025-09,future_nonzero_like_child_share_3m,descendant_quality,lift,S_D_000,4.937158295234779,553097,0.0006435235718624552
primary,2025-09,future_nonzero_like_child_share_3m,descendant_quality,lift,S_D_025,5.276641769630949,553097,0.0006435235718624552
primary,2025-09,future_nonzero_like_child_share_3m,descendant_quality,lift,S_D_050,5.238512591225861,553097,0.0006435235718624552
primary,2025-09,future_nonzero_like_child_share_3m,descendant_quality,lift,S_D_065,5.182322223049944,553097,0.0006435235718624552
primary,2025-09,future_nonzero_like_child_share_3m,descendant_quality,lift,S_D_075,5.19917933350272,553097,0.0006435235718624552
primary,2025-09,future_nonzero_like_child_share_3m,descendant_quality,lift,S_D_090,5.1429889653268015,553097,0.0006435235718624552
primary,2025-09,future_nonzero_like_child_share_3m,descendant_quality,lift,S_D_095,5.1429889653268015,553097,0.0006435235718624552
primary,2025-09,future_nonzero_like_child_share_3m,descendant_quality,lift,S_D_099,5.1429889653268015,553097,0.0006435235718624552
primary,2025-09,future_nonzero_like_child_share_3m,descendant_quality,lift,S_MEM_01,4.937158295234779,553097,0.0006435235718624552
primary,2025-09,future_nonzero_like_child_share_3m,descendant_quality,lift,S_MEM_03,5.010205773863471,553097,0.0006435235718624552
primary,2025-09,future_nonzero_like_child_share_3m,descendant_quality,lift,S_MEM_06,5.0352907596562915,553097,0.0006435235718624552
primary,2025-09,future_nonzero_like_child_share_3m,descendant_quality,lift,S_MEM_12,5.058703413062925,553097,0.0006435235718624552
primary,2025-09,future_nonzero_like_child_share_3m,descendant_quality,lift,S_Q_000,3.362859059711261,553097,0.0006435235718624552
primary,2025-09,future_nonzero_like_child_share_3m,descendant_quality,lift,S_Q_005,5.1429889653268015,553097,0.0006435235718624552
primary,2025-09,future_nonzero_like_child_share_3m,descendant_quality,lift,S_Q_015,5.1429889653268015,553097,0.0006435235718624552
primary,2025-09,future_nonzero_like_child_share_3m,descendant_quality,lift,S_Q_020,5.1429889653268015,553097,0.0006435235718624552
primary,2025-09,future_nonzero_like_child_share_3m,descendant_quality,lift,S_Q_030,5.1429889653268015,553097,0.0006435235718624552
primary,2025-09,future_nonzero_like_child_share_3m,descendant_quality,lift,S_Q_040,5.1429889653268015,553097,0.0006435235718624552
primary,2025-09,future_nonzero_like_child_share_3m,descendant_quality,lift,S_Q_050,5.1429889653268015,553097,0.0006435235718624552
primary,2025-09,future_nonzero_like_child_share_3m,descendant_quality,lift,S_Q_060,5.1429889653268015,553097,0.0006435235718624552
primary,2025-09,future_nonzero_like_child_share_3m,descendant_quality,lift,S_Q_070,5.1429889653268015,553097,0.0006435235718624552
primary,2025-09,future_nonzero_like_child_share_3m,descendant_quality,lift,S_Q_080,5.1429889653268015,553097,0.0006435235718624552
primary,2025-09,future_nonzero_like_child_share_3m,descendant_quality,lift,S_Q_090,5.1429889653268015,553097,0.0006435235718624552
primary,2025-09,future_nonzero_like_child_share_3m,descendant_quality,lift,S_Q_100,5.1429889653268015,553097,0.0006435235718624552
primary,2025-09,future_nonzero_like_child_share_3m,descendant_quality,lift,S_WD_000,6.007116555917882,553097,0.0006435235718624552
primary,2025-09,future_nonzero_like_child_share_3m,descendant_quality,lift,S_WD_025,5.875336763886264,553097,0.0006435235718624552
primary,2025-09,future_nonzero_like_child_share_3m,descendant_quality,lift,S_WD_075,4.829259409677927,553097,0.0006435235718624552
primary,2025-09,future_nonzero_like_child_share_3m,descendant_quality,lift,S_WD_100,4.71687867332609,553097,0.0006435235718624552
primary,2025-09,future_nonzero_download_child_share_3m,descendant_quality,lift,S_C3_Q10,5.060367851549384,553097,0.0026909340634148596
primary,2025-09,future_nonzero_download_child_share_3m,descendant_quality,lift,AllTime DerivCount,4.485557697102851,553097,0.0026909340634148596
primary,2025-09,future_nonzero_download_child_share_3m,descendant_quality,lift,Current DerivCount,2.3874642055615056,553097,0.0026909340634148596
primary,2025-09,future_nonzero_download_child_share_3m,descendant_quality,lift,Vanilla PageRank,4.485557697102852,553097,0.0026909340634148596
primary,2025-09,future_nonzero_download_child_share_3m,descendant_quality,lift,Downloads,3.3361762236104737,553097,0.0026909340634148596
primary,2025-09,future_nonzero_download_child_share_3m,descendant_quality,lift,Likes,4.537243389792297,553097,0.0026909340634148596
primary,2025-09,future_nonzero_download_child_share_3m,descendant_quality,lift,MTPR_time_safe_typed,4.747942520883168,553097,0.0026909340634148596
primary,2025-09,future_nonzero_download_child_share_3m,descendant_quality,lift,Simplified_MTPR_time_safe_typed,4.647160156152131,553097,0.0026909340634148596
primary,2025-09,future_nonzero_download_child_share_3m,descendant_quality,lift,No-Propagation ModelRank,4.694191926359949,553097,0.0026909340634148596
primary,2025-09,future_nonzero_download_child_share_3m,descendant_quality,lift,EventValue_time_safe_typed,2.3874642055615056,553097,0.0026909340634148596
primary,2025-09,future_nonzero_download_child_share_3m,descendant_quality,lift,No child quality,4.78153664246018,553097,0.0026909340634148596
primary,2025-09,future_nonzero_download_child_share_3m,descendant_quality,lift,No type weight,4.774817818144777,553097,0.0026909340634148596
primary,2025-09,future_nonzero_download_child_share_3m,descendant_quality,lift,No parent size,4.734504872252362,553097,0.0026909340634148596
primary,2025-09,future_nonzero_download_child_share_3m,descendant_quality,lift,No quality teleport,4.248719139984915,553097,0.0026909340634148596
primary,2025-09,future_nonzero_download_child_share_3m,descendant_quality,lift,No PageRank propagation,4.633722507521326,553097,0.0026909340634148596
primary,2025-09,future_nonzero_download_child_share_3m,descendant_quality,lift,No temporal inheritance,4.694191926359949,553097,0.0026909340634148596
primary,2025-09,future_nonzero_download_child_share_3m,descendant_quality,lift,No event injection,4.72778604793696,553097,0.0026909340634148596
primary,2025-09,future_nonzero_download_child_share_3m,descendant_quality,lift,S_D_000,4.694191926359949,553097,0.0026909340634148596
primary,2025-09,future_nonzero_download_child_share_3m,descendant_quality,lift,S_D_025,5.0469302029185785,553097,0.0026909340634148596
primary,2025-09,future_nonzero_download_child_share_3m,descendant_quality,lift,S_D_050,5.087243148810994,553097,0.0026909340634148596
primary,2025-09,future_nonzero_download_child_share_3m,descendant_quality,lift,S_D_065,5.087243148810994,553097,0.0026909340634148596
primary,2025-09,future_nonzero_download_child_share_3m,descendant_quality,lift,S_D_075,5.1006807974417985,553097,0.0026909340634148596
primary,2025-09,future_nonzero_download_child_share_3m,descendant_quality,lift,S_D_090,5.060367851549384,553097,0.0026909340634148596
primary,2025-09,future_nonzero_download_child_share_3m,descendant_quality,lift,S_D_095,5.060367851549384,553097,0.0026909340634148596
primary,2025-09,future_nonzero_download_child_share_3m,descendant_quality,lift,S_D_099,5.067086675864787,553097,0.0026909340634148596
primary,2025-09,future_nonzero_download_child_share_3m,descendant_quality,lift,S_MEM_01,4.694191926359949,553097,0.0026909340634148596
primary,2025-09,future_nonzero_download_child_share_3m,descendant_quality,lift,S_MEM_03,4.855443709929608,553097,0.0026909340634148596
primary,2025-09,future_nonzero_download_child_share_3m,descendant_quality,lift,S_MEM_06,4.936069601714437,553097,0.0026909340634148596
primary,2025-09,future_nonzero_download_child_share_3m,descendant_quality,lift,S_MEM_12,5.0536490272339805,553097,0.0026909340634148596
primary,2025-09,future_nonzero_download_child_share_3m,descendant_quality,lift,S_Q_000,2.6131047221537718,553097,0.0026909340634148596
primary,2025-09,future_nonzero_download_child_share_3m,descendant_quality,lift,S_Q_005,5.060367851549384,553097,0.0026909340634148596
primary,2025-09,future_nonzero_download_child_share_3m,descendant_quality,lift,S_Q_015,5.060367851549384,553097,0.0026909340634148596
primary,2025-09,future_nonzero_download_child_share_3m,descendant_quality,lift,S_Q_020,5.060367851549384,553097,0.0026909340634148596
primary,2025-09,future_nonzero_download_child_share_3m,descendant_quality,lift,S_Q_030,5.060367851549384,553097,0.0026909340634148596
primary,2025-09,future_nonzero_download_child_share_3m,descendant_quality,lift,S_Q_040,5.060367851549384,553097,0.0026909340634148596
primary,2025-09,future_nonzero_download_child_share_3m,descendant_quality,lift,S_Q_050,5.060367851549384,553097,0.0026909340634148596
primary,2025-09,future_nonzero_download_child_share_3m,descendant_quality,lift,S_Q_060,5.060367851549384,553097,0.0026909340634148596
primary,2025-09,future_nonzero_download_child_share_3m,descendant_quality,lift,S_Q_070,5.060367851549384,553097,0.0026909340634148596
primary,2025-09,future_nonzero_download_child_share_3m,descendant_quality,lift,S_Q_080,5.060367851549384,553097,0.0026909340634148596
primary,2025-09,future_nonzero_download_child_share_3m,descendant_quality,lift,S_Q_090,5.060367851549384,553097,0.0026909340634148596
primary,2025-09,future_nonzero_download_child_share_3m,descendant_quality,lift,S_Q_100,5.0536490272339805,553097,0.0026909340634148596
primary,2025-09,future_nonzero_download_child_share_3m,descendant_quality,lift,S_WD_000,5.044514625605184,553097,0.0026909340634148596
primary,2025-09,future_nonzero_download_child_share_3m,descendant_quality,lift,S_WD_025,5.336063609291399,553097,0.0026909340634148596
primary,2025-09,future_nonzero_download_child_share_3m,descendant_quality,lift,S_WD_075,4.932710189556736,553097,0.0026909340634148596
primary,2025-09,future_nonzero_download_child_share_3m,descendant_quality,lift,S_WD_100,4.8319278248257,553097,0.0026909340634148596
primary,2025-09,future_child_download_quality_mean_3m,descendant_quality,lift,S_C3_Q10,4.886414804656773,553097,0.009894014788472575
primary,2025-09,future_child_download_quality_mean_3m,descendant_quality,lift,AllTime DerivCount,4.258664411804393,553097,0.009894014788472575
primary,2025-09,future_child_download_quality_mean_3m,descendant_quality,lift,Current DerivCount,2.3664407080365057,553097,0.009894014788472575
primary,2025-09,future_child_download_quality_mean_3m,descendant_quality,lift,Vanilla PageRank,4.258664411804392,553097,0.009894014788472575
primary,2025-09,future_child_download_quality_mean_3m,descendant_quality,lift,Downloads,3.1953828039560954,553097,0.009894014788472575
primary,2025-09,future_child_download_quality_mean_3m,descendant_quality,lift,Likes,4.58245503859168,553097,0.009894014788472575
primary,2025-09,future_child_download_quality_mean_3m,descendant_quality,lift,MTPR_time_safe_typed,4.641367601396649,553097,0.009894014788472575
primary,2025-09,future_child_download_quality_mean_3m,descendant_quality,lift,Simplified_MTPR_time_safe_typed,4.54939933441838,553097,0.009894014788472575
primary,2025-09,future_child_download_quality_mean_3m,descendant_quality,lift,No-Propagation ModelRank,4.5983799446345275,553097,0.009894014788472575
primary,2025-09,future_child_download_quality_mean_3m,descendant_quality,lift,EventValue_time_safe_typed,2.3664407080365057,553097,0.009894014788472575
primary,2025-09,future_child_download_quality_mean_3m,descendant_quality,lift,No child quality,4.6829588765249435,553097,0.009894014788472575
primary,2025-09,future_child_download_quality_mean_3m,descendant_quality,lift,No type weight,4.67116538600246,553097,0.009894014788472575
primary,2025-09,future_child_download_quality_mean_3m,descendant_quality,lift,No parent size,4.630816276519934,553097,0.009894014788472575
primary,2025-09,future_child_download_quality_mean_3m,descendant_quality,lift,No quality teleport,4.061011179463455,553097,0.009894014788472575
primary,2025-09,future_child_download_quality_mean_3m,descendant_quality,lift,No PageRank propagation,4.531953058184727,553097,0.009894014788472575
primary,2025-09,future_child_download_quality_mean_3m,descendant_quality,lift,No temporal inheritance,4.5983799446345275,553097,0.009894014788472575
primary,2025-09,future_child_download_quality_mean_3m,descendant_quality,lift,No event injection,4.629483452440133,553097,0.009894014788472575
primary,2025-09,future_child_download_quality_mean_3m,descendant_quality,lift,S_D_000,4.5983799446345275,553097,0.009894014788472575
primary,2025-09,future_child_download_quality_mean_3m,descendant_quality,lift,S_D_025,4.929690619501994,553097,0.009894014788472575
primary,2025-09,future_child_download_quality_mean_3m,descendant_quality,lift,S_D_050,4.932045258495706,553097,0.009894014788472575
primary,2025-09,future_child_download_quality_mean_3m,descendant_quality,lift,S_D_065,4.9177654479521555,553097,0.009894014788472575
primary,2025-09,future_child_download_quality_mean_3m,descendant_quality,lift,S_D_075,4.932719383654032,553097,0.009894014788472575
primary,2025-09,future_child_download_quality_mean_3m,descendant_quality,lift,S_D_090,4.887273669840404,553097,0.009894014788472575
primary,2025-09,future_child_download_quality_mean_3m,descendant_quality,lift,S_D_095,4.884561961969617,553097,0.009894014788472575
primary,2025-09,future_child_download_quality_mean_3m,descendant_quality,lift,S_D_099,4.885828590445383,553097,0.009894014788472575
primary,2025-09,future_child_download_quality_mean_3m,descendant_quality,lift,S_MEM_01,4.5983799446345275,553097,0.009894014788472575
primary,2025-09,future_child_download_quality_mean_3m,descendant_quality,lift,S_MEM_03,4.744896467353803,553097,0.009894014788472575
primary,2025-09,future_child_download_quality_mean_3m,descendant_quality,lift,S_MEM_06,4.784326948475185,553097,0.009894014788472575
primary,2025-09,future_child_download_quality_mean_3m,descendant_quality,lift,S_MEM_12,4.873468047251153,553097,0.009894014788472575
primary,2025-09,future_child_download_quality_mean_3m,descendant_quality,lift,S_Q_000,2.5969078675050516,553097,0.009894014788472575
primary,2025-09,future_child_download_quality_mean_3m,descendant_quality,lift,S_Q_005,4.886414804656772,553097,0.009894014788472575
primary,2025-09,future_child_download_quality_mean_3m,descendant_quality,lift,S_Q_015,4.886414804656773,553097,0.009894014788472575
primary,2025-09,future_child_download_quality_mean_3m,descendant_quality,lift,S_Q_020,4.886414804656773,553097,0.009894014788472575
primary,2025-09,future_child_download_quality_mean_3m,descendant_quality,lift,S_Q_030,4.886414804656773,553097,0.009894014788472575
primary,2025-09,future_child_download_quality_mean_3m,descendant_quality,lift,S_Q_040,4.886414804656773,553097,0.009894014788472575
primary,2025-09,future_child_download_quality_mean_3m,descendant_quality,lift,S_Q_050,4.886414804656773,553097,0.009894014788472575
primary,2025-09,future_child_download_quality_mean_3m,descendant_quality,lift,S_Q_060,4.886414804656773,553097,0.009894014788472575
primary,2025-09,future_child_download_quality_mean_3m,descendant_quality,lift,S_Q_070,4.886414804656772,553097,0.009894014788472575
primary,2025-09,future_child_download_quality_mean_3m,descendant_quality,lift,S_Q_080,4.886414804656773,553097,0.009894014788472575
primary,2025-09,future_child_download_quality_mean_3m,descendant_quality,lift,S_Q_090,4.886414804656772,553097,0.009894014788472575
primary,2025-09,future_child_download_quality_mean_3m,descendant_quality,lift,S_Q_100,4.880851370334478,553097,0.009894014788472575
primary,2025-09,future_child_download_quality_mean_3m,descendant_quality,lift,S_WD_000,5.0286802430145086,553097,0.009894014788472575
primary,2025-09,future_child_download_quality_mean_3m,descendant_quality,lift,S_WD_025,5.251325453860603,553097,0.009894014788472575
primary,2025-09,future_child_download_quality_mean_3m,descendant_quality,lift,S_WD_075,4.7377123284380485,553097,0.009894014788472575
primary,2025-09,future_child_download_quality_mean_3m,descendant_quality,lift,S_WD_100,4.6452624380115655,553097,0.009894014788472575
primary,2025-09,future_child_download_quality_median_3m,descendant_quality,lift,S_C3_Q10,4.890915146687195,553097,0.009871074216367898
primary,2025-09,future_child_download_quality_median_3m,descendant_quality,lift,AllTime DerivCount,4.2627317368945965,553097,0.009871074216367898
primary,2025-09,future_child_download_quality_median_3m,descendant_quality,lift,Current DerivCount,2.3682809834547682,553097,0.009871074216367898
primary,2025-09,future_child_download_quality_median_3m,descendant_quality,lift,Vanilla PageRank,4.2627317368945965,553097,0.009871074216367898
primary,2025-09,future_child_download_quality_median_3m,descendant_quality,lift,Downloads,3.2018773066449024,553097,0.009871074216367898
primary,2025-09,future_child_download_quality_median_3m,descendant_quality,lift,Likes,4.590927148176806,553097,0.009871074216367898
primary,2025-09,future_child_download_quality_median_3m,descendant_quality,lift,MTPR_time_safe_typed,4.646967916928077,553097,0.009871074216367898
primary,2025-09,future_child_download_quality_median_3m,descendant_quality,lift,Simplified_MTPR_time_safe_typed,4.553209731956636,553097,0.009871074216367898
primary,2025-09,future_child_download_quality_median_3m,descendant_quality,lift,No-Propagation ModelRank,4.602304174081626,553097,0.009871074216367898
primary,2025-09,future_child_download_quality_median_3m,descendant_quality,lift,EventValue_time_safe_typed,2.3682809834547682,553097,0.009871074216367898
primary,2025-09,future_child_download_quality_median_3m,descendant_quality,lift,No child quality,4.688655851004028,553097,0.009871074216367898
primary,2025-09,future_child_download_quality_median_3m,descendant_quality,lift,No type weight,4.676834952175847,553097,0.009871074216367898
primary,2025-09,future_child_download_quality_median_3m,descendant_quality,lift,No parent size,4.635570612395333,553097,0.009871074216367898
primary,2025-09,future_child_download_quality_median_3m,descendant_quality,lift,No quality teleport,4.064289513798245,553097,0.009871074216367898
primary,2025-09,future_child_download_quality_median_3m,descendant_quality,lift,No PageRank propagation,4.5358750324248,553097,0.009871074216367898
primary,2025-09,future_child_download_quality_median_3m,descendant_quality,lift,No temporal inheritance,4.602304174081627,553097,0.009871074216367898
primary,2025-09,future_child_download_quality_median_3m,descendant_quality,lift,No event injection,4.634234690805957,553097,0.009871074216367898
primary,2025-09,future_child_download_quality_median_3m,descendant_quality,lift,S_D_000,4.602304174081627,553097,0.009871074216367898
primary,2025-09,future_child_download_quality_median_3m,descendant_quality,lift,S_D_025,4.935535796681543,553097,0.009871074216367898
primary,2025-09,future_child_download_quality_median_3m,descendant_quality,lift,S_D_050,4.938979504972365,553097,0.009871074216367898
primary,2025-09,future_child_download_quality_median_3m,descendant_quality,lift,S_D_065,4.924960877371863,553097,0.009871074216367898
primary,2025-09,future_child_download_quality_median_3m,descendant_quality,lift,S_D_075,4.9379714327183075,553097,0.009871074216367898
primary,2025-09,future_child_download_quality_median_3m,descendant_quality,lift,S_D_090,4.891776007890537,553097,0.009871074216367898
primary,2025-09,future_child_download_quality_median_3m,descendant_quality,lift,S_D_095,4.8885349152716016,553097,0.009871074216367898
primary,2025-09,future_child_download_quality_median_3m,descendant_quality,lift,S_D_099,4.889804487417046,553097,0.009871074216367898
primary,2025-09,future_child_download_quality_median_3m,descendant_quality,lift,S_MEM_01,4.602304174081627,553097,0.009871074216367898
primary,2025-09,future_child_download_quality_median_3m,descendant_quality,lift,S_MEM_03,4.7478203615343,553097,0.009871074216367898
primary,2025-09,future_child_download_quality_median_3m,descendant_quality,lift,S_MEM_06,4.788602623344899,553097,0.009871074216367898
primary,2025-09,future_child_download_quality_median_3m,descendant_quality,lift,S_MEM_12,4.8780909930152525,553097,0.009871074216367898
primary,2025-09,future_child_download_quality_median_3m,descendant_quality,lift,S_Q_000,2.597705966984862,553097,0.009871074216367898
primary,2025-09,future_child_download_quality_median_3m,descendant_quality,lift,S_Q_005,4.890915146687197,553097,0.009871074216367898
primary,2025-09,future_child_download_quality_median_3m,descendant_quality,lift,S_Q_015,4.890915146687197,553097,0.009871074216367898
primary,2025-09,future_child_download_quality_median_3m,descendant_quality,lift,S_Q_020,4.890915146687197,553097,0.009871074216367898
primary,2025-09,future_child_download_quality_median_3m,descendant_quality,lift,S_Q_030,4.890915146687195,553097,0.009871074216367898
primary,2025-09,future_child_download_quality_median_3m,descendant_quality,lift,S_Q_040,4.890915146687195,553097,0.009871074216367898
primary,2025-09,future_child_download_quality_median_3m,descendant_quality,lift,S_Q_050,4.890915146687197,553097,0.009871074216367898
primary,2025-09,future_child_download_quality_median_3m,descendant_quality,lift,S_Q_060,4.890915146687195,553097,0.009871074216367898
primary,2025-09,future_child_download_quality_median_3m,descendant_quality,lift,S_Q_070,4.890915146687197,553097,0.009871074216367898
primary,2025-09,future_child_download_quality_median_3m,descendant_quality,lift,S_Q_080,4.890915146687195,553097,0.009871074216367898
primary,2025-09,future_child_download_quality_median_3m,descendant_quality,lift,S_Q_090,4.890915146687197,553097,0.009871074216367898
primary,2025-09,future_child_download_quality_median_3m,descendant_quality,lift,S_Q_100,4.885338782833282,553097,0.009871074216367898
primary,2025-09,future_child_download_quality_median_3m,descendant_quality,lift,S_WD_000,5.035967988355371,553097,0.009871074216367898
primary,2025-09,future_child_download_quality_median_3m,descendant_quality,lift,S_WD_025,5.257690992827619,553097,0.009871074216367898
primary,2025-09,future_child_download_quality_median_3m,descendant_quality,lift,S_WD_075,4.741889266892319,553097,0.009871074216367898
primary,2025-09,future_child_download_quality_median_3m,descendant_quality,lift,S_WD_100,4.649063742185182,553097,0.009871074216367898
primary,2025-09,future_child_like_quality_mean_3m,descendant_quality,lift,S_C3_Q10,5.64424268742988,553097,0.0006401156409308506
primary,2025-09,future_child_like_quality_mean_3m,descendant_quality,lift,AllTime DerivCount,5.210933551321255,553097,0.0006401156409308506
primary,2025-09,future_child_like_quality_mean_3m,descendant_quality,lift,Current DerivCount,3.1735823193200257,553097,0.0006401156409308506
primary,2025-09,future_child_like_quality_mean_3m,descendant_quality,lift,Vanilla PageRank,5.210933551321255,553097,0.0006401156409308506
primary,2025-09,future_child_like_quality_mean_3m,descendant_quality,lift,Downloads,3.3829501214776214,553097,0.0006401156409308506
primary,2025-09,future_child_like_quality_mean_3m,descendant_quality,lift,Likes,6.107870163344949,553097,0.0006401156409308506
primary,2025-09,future_child_like_quality_mean_3m,descendant_quality,lift,MTPR_time_safe_typed,5.396237883929855,553097,0.0006401156409308506
primary,2025-09,future_child_like_quality_mean_3m,descendant_quality,lift,Simplified_MTPR_time_safe_typed,5.362081520122417,553097,0.0006401156409308506
primary,2025-09,future_child_like_quality_mean_3m,descendant_quality,lift,No-Propagation ModelRank,5.381659296494986,553097,0.0006401156409308506
primary,2025-09,future_child_like_quality_mean_3m,descendant_quality,lift,EventValue_time_safe_typed,3.1735823193200257,553097,0.0006401156409308506
primary,2025-09,future_child_like_quality_mean_3m,descendant_quality,lift,No child quality,5.438544754799868,553097,0.0006401156409308506
primary,2025-09,future_child_like_quality_mean_3m,descendant_quality,lift,No type weight,5.415815660302424,553097,0.0006401156409308506
primary,2025-09,future_child_like_quality_mean_3m,descendant_quality,lift,No parent size,5.396237883929855,553097,0.0006401156409308506
primary,2025-09,future_child_like_quality_mean_3m,descendant_quality,lift,No quality teleport,5.003864992769597,553097,0.0006401156409308506
primary,2025-09,future_child_like_quality_mean_3m,descendant_quality,lift,No PageRank propagation,5.357082331184717,553097,0.0006401156409308506
primary,2025-09,future_child_like_quality_mean_3m,descendant_quality,lift,No temporal inheritance,5.381659296494986,553097,0.0006401156409308506
primary,2025-09,future_child_like_quality_mean_3m,descendant_quality,lift,No event injection,5.386448995743571,553097,0.0006401156409308506
primary,2025-09,future_child_like_quality_mean_3m,descendant_quality,lift,S_D_000,5.381659296494987,553097,0.0006401156409308506
primary,2025-09,future_child_like_quality_mean_3m,descendant_quality,lift,S_D_025,5.7828351554542765,553097,0.0006401156409308506
primary,2025-09,future_child_like_quality_mean_3m,descendant_quality,lift,S_D_050,5.767717581116962,553097,0.0006401156409308506
primary,2025-09,future_child_like_quality_mean_3m,descendant_quality,lift,S_D_065,5.691229350724046,553097,0.0006401156409308506
primary,2025-09,future_child_like_quality_mean_3m,descendant_quality,lift,S_D_075,5.702976016547588,553097,0.0006401156409308506
primary,2025-09,future_child_like_quality_mean_3m,descendant_quality,lift,S_D_090,5.64424268742988,553097,0.0006401156409308506
primary,2025-09,future_child_like_quality_mean_3m,descendant_quality,lift,S_D_095,5.644242687429882,553097,0.0006401156409308506
primary,2025-09,future_child_like_quality_mean_3m,descendant_quality,lift,S_D_099,5.644242687429882,553097,0.0006401156409308506
primary,2025-09,future_child_like_quality_mean_3m,descendant_quality,lift,S_MEM_01,5.381659296494986,553097,0.0006401156409308506
primary,2025-09,future_child_like_quality_mean_3m,descendant_quality,lift,S_MEM_03,5.445501721374824,553097,0.0006401156409308506
primary,2025-09,future_child_like_quality_mean_3m,descendant_quality,lift,S_MEM_06,5.50380770819397,553097,0.0006401156409308506
primary,2025-09,future_child_like_quality_mean_3m,descendant_quality,lift,S_MEM_12,5.549664621950099,553097,0.0006401156409308506
primary,2025-09,future_child_like_quality_mean_3m,descendant_quality,lift,S_Q_000,3.612407655600772,553097,0.0006401156409308506
primary,2025-09,future_child_like_quality_mean_3m,descendant_quality,lift,S_Q_005,5.644242687429881,553097,0.0006401156409308506
primary,2025-09,future_child_like_quality_mean_3m,descendant_quality,lift,S_Q_015,5.644242687429881,553097,0.0006401156409308506
primary,2025-09,future_child_like_quality_mean_3m,descendant_quality,lift,S_Q_020,5.64424268742988,553097,0.0006401156409308506
primary,2025-09,future_child_like_quality_mean_3m,descendant_quality,lift,S_Q_030,5.644242687429881,553097,0.0006401156409308506
primary,2025-09,future_child_like_quality_mean_3m,descendant_quality,lift,S_Q_040,5.644242687429881,553097,0.0006401156409308506
primary,2025-09,future_child_like_quality_mean_3m,descendant_quality,lift,S_Q_050,5.644242687429881,553097,0.0006401156409308506
primary,2025-09,future_child_like_quality_mean_3m,descendant_quality,lift,S_Q_060,5.644242687429881,553097,0.0006401156409308506
primary,2025-09,future_child_like_quality_mean_3m,descendant_quality,lift,S_Q_070,5.644242687429881,553097,0.0006401156409308506
primary,2025-09,future_child_like_quality_mean_3m,descendant_quality,lift,S_Q_080,5.644242687429881,553097,0.0006401156409308506
primary,2025-09,future_child_like_quality_mean_3m,descendant_quality,lift,S_Q_090,5.644242687429881,553097,0.0006401156409308506
primary,2025-09,future_child_like_quality_mean_3m,descendant_quality,lift,S_Q_100,5.644242687429881,553097,0.0006401156409308506
primary,2025-09,future_child_like_quality_mean_3m,descendant_quality,lift,S_WD_000,6.446767705442151,553097,0.0006401156409308506
primary,2025-09,future_child_like_quality_mean_3m,descendant_quality,lift,S_WD_025,6.370085631205559,553097,0.0006401156409308506
primary,2025-09,future_child_like_quality_mean_3m,descendant_quality,lift,S_WD_075,5.27209149503199,553097,0.0006401156409308506
primary,2025-09,future_child_like_quality_mean_3m,descendant_quality,lift,S_WD_100,5.193780389541714,553097,0.0006401156409308506
primary,2025-09,future_child_like_quality_median_3m,descendant_quality,lift,S_C3_Q10,5.724990891590991,553097,0.000609683733235247
primary,2025-09,future_child_like_quality_median_3m,descendant_quality,lift,AllTime DerivCount,5.26916222398649,553097,0.000609683733235247
primary,2025-09,future_child_like_quality_median_3m,descendant_quality,lift,Current DerivCount,3.117897334448683,553097,0.000609683733235247
primary,2025-09,future_child_like_quality_median_3m,descendant_quality,lift,Vanilla PageRank,5.26916222398649,553097,0.000609683733235247
primary,2025-09,future_child_like_quality_median_3m,descendant_quality,lift,Downloads,3.3944267880450707,553097,0.000609683733235247
primary,2025-09,future_child_like_quality_median_3m,descendant_quality,lift,Likes,6.218264642543288,553097,0.000609683733235247
primary,2025-09,future_child_like_quality_median_3m,descendant_quality,lift,MTPR_time_safe_typed,5.459321545810396,553097,0.000609683733235247
primary,2025-09,future_child_like_quality_median_3m,descendant_quality,lift,Simplified_MTPR_time_safe_typed,5.417150033175059,553097,0.000609683733235247
primary,2025-09,future_child_like_quality_median_3m,descendant_quality,lift,No-Propagation ModelRank,5.437705019617337,553097,0.000609683733235247
primary,2025-09,future_child_like_quality_median_3m,descendant_quality,lift,EventValue_time_safe_typed,3.117897334448683,553097,0.000609683733235247
primary,2025-09,future_child_like_quality_median_3m,descendant_quality,lift,No child quality,5.50374013250785,553097,0.000609683733235247
primary,2025-09,future_child_like_quality_median_3m,descendant_quality,lift,No type weight,5.479876532252672,553097,0.000609683733235247
primary,2025-09,future_child_like_quality_median_3m,descendant_quality,lift,No parent size,5.459321545810396,553097,0.000609683733235247
primary,2025-09,future_child_like_quality_median_3m,descendant_quality,lift,No quality teleport,5.059391225229285,553097,0.000609683733235247
primary,2025-09,future_child_like_quality_median_3m,descendant_quality,lift,No PageRank propagation,5.41821157292584,553097,0.000609683733235247
primary,2025-09,future_child_like_quality_median_3m,descendant_quality,lift,No temporal inheritance,5.437705019617336,553097,0.000609683733235247
primary,2025-09,future_child_like_quality_median_3m,descendant_quality,lift,No event injection,5.449044052589257,553097,0.000609683733235247
primary,2025-09,future_child_like_quality_median_3m,descendant_quality,lift,S_D_000,5.437705019617336,553097,0.000609683733235247
primary,2025-09,future_child_like_quality_median_3m,descendant_quality,lift,S_D_025,5.865215531091594,553097,0.000609683733235247
primary,2025-09,future_child_like_quality_median_3m,descendant_quality,lift,S_D_050,5.846406947699741,553097,0.000609683733235247
primary,2025-09,future_child_like_quality_median_3m,descendant_quality,lift,S_D_065,5.766100864475547,553097,0.000609683733235247
primary,2025-09,future_child_like_quality_median_3m,descendant_quality,lift,S_D_075,5.786655850917823,553097,0.000609683733235247
primary,2025-09,future_child_like_quality_median_3m,descendant_quality,lift,S_D_090,5.72499089159099,553097,0.000609683733235247
primary,2025-09,future_child_like_quality_median_3m,descendant_quality,lift,S_D_095,5.72499089159099,553097,0.000609683733235247
primary,2025-09,future_child_like_quality_median_3m,descendant_quality,lift,S_D_099,5.72499089159099,553097,0.000609683733235247
primary,2025-09,future_child_like_quality_median_3m,descendant_quality,lift,S_MEM_01,5.437705019617336,553097,0.000609683733235247
primary,2025-09,future_child_like_quality_median_3m,descendant_quality,lift,S_MEM_03,5.512956085978207,553097,0.000609683733235247
primary,2025-09,future_child_like_quality_median_3m,descendant_quality,lift,S_MEM_06,5.584397867514486,553097,0.000609683733235247
primary,2025-09,future_child_like_quality_median_3m,descendant_quality,lift,S_MEM_12,5.625692032686992,553097,0.000609683733235247
primary,2025-09,future_child_like_quality_median_3m,descendant_quality,lift,S_Q_000,3.5666309628713995,553097,0.000609683733235247
primary,2025-09,future_child_like_quality_median_3m,descendant_quality,lift,S_Q_005,5.724990891590991,553097,0.000609683733235247
primary,2025-09,future_child_like_quality_median_3m,descendant_quality,lift,S_Q_015,5.72499089159099,553097,0.000609683733235247
primary,2025-09,future_child_like_quality_median_3m,descendant_quality,lift,S_Q_020,5.72499089159099,553097,0.000609683733235247
primary,2025-09,future_child_like_quality_median_3m,descendant_quality,lift,S_Q_030,5.72499089159099,553097,0.000609683733235247
primary,2025-09,future_child_like_quality_median_3m,descendant_quality,lift,S_Q_040,5.72499089159099,553097,0.000609683733235247
primary,2025-09,future_child_like_quality_median_3m,descendant_quality,lift,S_Q_050,5.72499089159099,553097,0.000609683733235247
primary,2025-09,future_child_like_quality_median_3m,descendant_quality,lift,S_Q_060,5.72499089159099,553097,0.000609683733235247
primary,2025-09,future_child_like_quality_median_3m,descendant_quality,lift,S_Q_070,5.72499089159099,553097,0.000609683733235247
primary,2025-09,future_child_like_quality_median_3m,descendant_quality,lift,S_Q_080,5.72499089159099,553097,0.000609683733235247
primary,2025-09,future_child_like_quality_median_3m,descendant_quality,lift,S_Q_090,5.72499089159099,553097,0.000609683733235247
primary,2025-09,future_child_like_quality_median_3m,descendant_quality,lift,S_Q_100,5.72499089159099,553097,0.000609683733235247
primary,2025-09,future_child_like_quality_median_3m,descendant_quality,lift,S_WD_000,6.568488883839974,553097,0.000609683733235247
primary,2025-09,future_child_like_quality_median_3m,descendant_quality,lift,S_WD_025,6.494027289257072,553097,0.000609683733235247
primary,2025-09,future_child_like_quality_median_3m,descendant_quality,lift,S_WD_075,5.3314203539512945,553097,0.000609683733235247
primary,2025-09,future_child_like_quality_median_3m,descendant_quality,lift,S_WD_100,5.249200408182186,553097,0.000609683733235247
primary,2025-09,future_child_owner_breadth_3m,adoption_breadth,lift,S_C3_Q10,4.868457572427086,553097,0.003780530359050944
primary,2025-09,future_child_owner_breadth_3m,adoption_breadth,lift,AllTime DerivCount,4.280225468882359,553097,0.003780530359050944
primary,2025-09,future_child_owner_breadth_3m,adoption_breadth,lift,Current DerivCount,2.6446532785384855,553097,0.003780530359050944
primary,2025-09,future_child_owner_breadth_3m,adoption_breadth,lift,Vanilla PageRank,4.280225468882359,553097,0.003780530359050944
primary,2025-09,future_child_owner_breadth_3m,adoption_breadth,lift,Downloads,3.11332601144404,553097,0.003780530359050944
primary,2025-09,future_child_owner_breadth_3m,adoption_breadth,lift,Likes,4.3280492171380285,553097,0.003780530359050944
primary,2025-09,future_child_owner_breadth_3m,adoption_breadth,lift,MTPR_time_safe_typed,4.58629745771864,553097,0.003780530359050944
primary,2025-09,future_child_owner_breadth_3m,adoption_breadth,lift,Simplified_MTPR_time_safe_typed,4.495432336032869,553097,0.003780530359050944
primary,2025-09,future_child_owner_breadth_3m,adoption_breadth,lift,No-Propagation ModelRank,4.538473709462971,553097,0.003780530359050944
primary,2025-09,future_child_owner_breadth_3m,adoption_breadth,lift,EventValue_time_safe_typed,2.6446532785384855,553097,0.003780530359050944
primary,2025-09,future_child_owner_breadth_3m,adoption_breadth,lift,No child quality,4.624556456323175,553097,0.003780530359050944
primary,2025-09,future_child_owner_breadth_3m,adoption_breadth,lift,No type weight,4.610209331846474,553097,0.003780530359050944
primary,2025-09,future_child_owner_breadth_3m,adoption_breadth,lift,No parent size,4.562385583590806,553097,0.003780530359050944
primary,2025-09,future_child_owner_breadth_3m,adoption_breadth,lift,No quality teleport,4.055453852080716,553097,0.003780530359050944
primary,2025-09,future_child_owner_breadth_3m,adoption_breadth,lift,No PageRank propagation,4.495432336032869,553097,0.003780530359050944
primary,2025-09,future_child_owner_breadth_3m,adoption_breadth,lift,No temporal inheritance,4.528908959811837,553097,0.003780530359050944
primary,2025-09,future_child_owner_breadth_3m,adoption_breadth,lift,No event injection,4.557603208765239,553097,0.003780530359050944
primary,2025-09,future_child_owner_breadth_3m,adoption_breadth,lift,S_D_000,4.538473709462971,553097,0.003780530359050944
primary,2025-09,future_child_owner_breadth_3m,adoption_breadth,lift,S_D_025,4.820633824171416,553097,0.003780530359050944
primary,2025-09,future_child_owner_breadth_3m,adoption_breadth,lift,S_D_050,4.882804696903786,553097,0.003780530359050944
primary,2025-09,future_child_owner_breadth_3m,adoption_breadth,lift,S_D_065,4.882804696903786,553097,0.003780530359050944
primary,2025-09,future_child_owner_breadth_3m,adoption_breadth,lift,S_D_075,4.901934196206054,553097,0.003780530359050944
primary,2025-09,future_child_owner_breadth_3m,adoption_breadth,lift,S_D_090,4.863675197601519,553097,0.003780530359050944
primary,2025-09,future_child_owner_breadth_3m,adoption_breadth,lift,S_D_095,4.858892822775952,553097,0.003780530359050944
primary,2025-09,future_child_owner_breadth_3m,adoption_breadth,lift,S_D_099,4.868457572427086,553097,0.003780530359050944
primary,2025-09,future_child_owner_breadth_3m,adoption_breadth,lift,S_MEM_01,4.538473709462971,553097,0.003780530359050944
primary,2025-09,future_child_owner_breadth_3m,adoption_breadth,lift,S_MEM_03,4.701074453532245,553097,0.003780530359050944
primary,2025-09,future_child_owner_breadth_3m,adoption_breadth,lift,S_MEM_06,4.782374825566882,553097,0.003780530359050944
primary,2025-09,future_child_owner_breadth_3m,adoption_breadth,lift,S_MEM_12,4.873239947252653,553097,0.003780530359050944
primary,2025-09,future_child_owner_breadth_3m,adoption_breadth,lift,S_Q_000,2.878989644991263,553097,0.003780530359050944
primary,2025-09,future_child_owner_breadth_3m,adoption_breadth,lift,S_Q_005,4.868457572427086,553097,0.003780530359050944
primary,2025-09,future_child_owner_breadth_3m,adoption_breadth,lift,S_Q_015,4.868457572427086,553097,0.003780530359050944
primary,2025-09,future_child_owner_breadth_3m,adoption_breadth,lift,S_Q_020,4.868457572427086,553097,0.003780530359050944
primary,2025-09,future_child_owner_breadth_3m,adoption_breadth,lift,S_Q_030,4.868457572427086,553097,0.003780530359050944
primary,2025-09,future_child_owner_breadth_3m,adoption_breadth,lift,S_Q_040,4.868457572427086,553097,0.003780530359050944
primary,2025-09,future_child_owner_breadth_3m,adoption_breadth,lift,S_Q_050,4.868457572427086,553097,0.003780530359050944
primary,2025-09,future_child_owner_breadth_3m,adoption_breadth,lift,S_Q_060,4.868457572427086,553097,0.003780530359050944
primary,2025-09,future_child_owner_breadth_3m,adoption_breadth,lift,S_Q_070,4.868457572427086,553097,0.003780530359050944
primary,2025-09,future_child_owner_breadth_3m,adoption_breadth,lift,S_Q_080,4.868457572427086,553097,0.003780530359050944
primary,2025-09,future_child_owner_breadth_3m,adoption_breadth,lift,S_Q_090,4.868457572427086,553097,0.003780530359050944
primary,2025-09,future_child_owner_breadth_3m,adoption_breadth,lift,S_Q_100,4.849328073124819,553097,0.003780530359050944
primary,2025-09,future_child_owner_breadth_3m,adoption_breadth,lift,S_WD_000,4.830198573822551,553097,0.003780530359050944
primary,2025-09,future_child_owner_breadth_3m,adoption_breadth,lift,S_WD_025,5.064534940275328,553097,0.003780530359050944
primary,2025-09,future_child_owner_breadth_3m,adoption_breadth,lift,S_WD_075,4.696292078706678,553097,0.003780530359050944
primary,2025-09,future_child_owner_breadth_3m,adoption_breadth,lift,S_WD_100,4.610209331846474,553097,0.003780530359050944
primary,2025-09,future_high_download_child_owner_breadth_3m,adoption_breadth,lift,S_C3_Q10,3.0536747120258116,553097,0.0005387843362014258
primary,2025-09,future_high_download_child_owner_breadth_3m,adoption_breadth,lift,AllTime DerivCount,2.483208007581429,553097,0.0005387843362014258
primary,2025-09,future_high_download_child_owner_breadth_3m,adoption_breadth,lift,Current DerivCount,2.885890387189229,553097,0.0005387843362014258
primary,2025-09,future_high_download_child_owner_breadth_3m,adoption_breadth,lift,Vanilla PageRank,2.483208007581429,553097,0.0005387843362014258
primary,2025-09,future_high_download_child_owner_breadth_3m,adoption_breadth,lift,Downloads,1.6778432483658305,553097,0.0005387843362014258
primary,2025-09,future_high_download_child_owner_breadth_3m,adoption_breadth,lift,Likes,3.2214590368623948,553097,0.0005387843362014258
primary,2025-09,future_high_download_child_owner_breadth_3m,adoption_breadth,lift,MTPR_time_safe_typed,3.0536747120258116,553097,0.0005387843362014258
primary,2025-09,future_high_download_child_owner_breadth_3m,adoption_breadth,lift,Simplified_MTPR_time_safe_typed,2.9530041171238617,553097,0.0005387843362014258
primary,2025-09,future_high_download_child_owner_breadth_3m,adoption_breadth,lift,No-Propagation ModelRank,3.0201178470584953,553097,0.0005387843362014258
primary,2025-09,future_high_download_child_owner_breadth_3m,adoption_breadth,lift,EventValue_time_safe_typed,2.885890387189229,553097,0.0005387843362014258
primary,2025-09,future_high_download_child_owner_breadth_3m,adoption_breadth,lift,No child quality,3.0536747120258116,553097,0.0005387843362014258
primary,2025-09,future_high_download_child_owner_breadth_3m,adoption_breadth,lift,No type weight,3.0536747120258116,553097,0.0005387843362014258
primary,2025-09,future_high_download_child_owner_breadth_3m,adoption_breadth,lift,No parent size,3.0536747120258116,553097,0.0005387843362014258
primary,2025-09,future_high_download_child_owner_breadth_3m,adoption_breadth,lift,No quality teleport,2.516764872548746,553097,0.0005387843362014258
primary,2025-09,future_high_download_child_owner_breadth_3m,adoption_breadth,lift,No PageRank propagation,2.9194472521565453,553097,0.0005387843362014258
primary,2025-09,future_high_download_child_owner_breadth_3m,adoption_breadth,lift,No temporal inheritance,3.0201178470584953,553097,0.0005387843362014258
primary,2025-09,future_high_download_child_owner_breadth_3m,adoption_breadth,lift,No event injection,3.0536747120258116,553097,0.0005387843362014258
primary,2025-09,future_high_download_child_owner_breadth_3m,adoption_breadth,lift,S_D_000,3.0201178470584953,553097,0.0005387843362014258
primary,2025-09,future_high_download_child_owner_breadth_3m,adoption_breadth,lift,S_D_025,3.1543453069277616,553097,0.0005387843362014258
primary,2025-09,future_high_download_child_owner_breadth_3m,adoption_breadth,lift,S_D_050,3.0872315769931284,553097,0.0005387843362014258
primary,2025-09,future_high_download_child_owner_breadth_3m,adoption_breadth,lift,S_D_065,3.0536747120258116,553097,0.0005387843362014258
primary,2025-09,future_high_download_child_owner_breadth_3m,adoption_breadth,lift,S_D_075,3.120788441960445,553097,0.0005387843362014258
primary,2025-09,future_high_download_child_owner_breadth_3m,adoption_breadth,lift,S_D_090,3.0536747120258116,553097,0.0005387843362014258
primary,2025-09,future_high_download_child_owner_breadth_3m,adoption_breadth,lift,S_D_095,3.0536747120258116,553097,0.0005387843362014258
primary,2025-09,future_high_download_child_owner_breadth_3m,adoption_breadth,lift,S_D_099,3.0536747120258116,553097,0.0005387843362014258
primary,2025-09,future_high_download_child_owner_breadth_3m,adoption_breadth,lift,S_MEM_01,3.0201178470584953,553097,0.0005387843362014258
primary,2025-09,future_high_download_child_owner_breadth_3m,adoption_breadth,lift,S_MEM_03,3.0536747120258116,553097,0.0005387843362014258
primary,2025-09,future_high_download_child_owner_breadth_3m,adoption_breadth,lift,S_MEM_06,3.0536747120258116,553097,0.0005387843362014258
primary,2025-09,future_high_download_child_owner_breadth_3m,adoption_breadth,lift,S_MEM_12,3.0201178470584953,553097,0.0005387843362014258
primary,2025-09,future_high_download_child_owner_breadth_3m,adoption_breadth,lift,S_Q_000,2.885890387189229,553097,0.0005387843362014258
primary,2025-09,future_high_download_child_owner_breadth_3m,adoption_breadth,lift,S_Q_005,3.0536747120258116,553097,0.0005387843362014258
primary,2025-09,future_high_download_child_owner_breadth_3m,adoption_breadth,lift,S_Q_015,3.0536747120258116,553097,0.0005387843362014258
primary,2025-09,future_high_download_child_owner_breadth_3m,adoption_breadth,lift,S_Q_020,3.0536747120258116,553097,0.0005387843362014258
primary,2025-09,future_high_download_child_owner_breadth_3m,adoption_breadth,lift,S_Q_030,3.0536747120258116,553097,0.0005387843362014258
primary,2025-09,future_high_download_child_owner_breadth_3m,adoption_breadth,lift,S_Q_040,3.0536747120258116,553097,0.0005387843362014258
primary,2025-09,future_high_download_child_owner_breadth_3m,adoption_breadth,lift,S_Q_050,3.0536747120258116,553097,0.0005387843362014258
primary,2025-09,future_high_download_child_owner_breadth_3m,adoption_breadth,lift,S_Q_060,3.0536747120258116,553097,0.0005387843362014258
primary,2025-09,future_high_download_child_owner_breadth_3m,adoption_breadth,lift,S_Q_070,3.0536747120258116,553097,0.0005387843362014258
primary,2025-09,future_high_download_child_owner_breadth_3m,adoption_breadth,lift,S_Q_080,3.0536747120258116,553097,0.0005387843362014258
primary,2025-09,future_high_download_child_owner_breadth_3m,adoption_breadth,lift,S_Q_090,3.0536747120258116,553097,0.0005387843362014258
primary,2025-09,future_high_download_child_owner_breadth_3m,adoption_breadth,lift,S_Q_100,3.0536747120258116,553097,0.0005387843362014258
primary,2025-09,future_high_download_child_owner_breadth_3m,adoption_breadth,lift,S_WD_000,3.523470821568244,553097,0.0005387843362014258
primary,2025-09,future_high_download_child_owner_breadth_3m,adoption_breadth,lift,S_WD_025,3.4228002266662947,553097,0.0005387843362014258
primary,2025-09,future_high_download_child_owner_breadth_3m,adoption_breadth,lift,S_WD_075,2.8187766572545954,553097,0.0005387843362014258
primary,2025-09,future_high_download_child_owner_breadth_3m,adoption_breadth,lift,S_WD_100,2.7852197922872786,553097,0.0005387843362014258
primary,2025-09,future_high_like_child_owner_breadth_3m,adoption_breadth,lift,S_C3_Q10,4.759010331690167,553097,0.0009003845618399665
primary,2025-09,future_high_like_child_owner_breadth_3m,adoption_breadth,lift,AllTime DerivCount,4.598368632730161,553097,0.0009003845618399665
primary,2025-09,future_high_like_child_owner_breadth_3m,adoption_breadth,lift,Current DerivCount,3.6345184389701277,553097,0.0009003845618399665
primary,2025-09,future_high_like_child_owner_breadth_3m,adoption_breadth,lift,Vanilla PageRank,4.598368632730161,553097,0.0009003845618399665
primary,2025-09,future_high_like_child_owner_breadth_3m,adoption_breadth,lift,Downloads,2.690748457580095,553097,0.0009003845618399665
primary,2025-09,future_high_like_child_owner_breadth_3m,adoption_breadth,lift,Likes,5.060213517240177,553097,0.0009003845618399665
primary,2025-09,future_high_like_child_owner_breadth_3m,adoption_breadth,lift,MTPR_time_safe_typed,4.457807146140156,553097,0.0009003845618399665
primary,2025-09,future_high_like_child_owner_breadth_3m,adoption_breadth,lift,Simplified_MTPR_time_safe_typed,4.4778873585101575,553097,0.0009003845618399665
primary,2025-09,future_high_like_child_owner_breadth_3m,adoption_breadth,lift,No-Propagation ModelRank,4.518047783250159,553097,0.0009003845618399665
primary,2025-09,future_high_like_child_owner_breadth_3m,adoption_breadth,lift,EventValue_time_safe_typed,3.6345184389701277,553097,0.0009003845618399665
primary,2025-09,future_high_like_child_owner_breadth_3m,adoption_breadth,lift,No child quality,4.497967570880158,553097,0.0009003845618399665
primary,2025-09,future_high_like_child_owner_breadth_3m,adoption_breadth,lift,No type weight,4.4778873585101575,553097,0.0009003845618399665
primary,2025-09,future_high_like_child_owner_breadth_3m,adoption_breadth,lift,No parent size,4.457807146140156,553097,0.0009003845618399665
primary,2025-09,future_high_like_child_owner_breadth_3m,adoption_breadth,lift,No quality teleport,4.437726933770156,553097,0.0009003845618399665
primary,2025-09,future_high_like_child_owner_breadth_3m,adoption_breadth,lift,No PageRank propagation,4.397566509030154,553097,0.0009003845618399665
primary,2025-09,future_high_like_child_owner_breadth_3m,adoption_breadth,lift,No temporal inheritance,4.518047783250159,553097,0.0009003845618399665
primary,2025-09,future_high_like_child_owner_breadth_3m,adoption_breadth,lift,No event injection,4.437726933770156,553097,0.0009003845618399665
primary,2025-09,future_high_like_child_owner_breadth_3m,adoption_breadth,lift,S_D_000,4.518047783250159,553097,0.0009003845618399665
primary,2025-09,future_high_like_child_owner_breadth_3m,adoption_breadth,lift,S_D_025,4.819250968800169,553097,0.0009003845618399665
primary,2025-09,future_high_like_child_owner_breadth_3m,adoption_breadth,lift,S_D_050,4.799170756430168,553097,0.0009003845618399665
primary,2025-09,future_high_like_child_owner_breadth_3m,adoption_breadth,lift,S_D_065,4.759010331690167,553097,0.0009003845618399665
primary,2025-09,future_high_like_child_owner_breadth_3m,adoption_breadth,lift,S_D_075,4.799170756430168,553097,0.0009003845618399665
primary,2025-09,future_high_like_child_owner_breadth_3m,adoption_breadth,lift,S_D_090,4.759010331690167,553097,0.0009003845618399665
primary,2025-09,future_high_like_child_owner_breadth_3m,adoption_breadth,lift,S_D_095,4.759010331690167,553097,0.0009003845618399665
primary,2025-09,future_high_like_child_owner_breadth_3m,adoption_breadth,lift,S_D_099,4.759010331690167,553097,0.0009003845618399665
primary,2025-09,future_high_like_child_owner_breadth_3m,adoption_breadth,lift,S_MEM_01,4.518047783250159,553097,0.0009003845618399665
primary,2025-09,future_high_like_child_owner_breadth_3m,adoption_breadth,lift,S_MEM_03,4.618448845100162,553097,0.0009003845618399665
primary,2025-09,future_high_like_child_owner_breadth_3m,adoption_breadth,lift,S_MEM_06,4.658609269840163,553097,0.0009003845618399665
primary,2025-09,future_high_like_child_owner_breadth_3m,adoption_breadth,lift,S_MEM_12,4.678689482210165,553097,0.0009003845618399665
primary,2025-09,future_high_like_child_owner_breadth_3m,adoption_breadth,lift,S_Q_000,4.056202898740143,553097,0.0009003845618399665
primary,2025-09,future_high_like_child_owner_breadth_3m,adoption_breadth,lift,S_Q_005,4.759010331690167,553097,0.0009003845618399665
primary,2025-09,future_high_like_child_owner_breadth_3m,adoption_breadth,lift,S_Q_015,4.759010331690167,553097,0.0009003845618399665
primary,2025-09,future_high_like_child_owner_breadth_3m,adoption_breadth,lift,S_Q_020,4.759010331690167,553097,0.0009003845618399665
primary,2025-09,future_high_like_child_owner_breadth_3m,adoption_breadth,lift,S_Q_030,4.759010331690167,553097,0.0009003845618399665
primary,2025-09,future_high_like_child_owner_breadth_3m,adoption_breadth,lift,S_Q_040,4.759010331690167,553097,0.0009003845618399665
primary,2025-09,future_high_like_child_owner_breadth_3m,adoption_breadth,lift,S_Q_050,4.759010331690167,553097,0.0009003845618399665
primary,2025-09,future_high_like_child_owner_breadth_3m,adoption_breadth,lift,S_Q_060,4.759010331690167,553097,0.0009003845618399665
primary,2025-09,future_high_like_child_owner_breadth_3m,adoption_breadth,lift,S_Q_070,4.759010331690167,553097,0.0009003845618399665
primary,2025-09,future_high_like_child_owner_breadth_3m,adoption_breadth,lift,S_Q_080,4.759010331690167,553097,0.0009003845618399665
primary,2025-09,future_high_like_child_owner_breadth_3m,adoption_breadth,lift,S_Q_090,4.759010331690167,553097,0.0009003845618399665
primary,2025-09,future_high_like_child_owner_breadth_3m,adoption_breadth,lift,S_Q_100,4.759010331690167,553097,0.0009003845618399665
primary,2025-09,future_high_like_child_owner_breadth_3m,adoption_breadth,lift,S_WD_000,5.361416702790188,553097,0.0009003845618399665
primary,2025-09,future_high_like_child_owner_breadth_3m,adoption_breadth,lift,S_WD_025,5.261015640940184,553097,0.0009003845618399665
primary,2025-09,future_high_like_child_owner_breadth_3m,adoption_breadth,lift,S_WD_075,4.55820820799016,553097,0.0009003845618399665
primary,2025-09,future_high_like_child_owner_breadth_3m,adoption_breadth,lift,S_WD_100,4.497967570880158,553097,0.0009003845618399665
primary,2025-09,future_cross_owner_reuse_share_3m,adoption_breadth,lift,S_C3_Q10,5.184118649224039,553097,0.002454426898551914
primary,2025-09,future_cross_owner_reuse_share_3m,adoption_breadth,lift,AllTime DerivCount,4.339804660312857,553097,0.002454426898551914
primary,2025-09,future_cross_owner_reuse_share_3m,adoption_breadth,lift,Current DerivCount,2.2319168433033014,553097,0.002454426898551914
primary,2025-09,future_cross_owner_reuse_share_3m,adoption_breadth,lift,Vanilla PageRank,4.339804660312857,553097,0.002454426898551914
primary,2025-09,future_cross_owner_reuse_share_3m,adoption_breadth,lift,Downloads,3.3204583192088606,553097,0.002454426898551914
primary,2025-09,future_cross_owner_reuse_share_3m,adoption_breadth,lift,Likes,4.845394087266735,553097,0.002454426898551914
primary,2025-09,future_cross_owner_reuse_share_3m,adoption_breadth,lift,MTPR_time_safe_typed,4.915250656949122,553097,0.002454426898551914
primary,2025-09,future_cross_owner_reuse_share_3m,adoption_breadth,lift,Simplified_MTPR_time_safe_typed,4.84711287808493,553097,0.002454426898551914
primary,2025-09,future_cross_owner_reuse_share_3m,adoption_breadth,lift,No-Propagation ModelRank,4.898676602630805,553097,0.002454426898551914
primary,2025-09,future_cross_owner_reuse_share_3m,adoption_breadth,lift,EventValue_time_safe_typed,2.2319168433033014,553097,0.002454426898551914
primary,2025-09,future_cross_owner_reuse_share_3m,adoption_breadth,lift,No child quality,4.959448135131299,553097,0.002454426898551914
primary,2025-09,future_cross_owner_reuse_share_3m,adoption_breadth,lift,No type weight,4.9447156424039065,553097,0.002454426898551914
primary,2025-09,future_cross_owner_reuse_share_3m,adoption_breadth,lift,No parent size,4.900518164221729,553097,0.002454426898551914
primary,2025-09,future_cross_owner_reuse_share_3m,adoption_breadth,lift,No quality teleport,4.1188172694019665,553097,0.002454426898551914
primary,2025-09,future_cross_owner_reuse_share_3m,adoption_breadth,lift,No PageRank propagation,4.812123207857373,553097,0.002454426898551914
primary,2025-09,future_cross_owner_reuse_share_3m,adoption_breadth,lift,No temporal inheritance,4.891310356267109,553097,0.002454426898551914
primary,2025-09,future_cross_owner_reuse_share_3m,adoption_breadth,lift,No event injection,4.900518164221729,553097,0.002454426898551914
primary,2025-09,future_cross_owner_reuse_share_3m,adoption_breadth,lift,S_D_000,4.898676602630805,553097,0.002454426898551914
primary,2025-09,future_cross_owner_reuse_share_3m,adoption_breadth,lift,S_D_025,5.231999250588065,553097,0.002454426898551914
primary,2025-09,future_cross_owner_reuse_share_3m,adoption_breadth,lift,S_D_050,5.228316127406217,553097,0.002454426898551914
primary,2025-09,future_cross_owner_reuse_share_3m,adoption_breadth,lift,S_D_065,5.220949881042521,553097,0.002454426898551914
primary,2025-09,future_cross_owner_reuse_share_3m,adoption_breadth,lift,S_D_075,5.228316127406217,553097,0.002454426898551914
primary,2025-09,future_cross_owner_reuse_share_3m,adoption_breadth,lift,S_D_090,5.176752402860343,553097,0.002454426898551914
primary,2025-09,future_cross_owner_reuse_share_3m,adoption_breadth,lift,S_D_095,5.169386156496646,553097,0.002454426898551914
primary,2025-09,future_cross_owner_reuse_share_3m,adoption_breadth,lift,S_D_099,5.184118649224039,553097,0.002454426898551914
primary,2025-09,future_cross_owner_reuse_share_3m,adoption_breadth,lift,S_MEM_01,4.898676602630805,553097,0.002454426898551914
primary,2025-09,future_cross_owner_reuse_share_3m,adoption_breadth,lift,S_MEM_03,5.033110598768264,553097,0.002454426898551914
primary,2025-09,future_cross_owner_reuse_share_3m,adoption_breadth,lift,S_MEM_06,5.106773062405227,553097,0.002454426898551914
primary,2025-09,future_cross_owner_reuse_share_3m,adoption_breadth,lift,S_MEM_12,5.169386156496646,553097,0.002454426898551914
primary,2025-09,future_cross_owner_reuse_share_3m,adoption_breadth,lift,S_Q_000,2.4424687185322886,553097,0.002454426898551914
primary,2025-09,future_cross_owner_reuse_share_3m,adoption_breadth,lift,S_Q_005,5.184118649224039,553097,0.002454426898551914
primary,2025-09,future_cross_owner_reuse_share_3m,adoption_breadth,lift,S_Q_015,5.184118649224039,553097,0.002454426898551914
primary,2025-09,future_cross_owner_reuse_share_3m,adoption_breadth,lift,S_Q_020,5.184118649224039,553097,0.002454426898551914
primary,2025-09,future_cross_owner_reuse_share_3m,adoption_breadth,lift,S_Q_030,5.184118649224039,553097,0.002454426898551914
primary,2025-09,future_cross_owner_reuse_share_3m,adoption_breadth,lift,S_Q_040,5.184118649224039,553097,0.002454426898551914
primary,2025-09,future_cross_owner_reuse_share_3m,adoption_breadth,lift,S_Q_050,5.184118649224039,553097,0.002454426898551914
primary,2025-09,future_cross_owner_reuse_share_3m,adoption_breadth,lift,S_Q_060,5.184118649224039,553097,0.002454426898551914
primary,2025-09,future_cross_owner_reuse_share_3m,adoption_breadth,lift,S_Q_070,5.184118649224039,553097,0.002454426898551914
primary,2025-09,future_cross_owner_reuse_share_3m,adoption_breadth,lift,S_Q_080,5.184118649224039,553097,0.002454426898551914
primary,2025-09,future_cross_owner_reuse_share_3m,adoption_breadth,lift,S_Q_090,5.184118649224039,553097,0.002454426898551914
primary,2025-09,future_cross_owner_reuse_share_3m,adoption_breadth,lift,S_Q_100,5.169386156496646,553097,0.002454426898551914
primary,2025-09,future_cross_owner_reuse_share_3m,adoption_breadth,lift,S_WD_000,5.295348969315854,553097,0.002454426898551914
primary,2025-09,future_cross_owner_reuse_share_3m,adoption_breadth,lift,S_WD_025,5.534751976135985,553097,0.002454426898551914
primary,2025-09,future_cross_owner_reuse_share_3m,adoption_breadth,lift,S_WD_075,4.933666272858362,553097,0.002454426898551914
primary,2025-09,future_cross_owner_reuse_share_3m,adoption_breadth,lift,S_WD_100,4.823172577402918,553097,0.002454426898551914
primary,2025-10,future_direct_children_3m,quantity,lift,S_C3_Q10,4.737836121272235,570353,0.007893357271724704
primary,2025-10,future_direct_children_3m,quantity,lift,AllTime DerivCount,4.3335763115809325,570353,0.007893357271724704
primary,2025-10,future_direct_children_3m,quantity,lift,Current DerivCount,2.205659291337707,570353,0.007893357271724704
primary,2025-10,future_direct_children_3m,quantity,lift,Vanilla PageRank,4.3335763115809325,570353,0.007893357271724704
primary,2025-10,future_direct_children_3m,quantity,lift,Downloads,2.8609155762769047,570353,0.007893357271724704
primary,2025-10,future_direct_children_3m,quantity,lift,Likes,3.971519449055206,570353,0.007893357271724704
primary,2025-10,future_direct_children_3m,quantity,lift,MTPR_time_safe_typed,4.389106505219848,570353,0.007893357271724704
primary,2025-10,future_direct_children_3m,quantity,lift,Simplified_MTPR_time_safe_typed,4.10701312153416,570353,0.007893357271724704
primary,2025-10,future_direct_children_3m,quantity,lift,No-Propagation ModelRank,4.144773653208621,570353,0.007893357271724704
primary,2025-10,future_direct_children_3m,quantity,lift,EventValue_time_safe_typed,2.205659291337707,570353,0.007893357271724704
primary,2025-10,future_direct_children_3m,quantity,lift,No child quality,4.409097374929857,570353,0.007893357271724704
primary,2025-10,future_direct_children_3m,quantity,lift,No type weight,4.409097374929857,570353,0.007893357271724704
primary,2025-10,future_direct_children_3m,quantity,lift,No parent size,4.384664089728735,570353,0.007893357271724704
primary,2025-10,future_direct_children_3m,quantity,lift,No quality teleport,4.249170417249782,570353,0.007893357271724704
primary,2025-10,future_direct_children_3m,quantity,lift,No PageRank propagation,4.340239934817603,570353,0.007893357271724704
primary,2025-10,future_direct_children_3m,quantity,lift,No temporal inheritance,4.129225198989725,570353,0.007893357271724704
primary,2025-10,future_direct_children_3m,quantity,lift,No event injection,4.384664089728735,570353,0.007893357271724704
primary,2025-10,future_direct_children_3m,quantity,lift,S_D_000,4.144773653208621,570353,0.007893357271724704
primary,2025-10,future_direct_children_3m,quantity,lift,S_D_025,4.748942160000018,570353,0.007893357271724704
primary,2025-10,future_direct_children_3m,quantity,lift,S_D_050,4.755605783236687,570353,0.007893357271724704
primary,2025-10,future_direct_children_3m,quantity,lift,S_D_065,4.7600481987278,570353,0.007893357271724704
primary,2025-10,future_direct_children_3m,quantity,lift,S_D_075,4.735614913526678,570353,0.007893357271724704
primary,2025-10,future_direct_children_3m,quantity,lift,S_D_090,4.591236410065499,570353,0.007893357271724704
primary,2025-10,future_direct_children_3m,quantity,lift,S_D_095,4.582351579083272,570353,0.007893357271724704
primary,2025-10,future_direct_children_3m,quantity,lift,S_D_099,4.589015202319942,570353,0.007893357271724704
primary,2025-10,future_direct_children_3m,quantity,lift,S_MEM_01,4.144773653208621,570353,0.007893357271724704
primary,2025-10,future_direct_children_3m,quantity,lift,S_MEM_03,4.489060853769895,570353,0.007893357271724704
primary,2025-10,future_direct_children_3m,quantity,lift,S_MEM_06,4.580130371337716,570353,0.007893357271724704
primary,2025-10,future_direct_children_3m,quantity,lift,S_MEM_12,4.713402836071111,570353,0.007893357271724704
primary,2025-10,future_direct_children_3m,quantity,lift,S_Q_000,2.474425428550056,570353,0.007893357271724704
primary,2025-10,future_direct_children_3m,quantity,lift,S_Q_005,4.737836121272235,570353,0.007893357271724704
primary,2025-10,future_direct_children_3m,quantity,lift,S_Q_015,4.737836121272235,570353,0.007893357271724704
primary,2025-10,future_direct_children_3m,quantity,lift,S_Q_020,4.737836121272235,570353,0.007893357271724704
primary,2025-10,future_direct_children_3m,quantity,lift,S_Q_030,4.737836121272235,570353,0.007893357271724704
primary,2025-10,future_direct_children_3m,quantity,lift,S_Q_040,4.737836121272235,570353,0.007893357271724704
primary,2025-10,future_direct_children_3m,quantity,lift,S_Q_050,4.737836121272235,570353,0.007893357271724704
primary,2025-10,future_direct_children_3m,quantity,lift,S_Q_060,4.737836121272235,570353,0.007893357271724704
primary,2025-10,future_direct_children_3m,quantity,lift,S_Q_070,4.737836121272235,570353,0.007893357271724704
primary,2025-10,future_direct_children_3m,quantity,lift,S_Q_080,4.737836121272235,570353,0.007893357271724704
primary,2025-10,future_direct_children_3m,quantity,lift,S_Q_090,4.737836121272235,570353,0.007893357271724704
primary,2025-10,future_direct_children_3m,quantity,lift,S_Q_100,4.7289512902900075,570353,0.007893357271724704
primary,2025-10,future_direct_children_3m,quantity,lift,S_WD_000,4.291373364415357,570353,0.007893357271724704
primary,2025-10,future_direct_children_3m,quantity,lift,S_WD_025,4.660093850177754,570353,0.007893357271724704
primary,2025-10,future_direct_children_3m,quantity,lift,S_WD_075,4.569024332609932,570353,0.007893357271724704
primary,2025-10,future_direct_children_3m,quantity,lift,S_WD_100,4.540148631917696,570353,0.007893357271724704
primary,2025-10,future_active_parent_months_3m,quantity,lift,S_C3_Q10,5.580986191492544,570353,0.003590758705573566
primary,2025-10,future_active_parent_months_3m,quantity,lift,AllTime DerivCount,5.097593686717599,570353,0.003590758705573566
primary,2025-10,future_active_parent_months_3m,quantity,lift,Current DerivCount,2.358369492992912,570353,0.003590758705573566
primary,2025-10,future_active_parent_months_3m,quantity,lift,Vanilla PageRank,5.097593686717599,570353,0.003590758705573566
primary,2025-10,future_active_parent_months_3m,quantity,lift,Downloads,3.19820293563221,570353,0.003590758705573566
primary,2025-10,future_active_parent_months_3m,quantity,lift,Likes,5.170834975319864,570353,0.003590758705573566
primary,2025-10,future_active_parent_months_3m,quantity,lift,MTPR_time_safe_typed,5.043883408409272,570353,0.003590758705573566
primary,2025-10,future_active_parent_months_3m,quantity,lift,Simplified_MTPR_time_safe_typed,4.872987068337322,570353,0.003590758705573566
primary,2025-10,future_active_parent_months_3m,quantity,lift,No-Propagation ModelRank,4.9364628517926175,570353,0.003590758705573566
primary,2025-10,future_active_parent_months_3m,quantity,lift,EventValue_time_safe_typed,2.358369492992912,570353,0.003590758705573566
primary,2025-10,future_active_parent_months_3m,quantity,lift,No child quality,5.0682971712766935,570353,0.003590758705573566
primary,2025-10,future_active_parent_months_3m,quantity,lift,No type weight,5.0682971712766935,570353,0.003590758705573566
primary,2025-10,future_active_parent_months_3m,quantity,lift,No parent size,5.034117903262303,570353,0.003590758705573566
primary,2025-10,future_active_parent_months_3m,quantity,lift,No quality teleport,4.9364628517926175,570353,0.003590758705573566
primary,2025-10,future_active_parent_months_3m,quantity,lift,No PageRank propagation,4.951111109513071,570353,0.003590758705573566
primary,2025-10,future_active_parent_months_3m,quantity,lift,No temporal inheritance,4.921814594072164,570353,0.003590758705573566
primary,2025-10,future_active_parent_months_3m,quantity,lift,No event injection,5.034117903262303,570353,0.003590758705573566
primary,2025-10,future_active_parent_months_3m,quantity,lift,S_D_000,4.9364628517926175,570353,0.003590758705573566
primary,2025-10,future_active_parent_months_3m,quantity,lift,S_D_025,5.6053999543599655,570353,0.003590758705573566
primary,2025-10,future_active_parent_months_3m,quantity,lift,S_D_050,5.6053999543599655,570353,0.003590758705573566
primary,2025-10,future_active_parent_months_3m,quantity,lift,S_D_065,5.620048212080419,570353,0.003590758705573566
primary,2025-10,future_active_parent_months_3m,quantity,lift,S_D_075,5.580986191492544,570353,0.003590758705573566
primary,2025-10,future_active_parent_months_3m,quantity,lift,S_D_090,5.551689676051638,570353,0.003590758705573566
primary,2025-10,future_active_parent_months_3m,quantity,lift,S_D_095,5.546806923478154,570353,0.003590758705573566
primary,2025-10,future_active_parent_months_3m,quantity,lift,S_D_099,5.561455181198607,570353,0.003590758705573566
primary,2025-10,future_active_parent_months_3m,quantity,lift,S_MEM_01,4.9364628517926175,570353,0.003590758705573566
primary,2025-10,future_active_parent_months_3m,quantity,lift,S_MEM_03,5.151303965025926,570353,0.003590758705573566
primary,2025-10,future_active_parent_months_3m,quantity,lift,S_MEM_06,5.302669294803939,570353,0.003590758705573566
primary,2025-10,future_active_parent_months_3m,quantity,lift,S_MEM_12,5.54192417090467,570353,0.003590758705573566
primary,2025-10,future_active_parent_months_3m,quantity,lift,S_Q_000,2.7636379565921083,570353,0.003590758705573566
primary,2025-10,future_active_parent_months_3m,quantity,lift,S_Q_005,5.580986191492544,570353,0.003590758705573566
primary,2025-10,future_active_parent_months_3m,quantity,lift,S_Q_015,5.580986191492544,570353,0.003590758705573566
primary,2025-10,future_active_parent_months_3m,quantity,lift,S_Q_020,5.580986191492544,570353,0.003590758705573566
primary,2025-10,future_active_parent_months_3m,quantity,lift,S_Q_030,5.580986191492544,570353,0.003590758705573566
primary,2025-10,future_active_parent_months_3m,quantity,lift,S_Q_040,5.580986191492544,570353,0.003590758705573566
primary,2025-10,future_active_parent_months_3m,quantity,lift,S_Q_050,5.580986191492544,570353,0.003590758705573566
primary,2025-10,future_active_parent_months_3m,quantity,lift,S_Q_060,5.580986191492544,570353,0.003590758705573566
primary,2025-10,future_active_parent_months_3m,quantity,lift,S_Q_070,5.580986191492544,570353,0.003590758705573566
primary,2025-10,future_active_parent_months_3m,quantity,lift,S_Q_080,5.580986191492544,570353,0.003590758705573566
primary,2025-10,future_active_parent_months_3m,quantity,lift,S_Q_090,5.580986191492544,570353,0.003590758705573566
primary,2025-10,future_active_parent_months_3m,quantity,lift,S_Q_100,5.566337933772091,570353,0.003590758705573566
primary,2025-10,future_active_parent_months_3m,quantity,lift,S_WD_000,5.566337933772091,570353,0.003590758705573566
primary,2025-10,future_active_parent_months_3m,quantity,lift,S_WD_025,5.761648036711462,570353,0.003590758705573566
primary,2025-10,future_active_parent_months_3m,quantity,lift,S_WD_075,5.302669294803939,570353,0.003590758705573566
primary,2025-10,future_active_parent_months_3m,quantity,lift,S_WD_100,5.258724521642581,570353,0.003590758705573566
primary,2025-10,future_active_parent_binary_3m,quantity,auc,S_C3_Q10,0.7557858910814762,570353,0.003175226570211781
primary,2025-10,future_active_parent_binary_3m,quantity,auc,AllTime DerivCount,0.7088575963983443,570353,0.003175226570211781
primary,2025-10,future_active_parent_binary_3m,quantity,auc,Current DerivCount,0.5382411499758396,570353,0.003175226570211781
primary,2025-10,future_active_parent_binary_3m,quantity,auc,Vanilla PageRank,0.7080289745993132,570353,0.003175226570211781
primary,2025-10,future_active_parent_binary_3m,quantity,auc,Downloads,0.6630918698311422,570353,0.003175226570211781
primary,2025-10,future_active_parent_binary_3m,quantity,auc,Likes,0.7172190191058248,570353,0.003175226570211781
primary,2025-10,future_active_parent_binary_3m,quantity,auc,MTPR_time_safe_typed,0.6842559319406953,570353,0.003175226570211781
primary,2025-10,future_active_parent_binary_3m,quantity,auc,Simplified_MTPR_time_safe_typed,0.7330981984761622,570353,0.003175226570211781
primary,2025-10,future_active_parent_binary_3m,quantity,auc,No-Propagation ModelRank,0.7347344238354337,570353,0.003175226570211781
primary,2025-10,future_active_parent_binary_3m,quantity,auc,EventValue_time_safe_typed,0.5382279699929595,570353,0.003175226570211781
primary,2025-10,future_active_parent_binary_3m,quantity,auc,No child quality,0.6850789944587857,570353,0.003175226570211781
primary,2025-10,future_active_parent_binary_3m,quantity,auc,No type weight,0.6849409297554726,570353,0.003175226570211781
primary,2025-10,future_active_parent_binary_3m,quantity,auc,No parent size,0.6835646609960098,570353,0.003175226570211781
primary,2025-10,future_active_parent_binary_3m,quantity,auc,No quality teleport,0.6986392359429944,570353,0.003175226570211781
primary,2025-10,future_active_parent_binary_3m,quantity,auc,No PageRank propagation,0.6807457719439489,570353,0.003175226570211781
primary,2025-10,future_active_parent_binary_3m,quantity,auc,No temporal inheritance,0.7345264106742887,570353,0.003175226570211781
primary,2025-10,future_active_parent_binary_3m,quantity,auc,No event injection,0.6830027161749266,570353,0.003175226570211781
primary,2025-10,future_active_parent_binary_3m,quantity,auc,S_D_000,0.7347410781704032,570353,0.003175226570211781
primary,2025-10,future_active_parent_binary_3m,quantity,auc,S_D_025,0.7543057194195052,570353,0.003175226570211781
primary,2025-10,future_active_parent_binary_3m,quantity,auc,S_D_050,0.7560596623584512,570353,0.003175226570211781
primary,2025-10,future_active_parent_binary_3m,quantity,auc,S_D_065,0.756214735606047,570353,0.003175226570211781
primary,2025-10,future_active_parent_binary_3m,quantity,auc,S_D_075,0.7560136642619047,570353,0.003175226570211781
primary,2025-10,future_active_parent_binary_3m,quantity,auc,S_D_090,0.7556755028368154,570353,0.003175226570211781
primary,2025-10,future_active_parent_binary_3m,quantity,auc,S_D_095,0.7554835653601795,570353,0.003175226570211781
primary,2025-10,future_active_parent_binary_3m,quantity,auc,S_D_099,0.7552832802211248,570353,0.003175226570211781
primary,2025-10,future_active_parent_binary_3m,quantity,auc,S_MEM_01,0.7347526954553389,570353,0.003175226570211781
primary,2025-10,future_active_parent_binary_3m,quantity,auc,S_MEM_03,0.7419069111770511,570353,0.003175226570211781
primary,2025-10,future_active_parent_binary_3m,quantity,auc,S_MEM_06,0.7463841209135758,570353,0.003175226570211781
primary,2025-10,future_active_parent_binary_3m,quantity,auc,S_MEM_12,0.7533016655945627,570353,0.003175226570211781
primary,2025-10,future_active_parent_binary_3m,quantity,auc,S_Q_000,0.5596780966356908,570353,0.003175226570211781
primary,2025-10,future_active_parent_binary_3m,quantity,auc,S_Q_005,0.7557818969265375,570353,0.003175226570211781
primary,2025-10,future_active_parent_binary_3m,quantity,auc,S_Q_015,0.7557928037617864,570353,0.003175226570211781
primary,2025-10,future_active_parent_binary_3m,quantity,auc,S_Q_020,0.7557971635822166,570353,0.003175226570211781
primary,2025-10,future_active_parent_binary_3m,quantity,auc,S_Q_030,0.7558099846981666,570353,0.003175226570211781
primary,2025-10,future_active_parent_binary_3m,quantity,auc,S_Q_040,0.755813641353083,570353,0.003175226570211781
primary,2025-10,future_active_parent_binary_3m,quantity,auc,S_Q_050,0.7558306125052769,570353,0.003175226570211781
primary,2025-10,future_active_parent_binary_3m,quantity,auc,S_Q_060,0.7558606131007727,570353,0.003175226570211781
primary,2025-10,future_active_parent_binary_3m,quantity,auc,S_Q_070,0.7558791221847222,570353,0.003175226570211781
primary,2025-10,future_active_parent_binary_3m,quantity,auc,S_Q_080,0.7558897672753495,570353,0.003175226570211781
primary,2025-10,future_active_parent_binary_3m,quantity,auc,S_Q_090,0.7558207715873644,570353,0.003175226570211781
primary,2025-10,future_active_parent_binary_3m,quantity,auc,S_Q_100,0.7548537335022633,570353,0.003175226570211781
primary,2025-10,future_active_parent_binary_3m,quantity,auc,S_WD_000,0.7388760672549531,570353,0.003175226570211781
primary,2025-10,future_active_parent_binary_3m,quantity,auc,S_WD_025,0.7608334797403573,570353,0.003175226570211781
primary,2025-10,future_active_parent_binary_3m,quantity,auc,S_WD_075,0.7483570761151087,570353,0.003175226570211781
primary,2025-10,future_active_parent_binary_3m,quantity,auc,S_WD_100,0.7343528992420285,570353,0.003175226570211781
primary,2025-10,future_child_download_quality_sum_3m,descendant_quality,lift,S_C3_Q10,4.165720866673287,570353,0.02497773002184166
primary,2025-10,future_child_download_quality_sum_3m,descendant_quality,lift,AllTime DerivCount,3.7551677101142418,570353,0.02497773002184166
primary,2025-10,future_child_download_quality_sum_3m,descendant_quality,lift,Current DerivCount,2.1616021764143305,570353,0.02497773002184166
primary,2025-10,future_child_download_quality_sum_3m,descendant_quality,lift,Vanilla PageRank,3.7551677101142418,570353,0.02497773002184166
primary,2025-10,future_child_download_quality_sum_3m,descendant_quality,lift,Downloads,2.4498146938065197,570353,0.02497773002184166
primary,2025-10,future_child_download_quality_sum_3m,descendant_quality,lift,Likes,3.7596302315534422,570353,0.02497773002184166
primary,2025-10,future_child_download_quality_sum_3m,descendant_quality,lift,MTPR_time_safe_typed,3.8669490811555915,570353,0.02497773002184166
primary,2025-10,future_child_download_quality_sum_3m,descendant_quality,lift,Simplified_MTPR_time_safe_typed,3.818756578239822,570353,0.02497773002184166
primary,2025-10,future_child_download_quality_sum_3m,descendant_quality,lift,No-Propagation ModelRank,3.8703926656242755,570353,0.02497773002184166
primary,2025-10,future_child_download_quality_sum_3m,descendant_quality,lift,EventValue_time_safe_typed,2.1616021764143305,570353,0.02497773002184166
primary,2025-10,future_child_download_quality_sum_3m,descendant_quality,lift,No child quality,3.8835203879255578,570353,0.02497773002184166
primary,2025-10,future_child_download_quality_sum_3m,descendant_quality,lift,No type weight,3.884493478865992,570353,0.02497773002184166
primary,2025-10,future_child_download_quality_sum_3m,descendant_quality,lift,No parent size,3.86533281208864,570353,0.02497773002184166
primary,2025-10,future_child_download_quality_sum_3m,descendant_quality,lift,No quality teleport,3.7471471423057983,570353,0.02497773002184166
primary,2025-10,future_child_download_quality_sum_3m,descendant_quality,lift,No PageRank propagation,3.8201446555258958,570353,0.02497773002184166
primary,2025-10,future_child_download_quality_sum_3m,descendant_quality,lift,No temporal inheritance,3.8474077239482227,570353,0.02497773002184166
primary,2025-10,future_child_download_quality_sum_3m,descendant_quality,lift,No event injection,3.8653328120886403,570353,0.02497773002184166
primary,2025-10,future_child_download_quality_sum_3m,descendant_quality,lift,S_D_000,3.8703926656242755,570353,0.02497773002184166
primary,2025-10,future_child_download_quality_sum_3m,descendant_quality,lift,S_D_025,4.182790943901696,570353,0.02497773002184166
primary,2025-10,future_child_download_quality_sum_3m,descendant_quality,lift,S_D_050,4.1992480904570835,570353,0.02497773002184166
primary,2025-10,future_child_download_quality_sum_3m,descendant_quality,lift,S_D_065,4.201490099396736,570353,0.02497773002184166
primary,2025-10,future_child_download_quality_sum_3m,descendant_quality,lift,S_D_075,4.165019286660903,570353,0.02497773002184166
primary,2025-10,future_child_download_quality_sum_3m,descendant_quality,lift,S_D_090,4.098692642602417,570353,0.02497773002184166
primary,2025-10,future_child_download_quality_sum_3m,descendant_quality,lift,S_D_095,4.088466844436609,570353,0.02497773002184166
primary,2025-10,future_child_download_quality_sum_3m,descendant_quality,lift,S_D_099,4.09433129722712,570353,0.02497773002184166
primary,2025-10,future_child_download_quality_sum_3m,descendant_quality,lift,S_MEM_01,3.8703926656242755,570353,0.02497773002184166
primary,2025-10,future_child_download_quality_sum_3m,descendant_quality,lift,S_MEM_03,3.9673615773769737,570353,0.02497773002184166
primary,2025-10,future_child_download_quality_sum_3m,descendant_quality,lift,S_MEM_06,4.0556420810396485,570353,0.02497773002184166
primary,2025-10,future_child_download_quality_sum_3m,descendant_quality,lift,S_MEM_12,4.130622007838167,570353,0.02497773002184166
primary,2025-10,future_child_download_quality_sum_3m,descendant_quality,lift,S_Q_000,2.4387936993207244,570353,0.02497773002184166
primary,2025-10,future_child_download_quality_sum_3m,descendant_quality,lift,S_Q_005,4.165720866673287,570353,0.02497773002184166
primary,2025-10,future_child_download_quality_sum_3m,descendant_quality,lift,S_Q_015,4.165720866673287,570353,0.02497773002184166
primary,2025-10,future_child_download_quality_sum_3m,descendant_quality,lift,S_Q_020,4.165720866673288,570353,0.02497773002184166
primary,2025-10,future_child_download_quality_sum_3m,descendant_quality,lift,S_Q_030,4.165720866673287,570353,0.02497773002184166
primary,2025-10,future_child_download_quality_sum_3m,descendant_quality,lift,S_Q_040,4.165720866673287,570353,0.02497773002184166
primary,2025-10,future_child_download_quality_sum_3m,descendant_quality,lift,S_Q_050,4.165720866673287,570353,0.02497773002184166
primary,2025-10,future_child_download_quality_sum_3m,descendant_quality,lift,S_Q_060,4.165720866673287,570353,0.02497773002184166
primary,2025-10,future_child_download_quality_sum_3m,descendant_quality,lift,S_Q_070,4.165720866673288,570353,0.02497773002184166
primary,2025-10,future_child_download_quality_sum_3m,descendant_quality,lift,S_Q_080,4.165720866673287,570353,0.02497773002184166
primary,2025-10,future_child_download_quality_sum_3m,descendant_quality,lift,S_Q_090,4.165720866673288,570353,0.02497773002184166
primary,2025-10,future_child_download_quality_sum_3m,descendant_quality,lift,S_Q_100,4.155021238504211,570353,0.02497773002184166
primary,2025-10,future_child_download_quality_sum_3m,descendant_quality,lift,S_WD_000,4.04259660898713,570353,0.02497773002184166
primary,2025-10,future_child_download_quality_sum_3m,descendant_quality,lift,S_WD_025,4.157257487905951,570353,0.02497773002184166
primary,2025-10,future_child_download_quality_sum_3m,descendant_quality,lift,S_WD_075,4.063237274344678,570353,0.02497773002184166
primary,2025-10,future_child_download_quality_sum_3m,descendant_quality,lift,S_WD_100,4.048594994152337,570353,0.02497773002184166
primary,2025-10,future_child_like_quality_sum_3m,descendant_quality,lift,S_C3_Q10,4.959986119718159,570353,0.0020572545224019946
primary,2025-10,future_child_like_quality_sum_3m,descendant_quality,lift,AllTime DerivCount,4.730518617885057,570353,0.0020572545224019946
primary,2025-10,future_child_like_quality_sum_3m,descendant_quality,lift,Current DerivCount,3.22345579813309,570353,0.0020572545224019946
primary,2025-10,future_child_like_quality_sum_3m,descendant_quality,lift,Vanilla PageRank,4.730518617885058,570353,0.0020572545224019946
primary,2025-10,future_child_like_quality_sum_3m,descendant_quality,lift,Downloads,2.561435094323802,570353,0.0020572545224019946
primary,2025-10,future_child_like_quality_sum_3m,descendant_quality,lift,Likes,4.795729708050039,570353,0.0020572545224019946
primary,2025-10,future_child_like_quality_sum_3m,descendant_quality,lift,MTPR_time_safe_typed,4.318357164640691,570353,0.0020572545224019946
primary,2025-10,future_child_like_quality_sum_3m,descendant_quality,lift,Simplified_MTPR_time_safe_typed,4.271255214636505,570353,0.0020572545224019946
primary,2025-10,future_child_like_quality_sum_3m,descendant_quality,lift,No-Propagation ModelRank,4.394886338950768,570353,0.0020572545224019946
primary,2025-10,future_child_like_quality_sum_3m,descendant_quality,lift,EventValue_time_safe_typed,3.22345579813309,570353,0.0020572545224019946
primary,2025-10,future_child_like_quality_sum_3m,descendant_quality,lift,No child quality,4.336079038039552,570353,0.0020572545224019946
primary,2025-10,future_child_like_quality_sum_3m,descendant_quality,lift,No type weight,4.336079038039552,570353,0.0020572545224019946
primary,2025-10,future_child_like_quality_sum_3m,descendant_quality,lift,No parent size,4.318357164640691,570353,0.0020572545224019946
primary,2025-10,future_child_like_quality_sum_3m,descendant_quality,lift,No quality teleport,4.680092520399122,570353,0.0020572545224019946
primary,2025-10,future_child_like_quality_sum_3m,descendant_quality,lift,No PageRank propagation,4.276002330255729,570353,0.0020572545224019946
primary,2025-10,future_child_like_quality_sum_3m,descendant_quality,lift,No temporal inheritance,4.3077027578885145,570353,0.0020572545224019946
primary,2025-10,future_child_like_quality_sum_3m,descendant_quality,lift,No event injection,4.318357164640691,570353,0.0020572545224019946
primary,2025-10,future_child_like_quality_sum_3m,descendant_quality,lift,S_D_000,4.394886338950768,570353,0.0020572545224019946
primary,2025-10,future_child_like_quality_sum_3m,descendant_quality,lift,S_D_025,4.919600916398949,570353,0.0020572545224019946
primary,2025-10,future_child_like_quality_sum_3m,descendant_quality,lift,S_D_050,4.962700116045133,570353,0.0020572545224019946
primary,2025-10,future_child_like_quality_sum_3m,descendant_quality,lift,S_D_065,4.986329280576949,570353,0.0020572545224019946
primary,2025-10,future_child_like_quality_sum_3m,descendant_quality,lift,S_D_075,4.986329280576948,570353,0.0020572545224019946
primary,2025-10,future_child_like_quality_sum_3m,descendant_quality,lift,S_D_090,4.95998611971816,570353,0.0020572545224019946
primary,2025-10,future_child_like_quality_sum_3m,descendant_quality,lift,S_D_095,4.965893410851113,570353,0.0020572545224019946
primary,2025-10,future_child_like_quality_sum_3m,descendant_quality,lift,S_D_099,4.965893410851113,570353,0.0020572545224019946
primary,2025-10,future_child_like_quality_sum_3m,descendant_quality,lift,S_MEM_01,4.394886338950768,570353,0.0020572545224019946
primary,2025-10,future_child_like_quality_sum_3m,descendant_quality,lift,S_MEM_03,4.4698145447470345,570353,0.0020572545224019946
primary,2025-10,future_child_like_quality_sum_3m,descendant_quality,lift,S_MEM_06,4.6897104889040655,570353,0.0020572545224019946
primary,2025-10,future_child_like_quality_sum_3m,descendant_quality,lift,S_MEM_12,4.869417720742237,570353,0.0020572545224019946
primary,2025-10,future_child_like_quality_sum_3m,descendant_quality,lift,S_Q_000,3.7866303730959316,570353,0.0020572545224019946
primary,2025-10,future_child_like_quality_sum_3m,descendant_quality,lift,S_Q_005,4.959986119718159,570353,0.0020572545224019946
primary,2025-10,future_child_like_quality_sum_3m,descendant_quality,lift,S_Q_015,4.959986119718159,570353,0.0020572545224019946
primary,2025-10,future_child_like_quality_sum_3m,descendant_quality,lift,S_Q_020,4.959986119718159,570353,0.0020572545224019946
primary,2025-10,future_child_like_quality_sum_3m,descendant_quality,lift,S_Q_030,4.959986119718159,570353,0.0020572545224019946
primary,2025-10,future_child_like_quality_sum_3m,descendant_quality,lift,S_Q_040,4.959986119718159,570353,0.0020572545224019946
primary,2025-10,future_child_like_quality_sum_3m,descendant_quality,lift,S_Q_050,4.959986119718159,570353,0.0020572545224019946
primary,2025-10,future_child_like_quality_sum_3m,descendant_quality,lift,S_Q_060,4.959986119718159,570353,0.0020572545224019946
primary,2025-10,future_child_like_quality_sum_3m,descendant_quality,lift,S_Q_070,4.959986119718159,570353,0.0020572545224019946
primary,2025-10,future_child_like_quality_sum_3m,descendant_quality,lift,S_Q_080,4.959986119718159,570353,0.0020572545224019946
primary,2025-10,future_child_like_quality_sum_3m,descendant_quality,lift,S_Q_090,4.959986119718159,570353,0.0020572545224019946
primary,2025-10,future_child_like_quality_sum_3m,descendant_quality,lift,S_Q_100,4.936356955186345,570353,0.0020572545224019946
primary,2025-10,future_child_like_quality_sum_3m,descendant_quality,lift,S_WD_000,5.088124275616998,570353,0.0020572545224019946
primary,2025-10,future_child_like_quality_sum_3m,descendant_quality,lift,S_WD_025,5.138684587209382,570353,0.0020572545224019946
primary,2025-10,future_child_like_quality_sum_3m,descendant_quality,lift,S_WD_075,4.8237988656713435,570353,0.0020572545224019946
primary,2025-10,future_child_like_quality_sum_3m,descendant_quality,lift,S_WD_100,4.778992283947048,570353,0.0020572545224019946
primary,2025-10,future_high_download_child_count_3m,descendant_quality,lift,S_C3_Q10,1.9016860621242062,570353,0.0008205444698283344
primary,2025-10,future_high_download_child_count_3m,descendant_quality,lift,AllTime DerivCount,1.3888718431244205,570353,0.0008205444698283344
primary,2025-10,future_high_download_child_count_3m,descendant_quality,lift,Current DerivCount,1.7521152482492686,570353,0.0008205444698283344
primary,2025-10,future_high_download_child_count_3m,descendant_quality,lift,Vanilla PageRank,1.3888718431244205,570353,0.0008205444698283344
primary,2025-10,future_high_download_child_count_3m,descendant_quality,lift,Downloads,1.2820355474994651,570353,0.0008205444698283344
primary,2025-10,future_high_download_child_count_3m,descendant_quality,lift,Likes,1.7948497664992509,570353,0.0008205444698283344
primary,2025-10,future_high_download_child_count_3m,descendant_quality,lift,MTPR_time_safe_typed,1.8589515438742243,570353,0.0008205444698283344
primary,2025-10,future_high_download_child_count_3m,descendant_quality,lift,Simplified_MTPR_time_safe_typed,1.9016860621242062,570353,0.0008205444698283344
primary,2025-10,future_high_download_child_count_3m,descendant_quality,lift,No-Propagation ModelRank,1.9657878394991797,570353,0.0008205444698283344
primary,2025-10,future_high_download_child_count_3m,descendant_quality,lift,EventValue_time_safe_typed,1.7521152482492686,570353,0.0008205444698283344
primary,2025-10,future_high_download_child_count_3m,descendant_quality,lift,No child quality,1.8803188029992155,570353,0.0008205444698283344
primary,2025-10,future_high_download_child_count_3m,descendant_quality,lift,No type weight,1.8803188029992155,570353,0.0008205444698283344
primary,2025-10,future_high_download_child_count_3m,descendant_quality,lift,No parent size,1.8589515438742243,570353,0.0008205444698283344
primary,2025-10,future_high_download_child_count_3m,descendant_quality,lift,No quality teleport,1.5811771752493402,570353,0.0008205444698283344
primary,2025-10,future_high_download_child_count_3m,descendant_quality,lift,No PageRank propagation,1.8375842847492332,570353,0.0008205444698283344
primary,2025-10,future_high_download_child_count_3m,descendant_quality,lift,No temporal inheritance,1.9230533212491974,570353,0.0008205444698283344
primary,2025-10,future_high_download_child_count_3m,descendant_quality,lift,No event injection,1.8589515438742243,570353,0.0008205444698283344
primary,2025-10,future_high_download_child_count_3m,descendant_quality,lift,S_D_000,1.9657878394991797,570353,0.0008205444698283344
primary,2025-10,future_high_download_child_count_3m,descendant_quality,lift,S_D_025,1.9871550986241708,570353,0.0008205444698283344
primary,2025-10,future_high_download_child_count_3m,descendant_quality,lift,S_D_050,1.9871550986241708,570353,0.0008205444698283344
primary,2025-10,future_high_download_child_count_3m,descendant_quality,lift,S_D_065,1.9871550986241708,570353,0.0008205444698283344
primary,2025-10,future_high_download_child_count_3m,descendant_quality,lift,S_D_075,1.9230533212491974,570353,0.0008205444698283344
primary,2025-10,future_high_download_child_count_3m,descendant_quality,lift,S_D_090,1.9016860621242062,570353,0.0008205444698283344
primary,2025-10,future_high_download_child_count_3m,descendant_quality,lift,S_D_095,1.9016860621242062,570353,0.0008205444698283344
primary,2025-10,future_high_download_child_count_3m,descendant_quality,lift,S_D_099,1.9016860621242062,570353,0.0008205444698283344
primary,2025-10,future_high_download_child_count_3m,descendant_quality,lift,S_MEM_01,1.9657878394991797,570353,0.0008205444698283344
primary,2025-10,future_high_download_child_count_3m,descendant_quality,lift,S_MEM_03,1.9657878394991797,570353,0.0008205444698283344
primary,2025-10,future_high_download_child_count_3m,descendant_quality,lift,S_MEM_06,2.029889616874153,570353,0.0008205444698283344
primary,2025-10,future_high_download_child_count_3m,descendant_quality,lift,S_MEM_12,1.9016860621242062,570353,0.0008205444698283344
primary,2025-10,future_high_download_child_count_3m,descendant_quality,lift,S_Q_000,1.9016860621242062,570353,0.0008205444698283344
primary,2025-10,future_high_download_child_count_3m,descendant_quality,lift,S_Q_005,1.9016860621242062,570353,0.0008205444698283344
primary,2025-10,future_high_download_child_count_3m,descendant_quality,lift,S_Q_015,1.9016860621242062,570353,0.0008205444698283344
primary,2025-10,future_high_download_child_count_3m,descendant_quality,lift,S_Q_020,1.9016860621242062,570353,0.0008205444698283344
primary,2025-10,future_high_download_child_count_3m,descendant_quality,lift,S_Q_030,1.9016860621242062,570353,0.0008205444698283344
primary,2025-10,future_high_download_child_count_3m,descendant_quality,lift,S_Q_040,1.9016860621242062,570353,0.0008205444698283344
primary,2025-10,future_high_download_child_count_3m,descendant_quality,lift,S_Q_050,1.9016860621242062,570353,0.0008205444698283344
primary,2025-10,future_high_download_child_count_3m,descendant_quality,lift,S_Q_060,1.9016860621242062,570353,0.0008205444698283344
primary,2025-10,future_high_download_child_count_3m,descendant_quality,lift,S_Q_070,1.9016860621242062,570353,0.0008205444698283344
primary,2025-10,future_high_download_child_count_3m,descendant_quality,lift,S_Q_080,1.9016860621242062,570353,0.0008205444698283344
primary,2025-10,future_high_download_child_count_3m,descendant_quality,lift,S_Q_090,1.9016860621242062,570353,0.0008205444698283344
primary,2025-10,future_high_download_child_count_3m,descendant_quality,lift,S_Q_100,1.8803188029992155,570353,0.0008205444698283344
primary,2025-10,future_high_download_child_count_3m,descendant_quality,lift,S_WD_000,1.9230533212491974,570353,0.0008205444698283344
primary,2025-10,future_high_download_child_count_3m,descendant_quality,lift,S_WD_025,1.9444205803741885,570353,0.0008205444698283344
primary,2025-10,future_high_download_child_count_3m,descendant_quality,lift,S_WD_075,1.8375842847492332,570353,0.0008205444698283344
primary,2025-10,future_high_download_child_count_3m,descendant_quality,lift,S_WD_100,1.7734825073742597,570353,0.0008205444698283344
primary,2025-10,future_high_like_child_count_3m,descendant_quality,lift,S_C3_Q10,5.593538655870955,570353,0.0015358909307043181
primary,2025-10,future_high_like_child_count_3m,descendant_quality,lift,AllTime DerivCount,5.308154030571415,570353,0.0015358909307043181
primary,2025-10,future_high_like_child_count_3m,descendant_quality,lift,Current DerivCount,3.2533847284147384,570353,0.0015358909307043181
primary,2025-10,future_high_like_child_count_3m,descendant_quality,lift,Vanilla PageRank,5.308154030571415,570353,0.0015358909307043181
primary,2025-10,future_high_like_child_count_3m,descendant_quality,lift,Downloads,2.7625231728995323,570353,0.0015358909307043181
primary,2025-10,future_high_like_child_count_3m,descendant_quality,lift,Likes,5.376646340643305,570353,0.0015358909307043181
primary,2025-10,future_high_like_child_count_3m,descendant_quality,lift,MTPR_time_safe_typed,4.840123245080172,570353,0.0015358909307043181
primary,2025-10,future_high_like_child_count_3m,descendant_quality,lift,Simplified_MTPR_time_safe_typed,4.74880016498432,570353,0.0015358909307043181
primary,2025-10,future_high_like_child_count_3m,descendant_quality,lift,No-Propagation ModelRank,4.862954015104135,570353,0.0015358909307043181
primary,2025-10,future_high_like_child_count_3m,descendant_quality,lift,EventValue_time_safe_typed,3.2533847284147384,570353,0.0015358909307043181
primary,2025-10,future_high_like_child_count_3m,descendant_quality,lift,No child quality,4.862954015104135,570353,0.0015358909307043181
primary,2025-10,future_high_like_child_count_3m,descendant_quality,lift,No type weight,4.862954015104135,570353,0.0015358909307043181
primary,2025-10,future_high_like_child_count_3m,descendant_quality,lift,No parent size,4.840123245080172,570353,0.0015358909307043181
primary,2025-10,future_high_like_child_count_3m,descendant_quality,lift,No quality teleport,5.285323260547452,570353,0.0015358909307043181
primary,2025-10,future_high_like_child_count_3m,descendant_quality,lift,No PageRank propagation,4.783046320020265,570353,0.0015358909307043181
primary,2025-10,future_high_like_child_count_3m,descendant_quality,lift,No temporal inheritance,4.794461705032246,570353,0.0015358909307043181
primary,2025-10,future_high_like_child_count_3m,descendant_quality,lift,No event injection,4.840123245080172,570353,0.0015358909307043181
primary,2025-10,future_high_like_child_count_3m,descendant_quality,lift,S_D_000,4.862954015104135,570353,0.0015358909307043181
primary,2025-10,future_high_like_child_count_3m,descendant_quality,lift,S_D_025,5.559292500835009,570353,0.0015358909307043181
primary,2025-10,future_high_like_child_count_3m,descendant_quality,lift,S_D_050,5.593538655870955,570353,0.0015358909307043181
primary,2025-10,future_high_like_child_count_3m,descendant_quality,lift,S_D_065,5.6049540408829355,570353,0.0015358909307043181
primary,2025-10,future_high_like_child_count_3m,descendant_quality,lift,S_D_075,5.616369425894917,570353,0.0015358909307043181
primary,2025-10,future_high_like_child_count_3m,descendant_quality,lift,S_D_090,5.593538655870955,570353,0.0015358909307043181
primary,2025-10,future_high_like_child_count_3m,descendant_quality,lift,S_D_095,5.6049540408829355,570353,0.0015358909307043181
primary,2025-10,future_high_like_child_count_3m,descendant_quality,lift,S_D_099,5.6049540408829355,570353,0.0015358909307043181
primary,2025-10,future_high_like_child_count_3m,descendant_quality,lift,S_MEM_01,4.862954015104135,570353,0.0015358909307043181
primary,2025-10,future_high_like_child_count_3m,descendant_quality,lift,S_MEM_03,5.022769405271877,570353,0.0015358909307043181
primary,2025-10,future_high_like_child_count_3m,descendant_quality,lift,S_MEM_06,5.262492490523489,570353,0.0015358909307043181
primary,2025-10,future_high_like_child_count_3m,descendant_quality,lift,S_MEM_12,5.479384805751139,570353,0.0015358909307043181
primary,2025-10,future_high_like_child_count_3m,descendant_quality,lift,S_Q_000,3.949723214145612,570353,0.0015358909307043181
primary,2025-10,future_high_like_child_count_3m,descendant_quality,lift,S_Q_005,5.593538655870955,570353,0.0015358909307043181
primary,2025-10,future_high_like_child_count_3m,descendant_quality,lift,S_Q_015,5.593538655870955,570353,0.0015358909307043181
primary,2025-10,future_high_like_child_count_3m,descendant_quality,lift,S_Q_020,5.593538655870955,570353,0.0015358909307043181
primary,2025-10,future_high_like_child_count_3m,descendant_quality,lift,S_Q_030,5.593538655870955,570353,0.0015358909307043181
primary,2025-10,future_high_like_child_count_3m,descendant_quality,lift,S_Q_040,5.593538655870955,570353,0.0015358909307043181
primary,2025-10,future_high_like_child_count_3m,descendant_quality,lift,S_Q_050,5.593538655870955,570353,0.0015358909307043181
primary,2025-10,future_high_like_child_count_3m,descendant_quality,lift,S_Q_060,5.593538655870955,570353,0.0015358909307043181
primary,2025-10,future_high_like_child_count_3m,descendant_quality,lift,S_Q_070,5.593538655870955,570353,0.0015358909307043181
primary,2025-10,future_high_like_child_count_3m,descendant_quality,lift,S_Q_080,5.593538655870955,570353,0.0015358909307043181
primary,2025-10,future_high_like_child_count_3m,descendant_quality,lift,S_Q_090,5.593538655870955,570353,0.0015358909307043181
primary,2025-10,future_high_like_child_count_3m,descendant_quality,lift,S_Q_100,5.559292500835009,570353,0.0015358909307043181
primary,2025-10,future_high_like_child_count_3m,descendant_quality,lift,S_WD_000,5.70769250599077,570353,0.0015358909307043181
primary,2025-10,future_high_like_child_count_3m,descendant_quality,lift,S_WD_025,5.78760020107464,570353,0.0015358909307043181
primary,2025-10,future_high_like_child_count_3m,descendant_quality,lift,S_WD_075,5.410892495679249,570353,0.0015358909307043181
primary,2025-10,future_high_like_child_count_3m,descendant_quality,lift,S_WD_100,5.376646340643305,570353,0.0015358909307043181
primary,2025-10,future_nonzero_like_child_share_3m,descendant_quality,lift,S_C3_Q10,6.212771664283411,570353,0.0007645985490501044
primary,2025-10,future_nonzero_like_child_share_3m,descendant_quality,lift,AllTime DerivCount,5.872250645726801,570353,0.0007645985490501044
primary,2025-10,future_nonzero_like_child_share_3m,descendant_quality,lift,Current DerivCount,3.055931298448777,570353,0.0007645985490501044
primary,2025-10,future_nonzero_like_child_share_3m,descendant_quality,lift,Vanilla PageRank,5.872250645726801,570353,0.0007645985490501044
primary,2025-10,future_nonzero_like_child_share_3m,descendant_quality,lift,Downloads,3.1519631781642174,570353,0.0007645985490501044
primary,2025-10,future_nonzero_like_child_share_3m,descendant_quality,lift,Likes,6.022446785224834,570353,0.0007645985490501044
primary,2025-10,future_nonzero_like_child_share_3m,descendant_quality,lift,MTPR_time_safe_typed,5.102161024636379,570353,0.0007645985490501044
primary,2025-10,future_nonzero_like_child_share_3m,descendant_quality,lift,Simplified_MTPR_time_safe_typed,4.878586618513353,570353,0.0007645985490501044
primary,2025-10,future_nonzero_like_child_share_3m,descendant_quality,lift,No-Propagation ModelRank,5.004705514275059,570353,0.0007645985490501044
primary,2025-10,future_nonzero_like_child_share_3m,descendant_quality,lift,EventValue_time_safe_typed,3.0559312984487774,570353,0.0007645985490501044
primary,2025-10,future_nonzero_like_child_share_3m,descendant_quality,lift,No child quality,5.136557087116844,570353,0.0007645985490501044
primary,2025-10,future_nonzero_like_child_share_3m,descendant_quality,lift,No type weight,5.136557087116844,570353,0.0007645985490501044
primary,2025-10,future_nonzero_like_child_share_3m,descendant_quality,lift,No parent size,5.102161024636379,570353,0.0007645985490501044
primary,2025-10,future_nonzero_like_child_share_3m,descendant_quality,lift,No quality teleport,5.708023096613722,570353,0.0007645985490501044
primary,2025-10,future_nonzero_like_child_share_3m,descendant_quality,lift,No PageRank propagation,4.987507483034828,570353,0.0007645985490501044
primary,2025-10,future_nonzero_like_child_share_3m,descendant_quality,lift,No temporal inheritance,4.970309451794595,570353,0.0007645985490501044
primary,2025-10,future_nonzero_like_child_share_3m,descendant_quality,lift,No event injection,5.102161024636379,570353,0.0007645985490501044
primary,2025-10,future_nonzero_like_child_share_3m,descendant_quality,lift,S_D_000,5.004705514275059,570353,0.0007645985490501044
primary,2025-10,future_nonzero_like_child_share_3m,descendant_quality,lift,S_D_025,6.1210488310021685,570353,0.0007645985490501044
primary,2025-10,future_nonzero_like_child_share_3m,descendant_quality,lift,S_D_050,6.178375601802944,570353,0.0007645985490501044
primary,2025-10,future_nonzero_like_child_share_3m,descendant_quality,lift,S_D_065,6.247167726763876,570353,0.0007645985490501044
primary,2025-10,future_nonzero_like_child_share_3m,descendant_quality,lift,S_D_075,6.25863308092403,570353,0.0007645985490501044
primary,2025-10,future_nonzero_like_child_share_3m,descendant_quality,lift,S_D_090,6.212771664283411,570353,0.0007645985490501044
primary,2025-10,future_nonzero_like_child_share_3m,descendant_quality,lift,S_D_095,6.235702372603721,570353,0.0007645985490501044
primary,2025-10,future_nonzero_like_child_share_3m,descendant_quality,lift,S_D_099,6.235702372603721,570353,0.0007645985490501044
primary,2025-10,future_nonzero_like_child_share_3m,descendant_quality,lift,S_MEM_01,5.004705514275059,570353,0.0007645985490501044
primary,2025-10,future_nonzero_like_child_share_3m,descendant_quality,lift,S_MEM_03,5.27070173079066,570353,0.0007645985490501044
primary,2025-10,future_nonzero_like_child_share_3m,descendant_quality,lift,S_MEM_06,5.563068261874617,570353,0.0007645985490501044
primary,2025-10,future_nonzero_like_child_share_3m,descendant_quality,lift,S_MEM_12,6.029325997720928,570353,0.0007645985490501044
primary,2025-10,future_nonzero_like_child_share_3m,descendant_quality,lift,S_Q_000,3.739048018695737,570353,0.0007645985490501044
primary,2025-10,future_nonzero_like_child_share_3m,descendant_quality,lift,S_Q_005,6.212771664283411,570353,0.0007645985490501044
primary,2025-10,future_nonzero_like_child_share_3m,descendant_quality,lift,S_Q_015,6.212771664283411,570353,0.0007645985490501044
primary,2025-10,future_nonzero_like_child_share_3m,descendant_quality,lift,S_Q_020,6.212771664283411,570353,0.0007645985490501044
primary,2025-10,future_nonzero_like_child_share_3m,descendant_quality,lift,S_Q_030,6.212771664283411,570353,0.0007645985490501044
primary,2025-10,future_nonzero_like_child_share_3m,descendant_quality,lift,S_Q_040,6.212771664283411,570353,0.0007645985490501044
primary,2025-10,future_nonzero_like_child_share_3m,descendant_quality,lift,S_Q_050,6.21277166428341,570353,0.0007645985490501044
primary,2025-10,future_nonzero_like_child_share_3m,descendant_quality,lift,S_Q_060,6.21277166428341,570353,0.0007645985490501044
primary,2025-10,future_nonzero_like_child_share_3m,descendant_quality,lift,S_Q_070,6.212771664283412,570353,0.0007645985490501044
primary,2025-10,future_nonzero_like_child_share_3m,descendant_quality,lift,S_Q_080,6.212771664283411,570353,0.0007645985490501044
primary,2025-10,future_nonzero_like_child_share_3m,descendant_quality,lift,S_Q_090,6.212771664283411,570353,0.0007645985490501044
primary,2025-10,future_nonzero_like_child_share_3m,descendant_quality,lift,S_Q_100,6.155444893482634,570353,0.0007645985490501044
primary,2025-10,future_nonzero_like_child_share_3m,descendant_quality,lift,S_WD_000,6.422969823886256,570353,0.0007645985490501044
primary,2025-10,future_nonzero_like_child_share_3m,descendant_quality,lift,S_WD_025,6.503227303007342,570353,0.0007645985490501044
primary,2025-10,future_nonzero_like_child_share_3m,descendant_quality,lift,S_WD_075,5.960533872759996,570353,0.0007645985490501044
primary,2025-10,future_nonzero_like_child_share_3m,descendant_quality,lift,S_WD_100,5.822949622838134,570353,0.0007645985490501044
primary,2025-10,future_nonzero_download_child_share_3m,descendant_quality,lift,S_C3_Q10,5.407165943256777,570353,0.0028671415133382236
primary,2025-10,future_nonzero_download_child_share_3m,descendant_quality,lift,AllTime DerivCount,4.964332572084982,570353,0.0028671415133382236
primary,2025-10,future_nonzero_download_child_share_3m,descendant_quality,lift,Current DerivCount,2.2114303426496256,570353,0.0028671415133382236
primary,2025-10,future_nonzero_download_child_share_3m,descendant_quality,lift,Vanilla PageRank,4.964332572084981,570353,0.0028671415133382236
primary,2025-10,future_nonzero_download_child_share_3m,descendant_quality,lift,Downloads,3.139692245205865,570353,0.0028671415133382236
primary,2025-10,future_nonzero_download_child_share_3m,descendant_quality,lift,Likes,4.945131903890877,570353,0.0028671415133382236
primary,2025-10,future_nonzero_download_child_share_3m,descendant_quality,lift,MTPR_time_safe_typed,4.7885241566025085,570353,0.0028671415133382236
primary,2025-10,future_nonzero_download_child_share_3m,descendant_quality,lift,Simplified_MTPR_time_safe_typed,4.602014359308059,570353,0.0028671415133382236
primary,2025-10,future_nonzero_download_child_share_3m,descendant_quality,lift,No-Propagation ModelRank,4.6753952631616125,570353,0.0028671415133382236
primary,2025-10,future_nonzero_download_child_share_3m,descendant_quality,lift,EventValue_time_safe_typed,2.2114303426496256,570353,0.0028671415133382236
primary,2025-10,future_nonzero_download_child_share_3m,descendant_quality,lift,No child quality,4.812984457887026,570353,0.0028671415133382236
primary,2025-10,future_nonzero_download_child_share_3m,descendant_quality,lift,No type weight,4.819099533208155,570353,0.0028671415133382236
primary,2025-10,future_nonzero_download_child_share_3m,descendant_quality,lift,No parent size,4.776294005960249,570353,0.0028671415133382236
primary,2025-10,future_nonzero_download_child_share_3m,descendant_quality,lift,No quality teleport,4.797696769584203,570353,0.0028671415133382236
primary,2025-10,future_nonzero_download_child_share_3m,descendant_quality,lift,No PageRank propagation,4.678452800822178,570353,0.0028671415133382236
primary,2025-10,future_nonzero_download_child_share_3m,descendant_quality,lift,No temporal inheritance,4.663165112519354,570353,0.0028671415133382236
primary,2025-10,future_nonzero_download_child_share_3m,descendant_quality,lift,No event injection,4.776294005960249,570353,0.0028671415133382236
primary,2025-10,future_nonzero_download_child_share_3m,descendant_quality,lift,S_D_000,4.6753952631616125,570353,0.0028671415133382236
primary,2025-10,future_nonzero_download_child_share_3m,descendant_quality,lift,S_D_025,5.388820717293386,570353,0.0028671415133382236
primary,2025-10,future_nonzero_download_child_share_3m,descendant_quality,lift,S_D_050,5.425511169220163,570353,0.0028671415133382236
primary,2025-10,future_nonzero_download_child_share_3m,descendant_quality,lift,S_D_065,5.449971470504682,570353,0.0028671415133382236
primary,2025-10,future_nonzero_download_child_share_3m,descendant_quality,lift,S_D_075,5.407165943256775,570353,0.0028671415133382236
primary,2025-10,future_nonzero_download_child_share_3m,descendant_quality,lift,S_D_090,5.385111573246145,570353,0.0028671415133382236
primary,2025-10,future_nonzero_download_child_share_3m,descendant_quality,lift,S_D_095,5.378996497925015,570353,0.0028671415133382236
primary,2025-10,future_nonzero_download_child_share_3m,descendant_quality,lift,S_D_099,5.397341723888403,570353,0.0028671415133382236
primary,2025-10,future_nonzero_download_child_share_3m,descendant_quality,lift,S_MEM_01,4.675395263161613,570353,0.0028671415133382236
primary,2025-10,future_nonzero_download_child_share_3m,descendant_quality,lift,S_MEM_03,4.901653050043405,570353,0.0028671415133382236
primary,2025-10,future_nonzero_download_child_share_3m,descendant_quality,lift,S_MEM_06,5.060645008392771,570353,0.0028671415133382236
primary,2025-10,future_nonzero_download_child_share_3m,descendant_quality,lift,S_MEM_12,5.35213026536661,570353,0.0028671415133382236
primary,2025-10,future_nonzero_download_child_share_3m,descendant_quality,lift,S_Q_000,2.5803732203577714,570353,0.0028671415133382236
primary,2025-10,future_nonzero_download_child_share_3m,descendant_quality,lift,S_Q_005,5.407165943256777,570353,0.0028671415133382236
primary,2025-10,future_nonzero_download_child_share_3m,descendant_quality,lift,S_Q_015,5.407165943256777,570353,0.0028671415133382236
primary,2025-10,future_nonzero_download_child_share_3m,descendant_quality,lift,S_Q_020,5.407165943256777,570353,0.0028671415133382236
primary,2025-10,future_nonzero_download_child_share_3m,descendant_quality,lift,S_Q_030,5.407165943256777,570353,0.0028671415133382236
primary,2025-10,future_nonzero_download_child_share_3m,descendant_quality,lift,S_Q_040,5.407165943256777,570353,0.0028671415133382236
primary,2025-10,future_nonzero_download_child_share_3m,descendant_quality,lift,S_Q_050,5.407165943256777,570353,0.0028671415133382236
primary,2025-10,future_nonzero_download_child_share_3m,descendant_quality,lift,S_Q_060,5.407165943256777,570353,0.0028671415133382236
primary,2025-10,future_nonzero_download_child_share_3m,descendant_quality,lift,S_Q_070,5.407165943256777,570353,0.0028671415133382236
primary,2025-10,future_nonzero_download_child_share_3m,descendant_quality,lift,S_Q_080,5.407165943256777,570353,0.0028671415133382236
primary,2025-10,future_nonzero_download_child_share_3m,descendant_quality,lift,S_Q_090,5.407165943256777,570353,0.0028671415133382236
primary,2025-10,future_nonzero_download_child_share_3m,descendant_quality,lift,S_Q_100,5.388820717293388,570353,0.0028671415133382236
primary,2025-10,future_nonzero_download_child_share_3m,descendant_quality,lift,S_WD_000,5.337719739507391,570353,0.0028671415133382236
primary,2025-10,future_nonzero_download_child_share_3m,descendant_quality,lift,S_WD_025,5.580793983522288,570353,0.0028671415133382236
primary,2025-10,future_nonzero_download_child_share_3m,descendant_quality,lift,S_WD_075,5.193138307017243,570353,0.0028671415133382236
primary,2025-10,future_nonzero_download_child_share_3m,descendant_quality,lift,S_WD_100,5.173773901833666,570353,0.0028671415133382236
primary,2025-10,future_child_download_quality_mean_3m,descendant_quality,lift,S_C3_Q10,5.102090940414232,570353,0.01008191737898899
primary,2025-10,future_child_download_quality_mean_3m,descendant_quality,lift,AllTime DerivCount,4.5637074939525295,570353,0.01008191737898899
primary,2025-10,future_child_download_quality_mean_3m,descendant_quality,lift,Current DerivCount,2.17564703852771,570353,0.01008191737898899
primary,2025-10,future_child_download_quality_mean_3m,descendant_quality,lift,Vanilla PageRank,4.563707493952529,570353,0.01008191737898899
primary,2025-10,future_child_download_quality_mean_3m,descendant_quality,lift,Downloads,3.0233716226891905,570353,0.01008191737898899
primary,2025-10,future_child_download_quality_mean_3m,descendant_quality,lift,Likes,4.752099811460231,570353,0.01008191737898899
primary,2025-10,future_child_download_quality_mean_3m,descendant_quality,lift,MTPR_time_safe_typed,4.605018695973435,570353,0.01008191737898899
primary,2025-10,future_child_download_quality_mean_3m,descendant_quality,lift,Simplified_MTPR_time_safe_typed,4.451066927556009,570353,0.01008191737898899
primary,2025-10,future_child_download_quality_mean_3m,descendant_quality,lift,No-Propagation ModelRank,4.538150750284063,570353,0.01008191737898899
primary,2025-10,future_child_download_quality_mean_3m,descendant_quality,lift,EventValue_time_safe_typed,2.17564703852771,570353,0.01008191737898899
primary,2025-10,future_child_download_quality_mean_3m,descendant_quality,lift,No child quality,4.624787320232326,570353,0.01008191737898899
primary,2025-10,future_child_download_quality_mean_3m,descendant_quality,lift,No type weight,4.627198131775723,570353,0.01008191737898899
primary,2025-10,future_child_download_quality_mean_3m,descendant_quality,lift,No parent size,4.601014424674692,570353,0.01008191737898899
primary,2025-10,future_child_download_quality_mean_3m,descendant_quality,lift,No quality teleport,4.440793872461506,570353,0.01008191737898899
primary,2025-10,future_child_download_quality_mean_3m,descendant_quality,lift,No PageRank propagation,4.50013347297943,570353,0.01008191737898899
primary,2025-10,future_child_download_quality_mean_3m,descendant_quality,lift,No temporal inheritance,4.522049515036075,570353,0.01008191737898899
primary,2025-10,future_child_download_quality_mean_3m,descendant_quality,lift,No event injection,4.601014424674692,570353,0.01008191737898899
primary,2025-10,future_child_download_quality_mean_3m,descendant_quality,lift,S_D_000,4.538150750284063,570353,0.01008191737898899
primary,2025-10,future_child_download_quality_mean_3m,descendant_quality,lift,S_D_025,5.12228299066182,570353,0.01008191737898899
primary,2025-10,future_child_download_quality_mean_3m,descendant_quality,lift,S_D_050,5.14379087116508,570353,0.01008191737898899
primary,2025-10,future_child_download_quality_mean_3m,descendant_quality,lift,S_D_065,5.161238276693038,570353,0.01008191737898899
primary,2025-10,future_child_download_quality_mean_3m,descendant_quality,lift,S_D_075,5.105212390536304,570353,0.01008191737898899
primary,2025-10,future_child_download_quality_mean_3m,descendant_quality,lift,S_D_090,5.082930644668562,570353,0.01008191737898899
primary,2025-10,future_child_download_quality_mean_3m,descendant_quality,lift,S_D_095,5.075971601752836,570353,0.01008191737898899
primary,2025-10,future_child_download_quality_mean_3m,descendant_quality,lift,S_D_099,5.090500655406113,570353,0.01008191737898899
primary,2025-10,future_child_download_quality_mean_3m,descendant_quality,lift,S_MEM_01,4.538150750284062,570353,0.01008191737898899
primary,2025-10,future_child_download_quality_mean_3m,descendant_quality,lift,S_MEM_03,4.7156670402023195,570353,0.01008191737898899
primary,2025-10,future_child_download_quality_mean_3m,descendant_quality,lift,S_MEM_06,4.85381781085086,570353,0.01008191737898899
primary,2025-10,future_child_download_quality_mean_3m,descendant_quality,lift,S_MEM_12,5.05325226911179,570353,0.01008191737898899
primary,2025-10,future_child_download_quality_mean_3m,descendant_quality,lift,S_Q_000,2.5397647093836886,570353,0.01008191737898899
primary,2025-10,future_child_download_quality_mean_3m,descendant_quality,lift,S_Q_005,5.102090940414232,570353,0.01008191737898899
primary,2025-10,future_child_download_quality_mean_3m,descendant_quality,lift,S_Q_015,5.102090940414232,570353,0.01008191737898899
primary,2025-10,future_child_download_quality_mean_3m,descendant_quality,lift,S_Q_020,5.102090940414232,570353,0.01008191737898899
primary,2025-10,future_child_download_quality_mean_3m,descendant_quality,lift,S_Q_030,5.102090940414232,570353,0.01008191737898899
primary,2025-10,future_child_download_quality_mean_3m,descendant_quality,lift,S_Q_040,5.102090940414232,570353,0.01008191737898899
primary,2025-10,future_child_download_quality_mean_3m,descendant_quality,lift,S_Q_050,5.102090940414234,570353,0.01008191737898899
primary,2025-10,future_child_download_quality_mean_3m,descendant_quality,lift,S_Q_060,5.102090940414232,570353,0.01008191737898899
primary,2025-10,future_child_download_quality_mean_3m,descendant_quality,lift,S_Q_070,5.102090940414232,570353,0.01008191737898899
primary,2025-10,future_child_download_quality_mean_3m,descendant_quality,lift,S_Q_080,5.102090940414232,570353,0.01008191737898899
primary,2025-10,future_child_download_quality_mean_3m,descendant_quality,lift,S_Q_090,5.102090940414232,570353,0.01008191737898899
primary,2025-10,future_child_download_quality_mean_3m,descendant_quality,lift,S_Q_100,5.083436673888749,570353,0.01008191737898899
primary,2025-10,future_child_download_quality_mean_3m,descendant_quality,lift,S_WD_000,5.0868439708989515,570353,0.01008191737898899
primary,2025-10,future_child_download_quality_mean_3m,descendant_quality,lift,S_WD_025,5.2797613868448625,570353,0.01008191737898899
primary,2025-10,future_child_download_quality_mean_3m,descendant_quality,lift,S_WD_075,4.9125076028641415,570353,0.01008191737898899
primary,2025-10,future_child_download_quality_mean_3m,descendant_quality,lift,S_WD_100,4.888394663533496,570353,0.01008191737898899
primary,2025-10,future_child_download_quality_median_3m,descendant_quality,lift,S_C3_Q10,5.102239406012164,570353,0.01006559879607455
primary,2025-10,future_child_download_quality_median_3m,descendant_quality,lift,AllTime DerivCount,4.560437878635459,570353,0.01006559879607455
primary,2025-10,future_child_download_quality_median_3m,descendant_quality,lift,Current DerivCount,2.1671774904498777,570353,0.01006559879607455
primary,2025-10,future_child_download_quality_median_3m,descendant_quality,lift,Vanilla PageRank,4.560437878635461,570353,0.01006559879607455
primary,2025-10,future_child_download_quality_median_3m,descendant_quality,lift,Downloads,3.0259190646974483,570353,0.01006559879607455
primary,2025-10,future_child_download_quality_median_3m,descendant_quality,lift,Likes,4.751346401580856,570353,0.01006559879607455
primary,2025-10,future_child_download_quality_median_3m,descendant_quality,lift,MTPR_time_safe_typed,4.604806183706278,570353,0.01006559879607455
primary,2025-10,future_child_download_quality_median_3m,descendant_quality,lift,Simplified_MTPR_time_safe_typed,4.449665073598095,570353,0.01006559879607455
primary,2025-10,future_child_download_quality_median_3m,descendant_quality,lift,No-Propagation ModelRank,4.536668159231378,570353,0.01006559879607455
primary,2025-10,future_child_download_quality_median_3m,descendant_quality,lift,EventValue_time_safe_typed,2.1671774904498777,570353,0.01006559879607455
primary,2025-10,future_child_download_quality_median_3m,descendant_quality,lift,No child quality,4.6251726470789025,570353,0.01006559879607455
primary,2025-10,future_child_download_quality_median_3m,descendant_quality,lift,No type weight,4.627587367086053,570353,0.01006559879607455
primary,2025-10,future_child_download_quality_median_3m,descendant_quality,lift,No parent size,4.600795420589757,570353,0.01006559879607455
primary,2025-10,future_child_download_quality_median_3m,descendant_quality,lift,No quality teleport,4.4364893157966305,570353,0.01006559879607455
primary,2025-10,future_child_download_quality_median_3m,descendant_quality,lift,No PageRank propagation,4.499620233881033,570353,0.01006559879607455
primary,2025-10,future_child_download_quality_median_3m,descendant_quality,lift,No temporal inheritance,4.520762739700184,570353,0.01006559879607455
primary,2025-10,future_child_download_quality_median_3m,descendant_quality,lift,No event injection,4.600795420589757,570353,0.01006559879607455
primary,2025-10,future_child_download_quality_median_3m,descendant_quality,lift,S_D_000,4.536668159231378,570353,0.01006559879607455
primary,2025-10,future_child_download_quality_median_3m,descendant_quality,lift,S_D_025,5.122575139492674,570353,0.01006559879607455
primary,2025-10,future_child_download_quality_median_3m,descendant_quality,lift,S_D_050,5.144586409098019,570353,0.01006559879607455
primary,2025-10,future_child_download_quality_median_3m,descendant_quality,lift,S_D_065,5.161482633328431,570353,0.01006559879607455
primary,2025-10,future_child_download_quality_median_3m,descendant_quality,lift,S_D_075,5.105365916701784,570353,0.01006559879607455
primary,2025-10,future_child_download_quality_median_3m,descendant_quality,lift,S_D_090,5.0829085330812385,570353,0.01006559879607455
primary,2025-10,future_child_download_quality_median_3m,descendant_quality,lift,S_D_095,5.075789246474359,570353,0.01006559879607455
primary,2025-10,future_child_download_quality_median_3m,descendant_quality,lift,S_D_099,5.09034185496739,570353,0.01006559879607455
primary,2025-10,future_child_download_quality_median_3m,descendant_quality,lift,S_MEM_01,4.536668159231378,570353,0.01006559879607455
primary,2025-10,future_child_download_quality_median_3m,descendant_quality,lift,S_MEM_03,4.715615047463035,570353,0.01006559879607455
primary,2025-10,future_child_download_quality_median_3m,descendant_quality,lift,S_MEM_06,4.853557849735663,570353,0.01006559879607455
primary,2025-10,future_child_download_quality_median_3m,descendant_quality,lift,S_MEM_12,5.053290510402973,570353,0.01006559879607455
primary,2025-10,future_child_download_quality_median_3m,descendant_quality,lift,S_Q_000,2.532481777115001,570353,0.01006559879607455
primary,2025-10,future_child_download_quality_median_3m,descendant_quality,lift,S_Q_005,5.102239406012164,570353,0.01006559879607455
primary,2025-10,future_child_download_quality_median_3m,descendant_quality,lift,S_Q_015,5.102239406012164,570353,0.01006559879607455
primary,2025-10,future_child_download_quality_median_3m,descendant_quality,lift,S_Q_020,5.102239406012164,570353,0.01006559879607455
primary,2025-10,future_child_download_quality_median_3m,descendant_quality,lift,S_Q_030,5.102239406012164,570353,0.01006559879607455
primary,2025-10,future_child_download_quality_median_3m,descendant_quality,lift,S_Q_040,5.102239406012164,570353,0.01006559879607455
primary,2025-10,future_child_download_quality_median_3m,descendant_quality,lift,S_Q_050,5.102239406012164,570353,0.01006559879607455
primary,2025-10,future_child_download_quality_median_3m,descendant_quality,lift,S_Q_060,5.102239406012164,570353,0.01006559879607455
primary,2025-10,future_child_download_quality_median_3m,descendant_quality,lift,S_Q_070,5.102239406012164,570353,0.01006559879607455
primary,2025-10,future_child_download_quality_median_3m,descendant_quality,lift,S_Q_080,5.102239406012164,570353,0.01006559879607455
primary,2025-10,future_child_download_quality_median_3m,descendant_quality,lift,S_Q_090,5.102239406012164,570353,0.01006559879607455
primary,2025-10,future_child_download_quality_median_3m,descendant_quality,lift,S_Q_100,5.083554896755853,570353,0.01006559879607455
primary,2025-10,future_child_download_quality_median_3m,descendant_quality,lift,S_WD_000,5.085218280038381,570353,0.01006559879607455
primary,2025-10,future_child_download_quality_median_3m,descendant_quality,lift,S_WD_025,5.278780393736839,570353,0.01006559879607455
primary,2025-10,future_child_download_quality_median_3m,descendant_quality,lift,S_WD_075,4.914059592207107,570353,0.01006559879607455
primary,2025-10,future_child_download_quality_median_3m,descendant_quality,lift,S_WD_100,4.890688254522814,570353,0.01006559879607455
primary,2025-10,future_child_like_quality_mean_3m,descendant_quality,lift,S_C3_Q10,6.538498050754597,570353,0.0008034188730995362
primary,2025-10,future_child_like_quality_mean_3m,descendant_quality,lift,AllTime DerivCount,6.228509878860426,570353,0.0008034188730995362
primary,2025-10,future_child_like_quality_mean_3m,descendant_quality,lift,Current DerivCount,3.2815848497013764,570353,0.0008034188730995362
primary,2025-10,future_child_like_quality_mean_3m,descendant_quality,lift,Vanilla PageRank,6.228509878860426,570353,0.0008034188730995362
primary,2025-10,future_child_like_quality_mean_3m,descendant_quality,lift,Downloads,3.3972994644907097,570353,0.0008034188730995362
primary,2025-10,future_child_like_quality_mean_3m,descendant_quality,lift,Likes,6.44733945737977,570353,0.0008034188730995362
primary,2025-10,future_child_like_quality_mean_3m,descendant_quality,lift,MTPR_time_safe_typed,5.478576810486196,570353,0.0008034188730995362
primary,2025-10,future_child_like_quality_mean_3m,descendant_quality,lift,Simplified_MTPR_time_safe_typed,5.281256341368317,570353,0.0008034188730995362
primary,2025-10,future_child_like_quality_mean_3m,descendant_quality,lift,No-Propagation ModelRank,5.428309542711214,570353,0.0008034188730995362
primary,2025-10,future_child_like_quality_mean_3m,descendant_quality,lift,EventValue_time_safe_typed,3.281584849701377,570353,0.0008034188730995362
primary,2025-10,future_child_like_quality_mean_3m,descendant_quality,lift,No child quality,5.508829526237146,570353,0.0008034188730995362
primary,2025-10,future_child_like_quality_mean_3m,descendant_quality,lift,No type weight,5.508829526237146,570353,0.0008034188730995362
primary,2025-10,future_child_like_quality_mean_3m,descendant_quality,lift,No parent size,5.478576810486196,570353,0.0008034188730995362
primary,2025-10,future_child_like_quality_mean_3m,descendant_quality,lift,No quality teleport,5.975927656188292,570353,0.0008034188730995362
primary,2025-10,future_child_like_quality_mean_3m,descendant_quality,lift,No PageRank propagation,5.370121958974068,570353,0.0008034188730995362
primary,2025-10,future_child_like_quality_mean_3m,descendant_quality,lift,No temporal inheritance,5.374584835004971,570353,0.0008034188730995362
primary,2025-10,future_child_like_quality_mean_3m,descendant_quality,lift,No event injection,5.478576810486196,570353,0.0008034188730995362
primary,2025-10,future_child_like_quality_mean_3m,descendant_quality,lift,S_D_000,5.428309542711215,570353,0.0008034188730995362
primary,2025-10,future_child_like_quality_mean_3m,descendant_quality,lift,S_D_025,6.5017120073425,570353,0.0008034188730995362
primary,2025-10,future_child_like_quality_mean_3m,descendant_quality,lift,S_D_050,6.553010756775151,570353,0.0008034188730995362
primary,2025-10,future_child_like_quality_mean_3m,descendant_quality,lift,S_D_065,6.598389830401575,570353,0.0008034188730995362
primary,2025-10,future_child_like_quality_mean_3m,descendant_quality,lift,S_D_075,6.605953009339311,570353,0.0008034188730995362
primary,2025-10,future_child_like_quality_mean_3m,descendant_quality,lift,S_D_090,6.538498050754596,570353,0.0008034188730995362
primary,2025-10,future_child_like_quality_mean_3m,descendant_quality,lift,S_D_095,6.553624408630072,570353,0.0008034188730995362
primary,2025-10,future_child_like_quality_mean_3m,descendant_quality,lift,S_D_099,6.553624408630072,570353,0.0008034188730995362
primary,2025-10,future_child_like_quality_mean_3m,descendant_quality,lift,S_MEM_01,5.428309542711215,570353,0.0008034188730995362
primary,2025-10,future_child_like_quality_mean_3m,descendant_quality,lift,S_MEM_03,5.620821680587265,570353,0.0008034188730995362
primary,2025-10,future_child_like_quality_mean_3m,descendant_quality,lift,S_MEM_06,5.906170029029574,570353,0.0008034188730995362
primary,2025-10,future_child_like_quality_mean_3m,descendant_quality,lift,S_MEM_12,6.380809719387691,570353,0.0008034188730995362
primary,2025-10,future_child_like_quality_mean_3m,descendant_quality,lift,S_Q_000,4.050965138479371,570353,0.0008034188730995362
primary,2025-10,future_child_like_quality_mean_3m,descendant_quality,lift,S_Q_005,6.538498050754597,570353,0.0008034188730995362
primary,2025-10,future_child_like_quality_mean_3m,descendant_quality,lift,S_Q_015,6.538498050754597,570353,0.0008034188730995362
primary,2025-10,future_child_like_quality_mean_3m,descendant_quality,lift,S_Q_020,6.538498050754596,570353,0.0008034188730995362
primary,2025-10,future_child_like_quality_mean_3m,descendant_quality,lift,S_Q_030,6.538498050754597,570353,0.0008034188730995362
primary,2025-10,future_child_like_quality_mean_3m,descendant_quality,lift,S_Q_040,6.538498050754597,570353,0.0008034188730995362
primary,2025-10,future_child_like_quality_mean_3m,descendant_quality,lift,S_Q_050,6.538498050754597,570353,0.0008034188730995362
primary,2025-10,future_child_like_quality_mean_3m,descendant_quality,lift,S_Q_060,6.538498050754597,570353,0.0008034188730995362
primary,2025-10,future_child_like_quality_mean_3m,descendant_quality,lift,S_Q_070,6.538498050754597,570353,0.0008034188730995362
primary,2025-10,future_child_like_quality_mean_3m,descendant_quality,lift,S_Q_080,6.538498050754596,570353,0.0008034188730995362
primary,2025-10,future_child_like_quality_mean_3m,descendant_quality,lift,S_Q_090,6.538498050754596,570353,0.0008034188730995362
primary,2025-10,future_child_like_quality_mean_3m,descendant_quality,lift,S_Q_100,6.493118977128174,570353,0.0008034188730995362
primary,2025-10,future_child_like_quality_mean_3m,descendant_quality,lift,S_WD_000,6.801591913995088,570353,0.0008034188730995362
primary,2025-10,future_child_like_quality_mean_3m,descendant_quality,lift,S_WD_025,6.8718609609751615,570353,0.0008034188730995362
primary,2025-10,future_child_like_quality_mean_3m,descendant_quality,lift,S_WD_075,6.294764301294456,570353,0.0008034188730995362
primary,2025-10,future_child_like_quality_mean_3m,descendant_quality,lift,S_WD_100,6.19515780191197,570353,0.0008034188730995362
primary,2025-10,future_child_like_quality_median_3m,descendant_quality,lift,S_C3_Q10,6.683525434316246,570353,0.000769418649984246
primary,2025-10,future_child_like_quality_median_3m,descendant_quality,lift,AllTime DerivCount,6.375514288152976,570353,0.000769418649984246
primary,2025-10,future_child_like_quality_median_3m,descendant_quality,lift,Current DerivCount,3.3845659168186364,570353,0.000769418649984246
primary,2025-10,future_child_like_quality_median_3m,descendant_quality,lift,Vanilla PageRank,6.375514288152978,570353,0.000769418649984246
primary,2025-10,future_child_like_quality_median_3m,descendant_quality,lift,Downloads,3.483798967398875,570353,0.000769418649984246
primary,2025-10,future_child_like_quality_median_3m,descendant_quality,lift,Likes,6.5858971392189165,570353,0.000769418649984246
primary,2025-10,future_child_like_quality_median_3m,descendant_quality,lift,MTPR_time_safe_typed,5.564939124787064,570353,0.000769418649984246
primary,2025-10,future_child_like_quality_median_3m,descendant_quality,lift,Simplified_MTPR_time_safe_typed,5.355581039464578,570353,0.000769418649984246
primary,2025-10,future_child_like_quality_median_3m,descendant_quality,lift,No-Propagation ModelRank,5.5131700209757,570353,0.000769418649984246
primary,2025-10,future_child_like_quality_median_3m,descendant_quality,lift,EventValue_time_safe_typed,3.3845659168186364,570353,0.000769418649984246
primary,2025-10,future_child_like_quality_median_3m,descendant_quality,lift,No child quality,5.596528692829542,570353,0.000769418649984246
primary,2025-10,future_child_like_quality_median_3m,descendant_quality,lift,No type weight,5.596528692829542,570353,0.000769418649984246
primary,2025-10,future_child_like_quality_median_3m,descendant_quality,lift,No parent size,5.564939124787066,570353,0.000769418649984246
primary,2025-10,future_child_like_quality_median_3m,descendant_quality,lift,No quality teleport,6.130122618880616,570353,0.000769418649984246
primary,2025-10,future_child_like_quality_median_3m,descendant_quality,lift,No PageRank propagation,5.451691707940807,570353,0.000769418649984246
primary,2025-10,future_child_like_quality_median_3m,descendant_quality,lift,No temporal inheritance,5.4530336722896,570353,0.000769418649984246
primary,2025-10,future_child_like_quality_median_3m,descendant_quality,lift,No event injection,5.564939124787066,570353,0.000769418649984246
primary,2025-10,future_child_like_quality_median_3m,descendant_quality,lift,S_D_000,5.5131700209757,570353,0.000769418649984246
primary,2025-10,future_child_like_quality_median_3m,descendant_quality,lift,S_D_025,6.631821251069646,570353,0.000769418649984246
primary,2025-10,future_child_like_quality_median_3m,descendant_quality,lift,S_D_050,6.698679449515767,570353,0.000769418649984246
primary,2025-10,future_child_like_quality_median_3m,descendant_quality,lift,S_D_065,6.746063801579485,570353,0.000769418649984246
primary,2025-10,future_child_like_quality_median_3m,descendant_quality,lift,S_D_075,6.753961193590103,570353,0.000769418649984246
primary,2025-10,future_child_like_quality_median_3m,descendant_quality,lift,S_D_090,6.6835254343162465,570353,0.000769418649984246
primary,2025-10,future_child_like_quality_median_3m,descendant_quality,lift,S_D_095,6.699320218337485,570353,0.000769418649984246
primary,2025-10,future_child_like_quality_median_3m,descendant_quality,lift,S_D_099,6.699320218337486,570353,0.000769418649984246
primary,2025-10,future_child_like_quality_median_3m,descendant_quality,lift,S_MEM_01,5.5131700209757,570353,0.000769418649984246
primary,2025-10,future_child_like_quality_median_3m,descendant_quality,lift,S_MEM_03,5.716613447458076,570353,0.000769418649984246
primary,2025-10,future_child_like_quality_median_3m,descendant_quality,lift,S_MEM_06,6.025440297934292,570353,0.000769418649984246
primary,2025-10,future_child_like_quality_median_3m,descendant_quality,lift,S_MEM_12,6.5188689349055,570353,0.000769418649984246
primary,2025-10,future_child_like_quality_median_3m,descendant_quality,lift,S_Q_000,4.1716868733853385,570353,0.000769418649984246
primary,2025-10,future_child_like_quality_median_3m,descendant_quality,lift,S_Q_005,6.6835254343162465,570353,0.000769418649984246
primary,2025-10,future_child_like_quality_median_3m,descendant_quality,lift,S_Q_015,6.683525434316246,570353,0.000769418649984246
primary,2025-10,future_child_like_quality_median_3m,descendant_quality,lift,S_Q_020,6.683525434316246,570353,0.000769418649984246
primary,2025-10,future_child_like_quality_median_3m,descendant_quality,lift,S_Q_030,6.683525434316246,570353,0.000769418649984246
primary,2025-10,future_child_like_quality_median_3m,descendant_quality,lift,S_Q_040,6.6835254343162465,570353,0.000769418649984246
primary,2025-10,future_child_like_quality_median_3m,descendant_quality,lift,S_Q_050,6.6835254343162465,570353,0.000769418649984246
primary,2025-10,future_child_like_quality_median_3m,descendant_quality,lift,S_Q_060,6.6835254343162465,570353,0.000769418649984246
primary,2025-10,future_child_like_quality_median_3m,descendant_quality,lift,S_Q_070,6.6835254343162465,570353,0.000769418649984246
primary,2025-10,future_child_like_quality_median_3m,descendant_quality,lift,S_Q_080,6.6835254343162465,570353,0.000769418649984246
primary,2025-10,future_child_like_quality_median_3m,descendant_quality,lift,S_Q_090,6.6835254343162465,570353,0.000769418649984246
primary,2025-10,future_child_like_quality_median_3m,descendant_quality,lift,S_Q_100,6.636141082252529,570353,0.000769418649984246
primary,2025-10,future_child_like_quality_median_3m,descendant_quality,lift,S_WD_000,6.9646638477940925,570353,0.000769418649984246
primary,2025-10,future_child_like_quality_median_3m,descendant_quality,lift,S_WD_025,7.033804626407551,570353,0.000769418649984246
primary,2025-10,future_child_like_quality_median_3m,descendant_quality,lift,S_WD_075,6.435180783974961,570353,0.000769418649984246
primary,2025-10,future_child_like_quality_median_3m,descendant_quality,lift,S_WD_100,6.331172723488115,570353,0.000769418649984246
primary,2025-10,future_child_owner_breadth_3m,adoption_breadth,lift,S_C3_Q10,4.416494593652506,570353,0.004958332821954123
primary,2025-10,future_child_owner_breadth_3m,adoption_breadth,lift,AllTime DerivCount,4.045212021728156,570353,0.004958332821954123
primary,2025-10,future_child_owner_breadth_3m,adoption_breadth,lift,Current DerivCount,2.07918240277636,570353,0.004958332821954123
primary,2025-10,future_child_owner_breadth_3m,adoption_breadth,lift,Vanilla PageRank,4.045212021728156,570353,0.004958332821954123
primary,2025-10,future_child_owner_breadth_3m,adoption_breadth,lift,Downloads,2.5141134156020275,570353,0.004958332821954123
primary,2025-10,future_child_owner_breadth_3m,adoption_breadth,lift,Likes,4.077036242178815,570353,0.004958332821954123
primary,2025-10,future_child_owner_breadth_3m,adoption_breadth,lift,MTPR_time_safe_typed,4.0169238257720155,570353,0.004958332821954123
primary,2025-10,future_child_owner_breadth_3m,adoption_breadth,lift,Simplified_MTPR_time_safe_typed,3.9037710419474516,570353,0.004958332821954123
primary,2025-10,future_child_owner_breadth_3m,adoption_breadth,lift,No-Propagation ModelRank,3.956811409365216,570353,0.004958332821954123
primary,2025-10,future_child_owner_breadth_3m,adoption_breadth,lift,EventValue_time_safe_typed,2.07918240277636,570353,0.004958332821954123
primary,2025-10,future_child_owner_breadth_3m,adoption_breadth,lift,No child quality,4.038139972739121,570353,0.004958332821954123
primary,2025-10,future_child_owner_breadth_3m,adoption_breadth,lift,No type weight,4.038139972739121,570353,0.004958332821954123
primary,2025-10,future_child_owner_breadth_3m,adoption_breadth,lift,No parent size,4.00985177678298,570353,0.004958332821954123
primary,2025-10,future_child_owner_breadth_3m,adoption_breadth,lift,No quality teleport,3.9497393603761806,570353,0.004958332821954123
primary,2025-10,future_child_owner_breadth_3m,adoption_breadth,lift,No PageRank propagation,3.9497393603761806,570353,0.004958332821954123
primary,2025-10,future_child_owner_breadth_3m,adoption_breadth,lift,No temporal inheritance,3.9391312868926276,570353,0.004958332821954123
primary,2025-10,future_child_owner_breadth_3m,adoption_breadth,lift,No event injection,4.00985177678298,570353,0.004958332821954123
primary,2025-10,future_child_owner_breadth_3m,adoption_breadth,lift,S_D_000,3.956811409365216,570353,0.004958332821954123
primary,2025-10,future_child_owner_breadth_3m,adoption_breadth,lift,S_D_025,4.423566642641542,570353,0.004958332821954123
primary,2025-10,future_child_owner_breadth_3m,adoption_breadth,lift,S_D_050,4.423566642641542,570353,0.004958332821954123
primary,2025-10,future_child_owner_breadth_3m,adoption_breadth,lift,S_D_065,4.437710740619612,570353,0.004958332821954123
primary,2025-10,future_child_owner_breadth_3m,adoption_breadth,lift,S_D_075,4.412958569157989,570353,0.004958332821954123
primary,2025-10,future_child_owner_breadth_3m,adoption_breadth,lift,S_D_090,4.398814471179919,570353,0.004958332821954123
primary,2025-10,future_child_owner_breadth_3m,adoption_breadth,lift,S_D_095,4.388206397696366,570353,0.004958332821954123
primary,2025-10,future_child_owner_breadth_3m,adoption_breadth,lift,S_D_099,4.398814471179919,570353,0.004958332821954123
primary,2025-10,future_child_owner_breadth_3m,adoption_breadth,lift,S_MEM_01,3.956811409365216,570353,0.004958332821954123
primary,2025-10,future_child_owner_breadth_3m,adoption_breadth,lift,S_MEM_03,4.108860462629473,570353,0.004958332821954123
primary,2025-10,future_child_owner_breadth_3m,adoption_breadth,lift,S_MEM_06,4.225549270948555,570353,0.004958332821954123
primary,2025-10,future_child_owner_breadth_3m,adoption_breadth,lift,S_MEM_12,4.388206397696366,570353,0.004958332821954123
primary,2025-10,future_child_owner_breadth_3m,adoption_breadth,lift,S_Q_000,2.400960631777463,570353,0.004958332821954123
primary,2025-10,future_child_owner_breadth_3m,adoption_breadth,lift,S_Q_005,4.416494593652506,570353,0.004958332821954123
primary,2025-10,future_child_owner_breadth_3m,adoption_breadth,lift,S_Q_015,4.416494593652506,570353,0.004958332821954123
primary,2025-10,future_child_owner_breadth_3m,adoption_breadth,lift,S_Q_020,4.416494593652506,570353,0.004958332821954123
primary,2025-10,future_child_owner_breadth_3m,adoption_breadth,lift,S_Q_030,4.416494593652506,570353,0.004958332821954123
primary,2025-10,future_child_owner_breadth_3m,adoption_breadth,lift,S_Q_040,4.416494593652506,570353,0.004958332821954123
primary,2025-10,future_child_owner_breadth_3m,adoption_breadth,lift,S_Q_050,4.416494593652506,570353,0.004958332821954123
primary,2025-10,future_child_owner_breadth_3m,adoption_breadth,lift,S_Q_060,4.416494593652506,570353,0.004958332821954123
primary,2025-10,future_child_owner_breadth_3m,adoption_breadth,lift,S_Q_070,4.416494593652506,570353,0.004958332821954123
primary,2025-10,future_child_owner_breadth_3m,adoption_breadth,lift,S_Q_080,4.416494593652506,570353,0.004958332821954123
primary,2025-10,future_child_owner_breadth_3m,adoption_breadth,lift,S_Q_090,4.416494593652506,570353,0.004958332821954123
primary,2025-10,future_child_owner_breadth_3m,adoption_breadth,lift,S_Q_100,4.402350495674436,570353,0.004958332821954123
primary,2025-10,future_child_owner_breadth_3m,adoption_breadth,lift,S_WD_000,4.38113434870733,570353,0.004958332821954123
primary,2025-10,future_child_owner_breadth_3m,adoption_breadth,lift,S_WD_025,4.533183401971588,570353,0.004958332821954123
primary,2025-10,future_child_owner_breadth_3m,adoption_breadth,lift,S_WD_075,4.214941197465002,570353,0.004958332821954123
primary,2025-10,future_child_owner_breadth_3m,adoption_breadth,lift,S_WD_100,4.183116977014343,570353,0.004958332821954123
primary,2025-10,future_high_download_child_owner_breadth_3m,adoption_breadth,lift,S_C3_Q10,2.1766294374265365,570353,0.0005557961472982522
primary,2025-10,future_high_download_child_owner_breadth_3m,adoption_breadth,lift,AllTime DerivCount,1.7665398332737108,570353,0.0005557961472982522
primary,2025-10,future_high_download_child_owner_breadth_3m,adoption_breadth,lift,Current DerivCount,2.0504480207641285,570353,0.0005557961472982522
primary,2025-10,future_high_download_child_owner_breadth_3m,adoption_breadth,lift,Vanilla PageRank,1.7665398332737108,570353,0.0005557961472982522
primary,2025-10,future_high_download_child_owner_breadth_3m,adoption_breadth,lift,Downloads,1.387995583286487,570353,0.0005557961472982522
primary,2025-10,future_high_download_child_owner_breadth_3m,adoption_breadth,lift,Likes,2.1450840832609344,570353,0.0005557961472982522
primary,2025-10,future_high_download_child_owner_breadth_3m,adoption_breadth,lift,MTPR_time_safe_typed,2.1135387290953327,570353,0.0005557961472982522
primary,2025-10,future_high_download_child_owner_breadth_3m,adoption_breadth,lift,Simplified_MTPR_time_safe_typed,2.1450840832609344,570353,0.0005557961472982522
primary,2025-10,future_high_download_child_owner_breadth_3m,adoption_breadth,lift,No-Propagation ModelRank,2.2397201457577403,570353,0.0005557961472982522
primary,2025-10,future_high_download_child_owner_breadth_3m,adoption_breadth,lift,EventValue_time_safe_typed,2.0504480207641285,570353,0.0005557961472982522
primary,2025-10,future_high_download_child_owner_breadth_3m,adoption_breadth,lift,No child quality,2.1450840832609344,570353,0.0005557961472982522
primary,2025-10,future_high_download_child_owner_breadth_3m,adoption_breadth,lift,No type weight,2.1450840832609344,570353,0.0005557961472982522
primary,2025-10,future_high_download_child_owner_breadth_3m,adoption_breadth,lift,No parent size,2.1135387290953327,570353,0.0005557961472982522
primary,2025-10,future_high_download_child_owner_breadth_3m,adoption_breadth,lift,No quality teleport,1.9558119582673226,570353,0.0005557961472982522
primary,2025-10,future_high_download_child_owner_breadth_3m,adoption_breadth,lift,No PageRank propagation,2.0819933749297306,570353,0.0005557961472982522
primary,2025-10,future_high_download_child_owner_breadth_3m,adoption_breadth,lift,No temporal inheritance,2.1766294374265365,570353,0.0005557961472982522
primary,2025-10,future_high_download_child_owner_breadth_3m,adoption_breadth,lift,No event injection,2.1135387290953327,570353,0.0005557961472982522
primary,2025-10,future_high_download_child_owner_breadth_3m,adoption_breadth,lift,S_D_000,2.2397201457577403,570353,0.0005557961472982522
primary,2025-10,future_high_download_child_owner_breadth_3m,adoption_breadth,lift,S_D_025,2.2712654999233424,570353,0.0005557961472982522
primary,2025-10,future_high_download_child_owner_breadth_3m,adoption_breadth,lift,S_D_050,2.2712654999233424,570353,0.0005557961472982522
primary,2025-10,future_high_download_child_owner_breadth_3m,adoption_breadth,lift,S_D_065,2.2712654999233424,570353,0.0005557961472982522
primary,2025-10,future_high_download_child_owner_breadth_3m,adoption_breadth,lift,S_D_075,2.2081747915921386,570353,0.0005557961472982522
primary,2025-10,future_high_download_child_owner_breadth_3m,adoption_breadth,lift,S_D_090,2.1766294374265365,570353,0.0005557961472982522
primary,2025-10,future_high_download_child_owner_breadth_3m,adoption_breadth,lift,S_D_095,2.1766294374265365,570353,0.0005557961472982522
primary,2025-10,future_high_download_child_owner_breadth_3m,adoption_breadth,lift,S_D_099,2.1766294374265365,570353,0.0005557961472982522
primary,2025-10,future_high_download_child_owner_breadth_3m,adoption_breadth,lift,S_MEM_01,2.2397201457577403,570353,0.0005557961472982522
primary,2025-10,future_high_download_child_owner_breadth_3m,adoption_breadth,lift,S_MEM_03,2.2397201457577403,570353,0.0005557961472982522
primary,2025-10,future_high_download_child_owner_breadth_3m,adoption_breadth,lift,S_MEM_06,2.3028108540889445,570353,0.0005557961472982522
primary,2025-10,future_high_download_child_owner_breadth_3m,adoption_breadth,lift,S_MEM_12,2.1450840832609344,570353,0.0005557961472982522
primary,2025-10,future_high_download_child_owner_breadth_3m,adoption_breadth,lift,S_Q_000,2.2397201457577403,570353,0.0005557961472982522
primary,2025-10,future_high_download_child_owner_breadth_3m,adoption_breadth,lift,S_Q_005,2.1766294374265365,570353,0.0005557961472982522
primary,2025-10,future_high_download_child_owner_breadth_3m,adoption_breadth,lift,S_Q_015,2.1766294374265365,570353,0.0005557961472982522
primary,2025-10,future_high_download_child_owner_breadth_3m,adoption_breadth,lift,S_Q_020,2.1766294374265365,570353,0.0005557961472982522
primary,2025-10,future_high_download_child_owner_breadth_3m,adoption_breadth,lift,S_Q_030,2.1766294374265365,570353,0.0005557961472982522
primary,2025-10,future_high_download_child_owner_breadth_3m,adoption_breadth,lift,S_Q_040,2.1766294374265365,570353,0.0005557961472982522
primary,2025-10,future_high_download_child_owner_breadth_3m,adoption_breadth,lift,S_Q_050,2.1766294374265365,570353,0.0005557961472982522
primary,2025-10,future_high_download_child_owner_breadth_3m,adoption_breadth,lift,S_Q_060,2.1766294374265365,570353,0.0005557961472982522
primary,2025-10,future_high_download_child_owner_breadth_3m,adoption_breadth,lift,S_Q_070,2.1766294374265365,570353,0.0005557961472982522
primary,2025-10,future_high_download_child_owner_breadth_3m,adoption_breadth,lift,S_Q_080,2.1766294374265365,570353,0.0005557961472982522
primary,2025-10,future_high_download_child_owner_breadth_3m,adoption_breadth,lift,S_Q_090,2.1766294374265365,570353,0.0005557961472982522
primary,2025-10,future_high_download_child_owner_breadth_3m,adoption_breadth,lift,S_Q_100,2.1450840832609344,570353,0.0005557961472982522
primary,2025-10,future_high_download_child_owner_breadth_3m,adoption_breadth,lift,S_WD_000,2.3028108540889445,570353,0.0005557961472982522
primary,2025-10,future_high_download_child_owner_breadth_3m,adoption_breadth,lift,S_WD_025,2.3343562082545466,570353,0.0005557961472982522
primary,2025-10,future_high_download_child_owner_breadth_3m,adoption_breadth,lift,S_WD_075,2.1135387290953327,570353,0.0005557961472982522
primary,2025-10,future_high_download_child_owner_breadth_3m,adoption_breadth,lift,S_WD_100,2.0504480207641285,570353,0.0005557961472982522
primary,2025-10,future_high_like_child_owner_breadth_3m,adoption_breadth,lift,S_C3_Q10,5.604160826818659,570353,0.0011606846987742678
primary,2025-10,future_high_like_child_owner_breadth_3m,adoption_breadth,lift,AllTime DerivCount,5.3322608406118235,570353,0.0011606846987742678
primary,2025-10,future_high_like_child_owner_breadth_3m,adoption_breadth,lift,Current DerivCount,3.0664276222215303,570353,0.0011606846987742678
primary,2025-10,future_high_like_child_owner_breadth_3m,adoption_breadth,lift,Vanilla PageRank,5.3322608406118235,570353,0.0011606846987742678
primary,2025-10,future_high_like_child_owner_breadth_3m,adoption_breadth,lift,Downloads,2.809633190803964,570353,0.0011606846987742678
primary,2025-10,future_high_like_child_owner_breadth_3m,adoption_breadth,lift,Likes,5.392683059768898,570353,0.0011606846987742678
primary,2025-10,future_high_like_child_owner_breadth_3m,adoption_breadth,lift,MTPR_time_safe_typed,4.788460868198153,570353,0.0011606846987742678
primary,2025-10,future_high_like_child_owner_breadth_3m,adoption_breadth,lift,Simplified_MTPR_time_safe_typed,4.667616429884004,570353,0.0011606846987742678
primary,2025-10,future_high_like_child_owner_breadth_3m,adoption_breadth,lift,No-Propagation ModelRank,4.788460868198153,570353,0.0011606846987742678
primary,2025-10,future_high_like_child_owner_breadth_3m,adoption_breadth,lift,EventValue_time_safe_typed,3.0664276222215303,570353,0.0011606846987742678
primary,2025-10,future_high_like_child_owner_breadth_3m,adoption_breadth,lift,No child quality,4.81867197777669,570353,0.0011606846987742678
primary,2025-10,future_high_like_child_owner_breadth_3m,adoption_breadth,lift,No type weight,4.81867197777669,570353,0.0011606846987742678
primary,2025-10,future_high_like_child_owner_breadth_3m,adoption_breadth,lift,No parent size,4.788460868198153,570353,0.0011606846987742678
primary,2025-10,future_high_like_child_owner_breadth_3m,adoption_breadth,lift,No quality teleport,5.256733066665481,570353,0.0011606846987742678
primary,2025-10,future_high_like_child_owner_breadth_3m,adoption_breadth,lift,No PageRank propagation,4.71293309425181,570353,0.0011606846987742678
primary,2025-10,future_high_like_child_owner_breadth_3m,adoption_breadth,lift,No temporal inheritance,4.728038649041078,570353,0.0011606846987742678
primary,2025-10,future_high_like_child_owner_breadth_3m,adoption_breadth,lift,No event injection,4.788460868198153,570353,0.0011606846987742678
primary,2025-10,future_high_like_child_owner_breadth_3m,adoption_breadth,lift,S_D_000,4.788460868198153,570353,0.0011606846987742678
primary,2025-10,future_high_like_child_owner_breadth_3m,adoption_breadth,lift,S_D_025,5.58905527202939,570353,0.0011606846987742678
primary,2025-10,future_high_like_child_owner_breadth_3m,adoption_breadth,lift,S_D_050,5.604160826818659,570353,0.0011606846987742678
primary,2025-10,future_high_like_child_owner_breadth_3m,adoption_breadth,lift,S_D_065,5.619266381607928,570353,0.0011606846987742678
primary,2025-10,future_high_like_child_owner_breadth_3m,adoption_breadth,lift,S_D_075,5.634371936397196,570353,0.0011606846987742678
primary,2025-10,future_high_like_child_owner_breadth_3m,adoption_breadth,lift,S_D_090,5.604160826818659,570353,0.0011606846987742678
primary,2025-10,future_high_like_child_owner_breadth_3m,adoption_breadth,lift,S_D_095,5.619266381607928,570353,0.0011606846987742678
primary,2025-10,future_high_like_child_owner_breadth_3m,adoption_breadth,lift,S_D_099,5.619266381607928,570353,0.0011606846987742678
primary,2025-10,future_high_like_child_owner_breadth_3m,adoption_breadth,lift,S_MEM_01,4.788460868198153,570353,0.0011606846987742678
primary,2025-10,future_high_like_child_owner_breadth_3m,adoption_breadth,lift,S_MEM_03,4.969727525669377,570353,0.0011606846987742678
primary,2025-10,future_high_like_child_owner_breadth_3m,adoption_breadth,lift,S_MEM_06,5.196310847508406,570353,0.0011606846987742678
primary,2025-10,future_high_like_child_owner_breadth_3m,adoption_breadth,lift,S_MEM_12,5.468210833715242,570353,0.0011606846987742678
primary,2025-10,future_high_like_child_owner_breadth_3m,adoption_breadth,lift,S_Q_000,3.776388697317156,570353,0.0011606846987742678
primary,2025-10,future_high_like_child_owner_breadth_3m,adoption_breadth,lift,S_Q_005,5.604160826818659,570353,0.0011606846987742678
primary,2025-10,future_high_like_child_owner_breadth_3m,adoption_breadth,lift,S_Q_015,5.604160826818659,570353,0.0011606846987742678
primary,2025-10,future_high_like_child_owner_breadth_3m,adoption_breadth,lift,S_Q_020,5.604160826818659,570353,0.0011606846987742678
primary,2025-10,future_high_like_child_owner_breadth_3m,adoption_breadth,lift,S_Q_030,5.604160826818659,570353,0.0011606846987742678
primary,2025-10,future_high_like_child_owner_breadth_3m,adoption_breadth,lift,S_Q_040,5.604160826818659,570353,0.0011606846987742678
primary,2025-10,future_high_like_child_owner_breadth_3m,adoption_breadth,lift,S_Q_050,5.604160826818659,570353,0.0011606846987742678
primary,2025-10,future_high_like_child_owner_breadth_3m,adoption_breadth,lift,S_Q_060,5.604160826818659,570353,0.0011606846987742678
primary,2025-10,future_high_like_child_owner_breadth_3m,adoption_breadth,lift,S_Q_070,5.604160826818659,570353,0.0011606846987742678
primary,2025-10,future_high_like_child_owner_breadth_3m,adoption_breadth,lift,S_Q_080,5.604160826818659,570353,0.0011606846987742678
primary,2025-10,future_high_like_child_owner_breadth_3m,adoption_breadth,lift,S_Q_090,5.604160826818659,570353,0.0011606846987742678
primary,2025-10,future_high_like_child_owner_breadth_3m,adoption_breadth,lift,S_Q_100,5.558844162450853,570353,0.0011606846987742678
primary,2025-10,future_high_like_child_owner_breadth_3m,adoption_breadth,lift,S_WD_000,5.7401108199220765,570353,0.0011606846987742678
primary,2025-10,future_high_like_child_owner_breadth_3m,adoption_breadth,lift,S_WD_025,5.845849703446957,570353,0.0011606846987742678
primary,2025-10,future_high_like_child_owner_breadth_3m,adoption_breadth,lift,S_WD_075,5.437999724136704,570353,0.0011606846987742678
primary,2025-10,future_high_like_child_owner_breadth_3m,adoption_breadth,lift,S_WD_100,5.392683059768898,570353,0.0011606846987742678
primary,2025-10,future_cross_owner_reuse_share_3m,adoption_breadth,lift,S_C3_Q10,5.621652669868614,570353,0.0026839671459084414
primary,2025-10,future_cross_owner_reuse_share_3m,adoption_breadth,lift,AllTime DerivCount,4.958249670728366,570353,0.0026839671459084414
primary,2025-10,future_cross_owner_reuse_share_3m,adoption_breadth,lift,Current DerivCount,2.023122281145039,570353,0.0026839671459084414
primary,2025-10,future_cross_owner_reuse_share_3m,adoption_breadth,lift,Vanilla PageRank,4.958249670728366,570353,0.0026839671459084414
primary,2025-10,future_cross_owner_reuse_share_3m,adoption_breadth,lift,Downloads,3.1063101167826885,570353,0.0026839671459084414
primary,2025-10,future_cross_owner_reuse_share_3m,adoption_breadth,lift,Likes,5.2947035317049655,570353,0.0026839671459084414
primary,2025-10,future_cross_owner_reuse_share_3m,adoption_breadth,lift,MTPR_time_safe_typed,5.02067052185097,570353,0.0026839671459084414
primary,2025-10,future_cross_owner_reuse_share_3m,adoption_breadth,lift,Simplified_MTPR_time_safe_typed,4.8246980822799985,570353,0.0026839671459084414
primary,2025-10,future_cross_owner_reuse_share_3m,adoption_breadth,lift,No-Propagation ModelRank,4.903087058108388,570353,0.0026839671459084414
primary,2025-10,future_cross_owner_reuse_share_3m,adoption_breadth,lift,EventValue_time_safe_typed,2.023122281145039,570353,0.0026839671459084414
primary,2025-10,future_cross_owner_reuse_share_3m,adoption_breadth,lift,No child quality,5.053332595112797,570353,0.0026839671459084414
primary,2025-10,future_cross_owner_reuse_share_3m,adoption_breadth,lift,No type weight,5.053332595112797,570353,0.0026839671459084414
primary,2025-10,future_cross_owner_reuse_share_3m,adoption_breadth,lift,No parent size,5.007605692546239,570353,0.0026839671459084414
primary,2025-10,future_cross_owner_reuse_share_3m,adoption_breadth,lift,No quality teleport,4.755682603032149,570353,0.0026839671459084414
primary,2025-10,future_cross_owner_reuse_share_3m,adoption_breadth,lift,No PageRank propagation,4.903087058108388,570353,0.0026839671459084414
primary,2025-10,future_cross_owner_reuse_share_3m,adoption_breadth,lift,No temporal inheritance,4.890022228803655,570353,0.0026839671459084414
primary,2025-10,future_cross_owner_reuse_share_3m,adoption_breadth,lift,No event injection,5.007605692546239,570353,0.0026839671459084414
primary,2025-10,future_cross_owner_reuse_share_3m,adoption_breadth,lift,S_D_000,4.903087058108388,570353,0.0026839671459084414
primary,2025-10,future_cross_owner_reuse_share_3m,adoption_breadth,lift,S_D_025,5.641249913825711,570353,0.0026839671459084414
primary,2025-10,future_cross_owner_reuse_share_3m,adoption_breadth,lift,S_D_050,5.657580950456626,570353,0.0026839671459084414
primary,2025-10,future_cross_owner_reuse_share_3m,adoption_breadth,lift,S_D_065,5.664113365108991,570353,0.0026839671459084414
primary,2025-10,future_cross_owner_reuse_share_3m,adoption_breadth,lift,S_D_075,5.631451291847163,570353,0.0026839671459084414
primary,2025-10,future_cross_owner_reuse_share_3m,adoption_breadth,lift,S_D_090,5.60216251467631,570353,0.0026839671459084414
primary,2025-10,future_cross_owner_reuse_share_3m,adoption_breadth,lift,S_D_095,5.592363892697762,570353,0.0026839671459084414
primary,2025-10,future_cross_owner_reuse_share_3m,adoption_breadth,lift,S_D_099,5.605428722002493,570353,0.0026839671459084414
primary,2025-10,future_cross_owner_reuse_share_3m,adoption_breadth,lift,S_MEM_01,4.903087058108388,570353,0.0026839671459084414
primary,2025-10,future_cross_owner_reuse_share_3m,adoption_breadth,lift,S_MEM_03,5.125189156288822,570353,0.0026839671459084414
primary,2025-10,future_cross_owner_reuse_share_3m,adoption_breadth,lift,S_MEM_06,5.301564351902695,570353,0.0026839671459084414
primary,2025-10,future_cross_owner_reuse_share_3m,adoption_breadth,lift,S_MEM_12,5.5497961086925915,570353,0.0026839671459084414
primary,2025-10,future_cross_owner_reuse_share_3m,adoption_breadth,lift,S_Q_000,2.412889688736193,570353,0.0026839671459084414
primary,2025-10,future_cross_owner_reuse_share_3m,adoption_breadth,lift,S_Q_005,5.621652669868614,570353,0.0026839671459084414
primary,2025-10,future_cross_owner_reuse_share_3m,adoption_breadth,lift,S_Q_015,5.621652669868614,570353,0.0026839671459084414
primary,2025-10,future_cross_owner_reuse_share_3m,adoption_breadth,lift,S_Q_020,5.621652669868614,570353,0.0026839671459084414
primary,2025-10,future_cross_owner_reuse_share_3m,adoption_breadth,lift,S_Q_030,5.621652669868615,570353,0.0026839671459084414
primary,2025-10,future_cross_owner_reuse_share_3m,adoption_breadth,lift,S_Q_040,5.621652669868615,570353,0.0026839671459084414
primary,2025-10,future_cross_owner_reuse_share_3m,adoption_breadth,lift,S_Q_050,5.621652669868614,570353,0.0026839671459084414
primary,2025-10,future_cross_owner_reuse_share_3m,adoption_breadth,lift,S_Q_060,5.621652669868614,570353,0.0026839671459084414
primary,2025-10,future_cross_owner_reuse_share_3m,adoption_breadth,lift,S_Q_070,5.621652669868614,570353,0.0026839671459084414
primary,2025-10,future_cross_owner_reuse_share_3m,adoption_breadth,lift,S_Q_080,5.621652669868614,570353,0.0026839671459084414
primary,2025-10,future_cross_owner_reuse_share_3m,adoption_breadth,lift,S_Q_090,5.621652669868614,570353,0.0026839671459084414
primary,2025-10,future_cross_owner_reuse_share_3m,adoption_breadth,lift,S_Q_100,5.602055425911517,570353,0.0026839671459084414
primary,2025-10,future_cross_owner_reuse_share_3m,adoption_breadth,lift,S_WD_000,5.677285283178516,570353,0.0026839671459084414
primary,2025-10,future_cross_owner_reuse_share_3m,adoption_breadth,lift,S_WD_025,5.853660478792389,570353,0.0026839671459084414
primary,2025-10,future_cross_owner_reuse_share_3m,adoption_breadth,lift,S_WD_075,5.268902278640867,570353,0.0026839671459084414
primary,2025-10,future_cross_owner_reuse_share_3m,adoption_breadth,lift,S_WD_100,5.210110546769576,570353,0.0026839671459084414
primary,2025-11,future_direct_children_3m,quantity,lift,S_C3_Q10,5.047482435968662,586797,0.008788388488693705
primary,2025-11,future_direct_children_3m,quantity,lift,AllTime DerivCount,4.764373547896659,586797,0.008788388488693705
primary,2025-11,future_direct_children_3m,quantity,lift,Current DerivCount,2.7108645583880864,586797,0.008788388488693705
primary,2025-11,future_direct_children_3m,quantity,lift,Vanilla PageRank,4.764373547896659,586797,0.008788388488693705
primary,2025-11,future_direct_children_3m,quantity,lift,Downloads,3.5020181634112193,586797,0.008788388488693705
primary,2025-11,future_direct_children_3m,quantity,lift,Likes,4.200094873725748,586797,0.008788388488693705
primary,2025-11,future_direct_children_3m,quantity,lift,MTPR_time_safe_typed,4.73528701830022,586797,0.008788388488693705
primary,2025-11,future_direct_children_3m,quantity,lift,Simplified_MTPR_time_safe_typed,4.572402452560163,586797,0.008788388488693705
primary,2025-11,future_direct_children_3m,quantity,lift,No-Propagation ModelRank,4.58791526834493,586797,0.008788388488693705
primary,2025-11,future_direct_children_3m,quantity,lift,EventValue_time_safe_typed,2.7108645583880864,586797,0.008788388488693705
primary,2025-11,future_direct_children_3m,quantity,lift,No child quality,4.754678038031179,586797,0.008788388488693705
primary,2025-11,future_direct_children_3m,quantity,lift,No type weight,4.746921630138796,586797,0.008788388488693705
primary,2025-11,future_direct_children_3m,quantity,lift,No parent size,4.694565876865205,586797,0.008788388488693705
primary,2025-11,future_direct_children_3m,quantity,lift,No quality teleport,4.603428084129697,586797,0.008788388488693705
primary,2025-11,future_direct_children_3m,quantity,lift,No PageRank propagation,4.622819103860657,586797,0.008788388488693705
primary,2025-11,future_direct_children_3m,quantity,lift,No temporal inheritance,4.584037064398738,586797,0.008788388488693705
primary,2025-11,future_direct_children_3m,quantity,lift,No event injection,4.6906876729190135,586797,0.008788388488693705
primary,2025-11,future_direct_children_3m,quantity,lift,S_D_000,4.58791526834493,586797,0.008788388488693705
primary,2025-11,future_direct_children_3m,quantity,lift,S_D_025,5.094020883322964,586797,0.008788388488693705
primary,2025-11,future_direct_children_3m,quantity,lift,S_D_050,5.090142679376772,586797,0.008788388488693705
primary,2025-11,future_direct_children_3m,quantity,lift,S_D_065,5.06687345569962,586797,0.008788388488693705
primary,2025-11,future_direct_children_3m,quantity,lift,S_D_075,5.05329974188795,586797,0.008788388488693705
primary,2025-11,future_direct_children_3m,quantity,lift,S_D_090,5.041665130049374,586797,0.008788388488693705
primary,2025-11,future_direct_children_3m,quantity,lift,S_D_095,5.0494215379417575,586797,0.008788388488693705
primary,2025-11,future_direct_children_3m,quantity,lift,S_D_099,5.0494215379417575,586797,0.008788388488693705
primary,2025-11,future_direct_children_3m,quantity,lift,S_MEM_01,4.58791526834493,586797,0.008788388488693705
primary,2025-11,future_direct_children_3m,quantity,lift,S_MEM_03,4.884597870228606,586797,0.008788388488693705
primary,2025-11,future_direct_children_3m,quantity,lift,S_MEM_06,5.035847824130086,586797,0.008788388488693705
primary,2025-11,future_direct_children_3m,quantity,lift,S_MEM_12,5.090142679376772,586797,0.008788388488693705
primary,2025-11,future_direct_children_3m,quantity,lift,S_Q_000,2.953252305025076,586797,0.008788388488693705
primary,2025-11,future_direct_children_3m,quantity,lift,S_Q_005,5.047482435968662,586797,0.008788388488693705
primary,2025-11,future_direct_children_3m,quantity,lift,S_Q_015,5.047482435968662,586797,0.008788388488693705
primary,2025-11,future_direct_children_3m,quantity,lift,S_Q_020,5.047482435968662,586797,0.008788388488693705
primary,2025-11,future_direct_children_3m,quantity,lift,S_Q_030,5.047482435968662,586797,0.008788388488693705
primary,2025-11,future_direct_children_3m,quantity,lift,S_Q_040,5.047482435968662,586797,0.008788388488693705
primary,2025-11,future_direct_children_3m,quantity,lift,S_Q_050,5.047482435968662,586797,0.008788388488693705
primary,2025-11,future_direct_children_3m,quantity,lift,S_Q_060,5.047482435968662,586797,0.008788388488693705
primary,2025-11,future_direct_children_3m,quantity,lift,S_Q_070,5.047482435968662,586797,0.008788388488693705
primary,2025-11,future_direct_children_3m,quantity,lift,S_Q_080,5.047482435968662,586797,0.008788388488693705
primary,2025-11,future_direct_children_3m,quantity,lift,S_Q_090,5.047482435968662,586797,0.008788388488693705
primary,2025-11,future_direct_children_3m,quantity,lift,S_Q_100,5.031969620183895,586797,0.008788388488693705
primary,2025-11,future_direct_children_3m,quantity,lift,S_WD_000,4.727530610407836,586797,0.008788388488693705
primary,2025-11,future_direct_children_3m,quantity,lift,S_WD_025,5.284052876686363,586797,0.008788388488693705
primary,2025-11,future_direct_children_3m,quantity,lift,S_WD_075,4.931136317582907,586797,0.008788388488693705
primary,2025-11,future_direct_children_3m,quantity,lift,S_WD_100,4.82060750511644,586797,0.008788388488693705
primary,2025-11,future_active_parent_months_3m,quantity,lift,S_C3_Q10,5.495722611330287,586797,0.0042109963070704175
primary,2025-11,future_active_parent_months_3m,quantity,lift,AllTime DerivCount,5.131499463303979,586797,0.0042109963070704175
primary,2025-11,future_active_parent_months_3m,quantity,lift,Current DerivCount,2.4969520259136866,586797,0.0042109963070704175
primary,2025-11,future_active_parent_months_3m,quantity,lift,Vanilla PageRank,5.131499463303979,586797,0.0042109963070704175
primary,2025-11,future_active_parent_months_3m,quantity,lift,Downloads,3.711029186001379,586797,0.0042109963070704175
primary,2025-11,future_active_parent_months_3m,quantity,lift,Likes,5.103170996235266,586797,0.0042109963070704175
primary,2025-11,future_active_parent_months_3m,quantity,lift,MTPR_time_safe_typed,5.107217920102225,586797,0.0042109963070704175
primary,2025-11,future_active_parent_months_3m,quantity,lift,Simplified_MTPR_time_safe_typed,4.953434813157784,586797,0.0042109963070704175
primary,2025-11,future_active_parent_months_3m,quantity,lift,No-Propagation ModelRank,4.9777163563595375,586797,0.0042109963070704175
primary,2025-11,future_active_parent_months_3m,quantity,lift,EventValue_time_safe_typed,2.4969520259136866,586797,0.0042109963070704175
primary,2025-11,future_active_parent_months_3m,quantity,lift,No child quality,5.143640234904855,586797,0.0042109963070704175
primary,2025-11,future_active_parent_months_3m,quantity,lift,No type weight,5.131499463303979,586797,0.0042109963070704175
primary,2025-11,future_active_parent_months_3m,quantity,lift,No parent size,5.066748681432635,586797,0.0042109963070704175
primary,2025-11,future_active_parent_months_3m,quantity,lift,No quality teleport,4.96962250862562,586797,0.0042109963070704175
primary,2025-11,future_active_parent_months_3m,quantity,lift,No PageRank propagation,4.9898571279604145,586797,0.0042109963070704175
primary,2025-11,future_active_parent_months_3m,quantity,lift,No temporal inheritance,4.96962250862562,586797,0.0042109963070704175
primary,2025-11,future_active_parent_months_3m,quantity,lift,No event injection,5.058654833698717,586797,0.0042109963070704175
primary,2025-11,future_active_parent_months_3m,quantity,lift,S_D_000,4.9777163563595375,586797,0.0042109963070704175
primary,2025-11,future_active_parent_months_3m,quantity,lift,S_D_025,5.511910306798122,586797,0.0042109963070704175
primary,2025-11,future_active_parent_months_3m,quantity,lift,S_D_050,5.528098002265958,586797,0.0042109963070704175
primary,2025-11,future_active_parent_months_3m,quantity,lift,S_D_065,5.503816459064205,586797,0.0042109963070704175
primary,2025-11,future_active_parent_months_3m,quantity,lift,S_D_075,5.48358183972941,586797,0.0042109963070704175
primary,2025-11,future_active_parent_months_3m,quantity,lift,S_D_090,5.487628763596369,586797,0.0042109963070704175
primary,2025-11,future_active_parent_months_3m,quantity,lift,S_D_095,5.499769535197246,586797,0.0042109963070704175
primary,2025-11,future_active_parent_months_3m,quantity,lift,S_D_099,5.499769535197246,586797,0.0042109963070704175
primary,2025-11,future_active_parent_months_3m,quantity,lift,S_MEM_01,4.9777163563595375,586797,0.0042109963070704175
primary,2025-11,future_active_parent_months_3m,quantity,lift,S_MEM_03,5.32575180891801,586797,0.0042109963070704175
primary,2025-11,future_active_parent_months_3m,quantity,lift,S_MEM_06,5.491675687463328,586797,0.0042109963070704175
primary,2025-11,future_active_parent_months_3m,quantity,lift,S_MEM_12,5.520004154532041,586797,0.0042109963070704175
primary,2025-11,future_active_parent_months_3m,quantity,lift,S_Q_000,2.796424392068651,586797,0.0042109963070704175
primary,2025-11,future_active_parent_months_3m,quantity,lift,S_Q_005,5.495722611330287,586797,0.0042109963070704175
primary,2025-11,future_active_parent_months_3m,quantity,lift,S_Q_015,5.495722611330287,586797,0.0042109963070704175
primary,2025-11,future_active_parent_months_3m,quantity,lift,S_Q_020,5.495722611330287,586797,0.0042109963070704175
primary,2025-11,future_active_parent_months_3m,quantity,lift,S_Q_030,5.495722611330287,586797,0.0042109963070704175
primary,2025-11,future_active_parent_months_3m,quantity,lift,S_Q_040,5.495722611330287,586797,0.0042109963070704175
primary,2025-11,future_active_parent_months_3m,quantity,lift,S_Q_050,5.495722611330287,586797,0.0042109963070704175
primary,2025-11,future_active_parent_months_3m,quantity,lift,S_Q_060,5.495722611330287,586797,0.0042109963070704175
primary,2025-11,future_active_parent_months_3m,quantity,lift,S_Q_070,5.495722611330287,586797,0.0042109963070704175
primary,2025-11,future_active_parent_months_3m,quantity,lift,S_Q_080,5.495722611330287,586797,0.0042109963070704175
primary,2025-11,future_active_parent_months_3m,quantity,lift,S_Q_090,5.495722611330287,586797,0.0042109963070704175
primary,2025-11,future_active_parent_months_3m,quantity,lift,S_Q_100,5.463347220394614,586797,0.0042109963070704175
primary,2025-11,future_active_parent_months_3m,quantity,lift,S_WD_000,5.511910306798122,586797,0.0042109963070704175
primary,2025-11,future_active_parent_months_3m,quantity,lift,S_WD_025,5.8558988354896355,586797,0.0042109963070704175
primary,2025-11,future_active_parent_months_3m,quantity,lift,S_WD_075,5.289329494115379,586797,0.0042109963070704175
primary,2025-11,future_active_parent_months_3m,quantity,lift,S_WD_100,5.171968701973569,586797,0.0042109963070704175
primary,2025-11,future_active_parent_binary_3m,quantity,auc,S_C3_Q10,0.7000574504538962,586797,0.0036690712461038485
primary,2025-11,future_active_parent_binary_3m,quantity,auc,AllTime DerivCount,0.7103020748712568,586797,0.0036690712461038485
primary,2025-11,future_active_parent_binary_3m,quantity,auc,Current DerivCount,0.54298606034887,586797,0.0036690712461038485
primary,2025-11,future_active_parent_binary_3m,quantity,auc,Vanilla PageRank,0.7095676411691829,586797,0.0036690712461038485
primary,2025-11,future_active_parent_binary_3m,quantity,auc,Downloads,0.6062501282831946,586797,0.0036690712461038485
primary,2025-11,future_active_parent_binary_3m,quantity,auc,Likes,0.7103961909223575,586797,0.0036690712461038485
primary,2025-11,future_active_parent_binary_3m,quantity,auc,MTPR_time_safe_typed,0.6821377924577589,586797,0.0036690712461038485
primary,2025-11,future_active_parent_binary_3m,quantity,auc,Simplified_MTPR_time_safe_typed,0.6714541082309539,586797,0.0036690712461038485
primary,2025-11,future_active_parent_binary_3m,quantity,auc,No-Propagation ModelRank,0.6724309425525714,586797,0.0036690712461038485
primary,2025-11,future_active_parent_binary_3m,quantity,auc,EventValue_time_safe_typed,0.5429750250944093,586797,0.0036690712461038485
primary,2025-11,future_active_parent_binary_3m,quantity,auc,No child quality,0.6832658424569464,586797,0.0036690712461038485
primary,2025-11,future_active_parent_binary_3m,quantity,auc,No type weight,0.68315652587014,586797,0.0036690712461038485
primary,2025-11,future_active_parent_binary_3m,quantity,auc,No parent size,0.68125974751681,586797,0.0036690712461038485
primary,2025-11,future_active_parent_binary_3m,quantity,auc,No quality teleport,0.7026028551734206,586797,0.0036690712461038485
primary,2025-11,future_active_parent_binary_3m,quantity,auc,No PageRank propagation,0.6777884447887864,586797,0.0036690712461038485
primary,2025-11,future_active_parent_binary_3m,quantity,auc,No temporal inheritance,0.6723534443291357,586797,0.0036690712461038485
primary,2025-11,future_active_parent_binary_3m,quantity,auc,No event injection,0.6806216118122298,586797,0.0036690712461038485
primary,2025-11,future_active_parent_binary_3m,quantity,auc,S_D_000,0.6724358033714344,586797,0.0036690712461038485
primary,2025-11,future_active_parent_binary_3m,quantity,auc,S_D_025,0.6971844645969731,586797,0.0036690712461038485
primary,2025-11,future_active_parent_binary_3m,quantity,auc,S_D_050,0.7001876025830597,586797,0.0036690712461038485
primary,2025-11,future_active_parent_binary_3m,quantity,auc,S_D_065,0.7002783787824809,586797,0.0036690712461038485
primary,2025-11,future_active_parent_binary_3m,quantity,auc,S_D_075,0.7002481552697872,586797,0.0036690712461038485
primary,2025-11,future_active_parent_binary_3m,quantity,auc,S_D_090,0.7000361954439638,586797,0.0036690712461038485
primary,2025-11,future_active_parent_binary_3m,quantity,auc,S_D_095,0.6998603054601653,586797,0.0036690712461038485
primary,2025-11,future_active_parent_binary_3m,quantity,auc,S_D_099,0.6996393465454032,586797,0.0036690712461038485
primary,2025-11,future_active_parent_binary_3m,quantity,auc,S_MEM_01,0.6724351229282938,586797,0.0036690712461038485
primary,2025-11,future_active_parent_binary_3m,quantity,auc,S_MEM_03,0.6870136140394246,586797,0.0036690712461038485
primary,2025-11,future_active_parent_binary_3m,quantity,auc,S_MEM_06,0.6931819002264403,586797,0.0036690712461038485
primary,2025-11,future_active_parent_binary_3m,quantity,auc,S_MEM_12,0.7008842353449144,586797,0.0036690712461038485
primary,2025-11,future_active_parent_binary_3m,quantity,auc,S_Q_000,0.5578561394194295,586797,0.0036690712461038485
primary,2025-11,future_active_parent_binary_3m,quantity,auc,S_Q_005,0.7000558726838116,586797,0.0036690712461038485
primary,2025-11,future_active_parent_binary_3m,quantity,auc,S_Q_015,0.7000602572321986,586797,0.0036690712461038485
primary,2025-11,future_active_parent_binary_3m,quantity,auc,S_Q_020,0.7000611231785189,586797,0.0036690712461038485
primary,2025-11,future_active_parent_binary_3m,quantity,auc,S_Q_030,0.7000650104036062,586797,0.0036690712461038485
primary,2025-11,future_active_parent_binary_3m,quantity,auc,S_Q_040,0.7000797608855593,586797,0.0036690712461038485
primary,2025-11,future_active_parent_binary_3m,quantity,auc,S_Q_050,0.7000865093085115,586797,0.0036690712461038485
primary,2025-11,future_active_parent_binary_3m,quantity,auc,S_Q_060,0.7001046445283523,586797,0.0036690712461038485
primary,2025-11,future_active_parent_binary_3m,quantity,auc,S_Q_070,0.7001202605594027,586797,0.0036690712461038485
primary,2025-11,future_active_parent_binary_3m,quantity,auc,S_Q_080,0.7001361470993723,586797,0.0036690712461038485
primary,2025-11,future_active_parent_binary_3m,quantity,auc,S_Q_090,0.7000672876835393,586797,0.0036690712461038485
primary,2025-11,future_active_parent_binary_3m,quantity,auc,S_Q_100,0.6983187216040512,586797,0.0036690712461038485
primary,2025-11,future_active_parent_binary_3m,quantity,auc,S_WD_000,0.7324652479932187,586797,0.0036690712461038485
primary,2025-11,future_active_parent_binary_3m,quantity,auc,S_WD_025,0.7079780338368159,586797,0.0036690712461038485
primary,2025-11,future_active_parent_binary_3m,quantity,auc,S_WD_075,0.6868944729341137,586797,0.0036690712461038485
primary,2025-11,future_active_parent_binary_3m,quantity,auc,S_WD_100,0.6753867128777146,586797,0.0036690712461038485
primary,2025-11,future_child_download_quality_sum_3m,descendant_quality,lift,S_C3_Q10,4.362692031990069,586797,0.027692285436076724
primary,2025-11,future_child_download_quality_sum_3m,descendant_quality,lift,AllTime DerivCount,4.126613220114692,586797,0.027692285436076724
primary,2025-11,future_child_download_quality_sum_3m,descendant_quality,lift,Current DerivCount,2.6644631762800968,586797,0.027692285436076724
primary,2025-11,future_child_download_quality_sum_3m,descendant_quality,lift,Vanilla PageRank,4.126613220114692,586797,0.027692285436076724
primary,2025-11,future_child_download_quality_sum_3m,descendant_quality,lift,Downloads,2.9748448689633804,586797,0.027692285436076724
primary,2025-11,future_child_download_quality_sum_3m,descendant_quality,lift,Likes,3.9379570420282874,586797,0.027692285436076724
primary,2025-11,future_child_download_quality_sum_3m,descendant_quality,lift,MTPR_time_safe_typed,4.113272984110523,586797,0.027692285436076724
primary,2025-11,future_child_download_quality_sum_3m,descendant_quality,lift,Simplified_MTPR_time_safe_typed,3.98978268763212,586797,0.027692285436076724
primary,2025-11,future_child_download_quality_sum_3m,descendant_quality,lift,No-Propagation ModelRank,3.9995673112605834,586797,0.027692285436076724
primary,2025-11,future_child_download_quality_sum_3m,descendant_quality,lift,EventValue_time_safe_typed,2.6644631762800968,586797,0.027692285436076724
primary,2025-11,future_child_download_quality_sum_3m,descendant_quality,lift,No child quality,4.118761066029702,586797,0.027692285436076724
primary,2025-11,future_child_download_quality_sum_3m,descendant_quality,lift,No type weight,4.114778224945557,586797,0.027692285436076724
primary,2025-11,future_child_download_quality_sum_3m,descendant_quality,lift,No parent size,4.088871848131615,586797,0.027692285436076724
primary,2025-11,future_child_download_quality_sum_3m,descendant_quality,lift,No quality teleport,3.9819847446348438,586797,0.027692285436076724
primary,2025-11,future_child_download_quality_sum_3m,descendant_quality,lift,No PageRank propagation,3.999552180476227,586797,0.027692285436076724
primary,2025-11,future_child_download_quality_sum_3m,descendant_quality,lift,No temporal inheritance,3.99769373974749,586797,0.027692285436076724
primary,2025-11,future_child_download_quality_sum_3m,descendant_quality,lift,No event injection,4.088871848131614,586797,0.027692285436076724
primary,2025-11,future_child_download_quality_sum_3m,descendant_quality,lift,S_D_000,3.9995673112605834,586797,0.027692285436076724
primary,2025-11,future_child_download_quality_sum_3m,descendant_quality,lift,S_D_025,4.379882040286664,586797,0.027692285436076724
primary,2025-11,future_child_download_quality_sum_3m,descendant_quality,lift,S_D_050,4.394806421468317,586797,0.027692285436076724
primary,2025-11,future_child_download_quality_sum_3m,descendant_quality,lift,S_D_065,4.36772409647915,586797,0.027692285436076724
primary,2025-11,future_child_download_quality_sum_3m,descendant_quality,lift,S_D_075,4.348484974966439,586797,0.027692285436076724
primary,2025-11,future_child_download_quality_sum_3m,descendant_quality,lift,S_D_090,4.356548447337309,586797,0.027692285436076724
primary,2025-11,future_child_download_quality_sum_3m,descendant_quality,lift,S_D_095,4.360219959964332,586797,0.027692285436076724
primary,2025-11,future_child_download_quality_sum_3m,descendant_quality,lift,S_D_099,4.362276401550421,586797,0.027692285436076724
primary,2025-11,future_child_download_quality_sum_3m,descendant_quality,lift,S_MEM_01,3.9995673112605834,586797,0.027692285436076724
primary,2025-11,future_child_download_quality_sum_3m,descendant_quality,lift,S_MEM_03,4.271628572559917,586797,0.027692285436076724
primary,2025-11,future_child_download_quality_sum_3m,descendant_quality,lift,S_MEM_06,4.3908657651932925,586797,0.027692285436076724
primary,2025-11,future_child_download_quality_sum_3m,descendant_quality,lift,S_MEM_12,4.410170882022199,586797,0.027692285436076724
primary,2025-11,future_child_download_quality_sum_3m,descendant_quality,lift,S_Q_000,2.951108144901154,586797,0.027692285436076724
primary,2025-11,future_child_download_quality_sum_3m,descendant_quality,lift,S_Q_005,4.362692031990069,586797,0.027692285436076724
primary,2025-11,future_child_download_quality_sum_3m,descendant_quality,lift,S_Q_015,4.36269203199007,586797,0.027692285436076724
primary,2025-11,future_child_download_quality_sum_3m,descendant_quality,lift,S_Q_020,4.362692031990069,586797,0.027692285436076724
primary,2025-11,future_child_download_quality_sum_3m,descendant_quality,lift,S_Q_030,4.362692031990069,586797,0.027692285436076724
primary,2025-11,future_child_download_quality_sum_3m,descendant_quality,lift,S_Q_040,4.362692031990069,586797,0.027692285436076724
primary,2025-11,future_child_download_quality_sum_3m,descendant_quality,lift,S_Q_050,4.362692031990069,586797,0.027692285436076724
primary,2025-11,future_child_download_quality_sum_3m,descendant_quality,lift,S_Q_060,4.362692031990069,586797,0.027692285436076724
primary,2025-11,future_child_download_quality_sum_3m,descendant_quality,lift,S_Q_070,4.362692031990068,586797,0.027692285436076724
primary,2025-11,future_child_download_quality_sum_3m,descendant_quality,lift,S_Q_080,4.362692031990069,586797,0.027692285436076724
primary,2025-11,future_child_download_quality_sum_3m,descendant_quality,lift,S_Q_090,4.362692031990069,586797,0.027692285436076724
primary,2025-11,future_child_download_quality_sum_3m,descendant_quality,lift,S_Q_100,4.356769648914423,586797,0.027692285436076724
primary,2025-11,future_child_download_quality_sum_3m,descendant_quality,lift,S_WD_000,4.3895694430696235,586797,0.027692285436076724
primary,2025-11,future_child_download_quality_sum_3m,descendant_quality,lift,S_WD_025,4.561866724441793,586797,0.027692285436076724
primary,2025-11,future_child_download_quality_sum_3m,descendant_quality,lift,S_WD_075,4.28299838296546,586797,0.027692285436076724
primary,2025-11,future_child_download_quality_sum_3m,descendant_quality,lift,S_WD_100,4.1895993102765905,586797,0.027692285436076724
primary,2025-11,future_child_like_quality_sum_3m,descendant_quality,lift,S_C3_Q10,5.475001583872454,586797,0.0023351737471216036
primary,2025-11,future_child_like_quality_sum_3m,descendant_quality,lift,AllTime DerivCount,5.318181869511948,586797,0.0023351737471216036
primary,2025-11,future_child_like_quality_sum_3m,descendant_quality,lift,Current DerivCount,3.391901066545044,586797,0.0023351737471216036
primary,2025-11,future_child_like_quality_sum_3m,descendant_quality,lift,Vanilla PageRank,5.318181869511948,586797,0.0023351737471216036
primary,2025-11,future_child_like_quality_sum_3m,descendant_quality,lift,Downloads,3.315050687714682,586797,0.0023351737471216036
primary,2025-11,future_child_like_quality_sum_3m,descendant_quality,lift,Likes,5.219510721933278,586797,0.0023351737471216036
primary,2025-11,future_child_like_quality_sum_3m,descendant_quality,lift,MTPR_time_safe_typed,4.977672098582736,586797,0.0023351737471216036
primary,2025-11,future_child_like_quality_sum_3m,descendant_quality,lift,Simplified_MTPR_time_safe_typed,4.8078481968321025,586797,0.0023351737471216036
primary,2025-11,future_child_like_quality_sum_3m,descendant_quality,lift,No-Propagation ModelRank,4.812906631629507,586797,0.0023351737471216036
primary,2025-11,future_child_like_quality_sum_3m,descendant_quality,lift,EventValue_time_safe_typed,3.391901066545044,586797,0.0023351737471216036
primary,2025-11,future_child_like_quality_sum_3m,descendant_quality,lift,No child quality,4.977672098582735,586797,0.0023351737471216036
primary,2025-11,future_child_like_quality_sum_3m,descendant_quality,lift,No type weight,4.977672098582735,586797,0.0023351737471216036
primary,2025-11,future_child_like_quality_sum_3m,descendant_quality,lift,No parent size,4.977672098582735,586797,0.0023351737471216036
primary,2025-11,future_child_like_quality_sum_3m,descendant_quality,lift,No quality teleport,5.13681785162214,586797,0.0023351737471216036
primary,2025-11,future_child_like_quality_sum_3m,descendant_quality,lift,No PageRank propagation,4.883642297631113,586797,0.0023351737471216036
primary,2025-11,future_child_like_quality_sum_3m,descendant_quality,lift,No temporal inheritance,4.812906631629507,586797,0.0023351737471216036
primary,2025-11,future_child_like_quality_sum_3m,descendant_quality,lift,No event injection,4.964596234319106,586797,0.0023351737471216036
primary,2025-11,future_child_like_quality_sum_3m,descendant_quality,lift,S_D_000,4.812906631629507,586797,0.0023351737471216036
primary,2025-11,future_child_like_quality_sum_3m,descendant_quality,lift,S_D_025,5.387872586225117,586797,0.0023351737471216036
primary,2025-11,future_child_like_quality_sum_3m,descendant_quality,lift,S_D_050,5.410818896990576,586797,0.0023351737471216036
primary,2025-11,future_child_like_quality_sum_3m,descendant_quality,lift,S_D_065,5.449709409885438,586797,0.0023351737471216036
primary,2025-11,future_child_like_quality_sum_3m,descendant_quality,lift,S_D_075,5.469943149075052,586797,0.0023351737471216036
primary,2025-11,future_child_like_quality_sum_3m,descendant_quality,lift,S_D_090,5.475001583872453,586797,0.0023351737471216036
primary,2025-11,future_child_like_quality_sum_3m,descendant_quality,lift,S_D_095,5.480060018669857,586797,0.0023351737471216036
primary,2025-11,future_child_like_quality_sum_3m,descendant_quality,lift,S_D_099,5.480060018669857,586797,0.0023351737471216036
primary,2025-11,future_child_like_quality_sum_3m,descendant_quality,lift,S_MEM_01,4.812906631629507,586797,0.0023351737471216036
primary,2025-11,future_child_like_quality_sum_3m,descendant_quality,lift,S_MEM_03,5.136610233001366,586797,0.0023351737471216036
primary,2025-11,future_child_like_quality_sum_3m,descendant_quality,lift,S_MEM_06,5.3308259159344065,586797,0.0023351737471216036
primary,2025-11,future_child_like_quality_sum_3m,descendant_quality,lift,S_MEM_12,5.406753924688531,586797,0.0023351737471216036
primary,2025-11,future_child_like_quality_sum_3m,descendant_quality,lift,S_Q_000,4.307487056022614,586797,0.0023351737471216036
primary,2025-11,future_child_like_quality_sum_3m,descendant_quality,lift,S_Q_005,5.475001583872454,586797,0.0023351737471216036
primary,2025-11,future_child_like_quality_sum_3m,descendant_quality,lift,S_Q_015,5.475001583872455,586797,0.0023351737471216036
primary,2025-11,future_child_like_quality_sum_3m,descendant_quality,lift,S_Q_020,5.475001583872455,586797,0.0023351737471216036
primary,2025-11,future_child_like_quality_sum_3m,descendant_quality,lift,S_Q_030,5.475001583872454,586797,0.0023351737471216036
primary,2025-11,future_child_like_quality_sum_3m,descendant_quality,lift,S_Q_040,5.475001583872455,586797,0.0023351737471216036
primary,2025-11,future_child_like_quality_sum_3m,descendant_quality,lift,S_Q_050,5.475001583872454,586797,0.0023351737471216036
primary,2025-11,future_child_like_quality_sum_3m,descendant_quality,lift,S_Q_060,5.475001583872454,586797,0.0023351737471216036
primary,2025-11,future_child_like_quality_sum_3m,descendant_quality,lift,S_Q_070,5.475001583872454,586797,0.0023351737471216036
primary,2025-11,future_child_like_quality_sum_3m,descendant_quality,lift,S_Q_080,5.475001583872454,586797,0.0023351737471216036
primary,2025-11,future_child_like_quality_sum_3m,descendant_quality,lift,S_Q_090,5.475001583872455,586797,0.0023351737471216036
primary,2025-11,future_child_like_quality_sum_3m,descendant_quality,lift,S_Q_100,5.461925719608825,586797,0.0023351737471216036
primary,2025-11,future_child_like_quality_sum_3m,descendant_quality,lift,S_WD_000,5.617719464610438,586797,0.0023351737471216036
primary,2025-11,future_child_like_quality_sum_3m,descendant_quality,lift,S_WD_025,5.661783340328273,586797,0.0023351737471216036
primary,2025-11,future_child_like_quality_sum_3m,descendant_quality,lift,S_WD_075,5.3733536644322415,586797,0.0023351737471216036
primary,2025-11,future_child_like_quality_sum_3m,descendant_quality,lift,S_WD_100,5.338415608701561,586797,0.0023351737471216036
primary,2025-11,future_high_download_child_count_3m,descendant_quality,lift,S_C3_Q10,2.280362173422778,586797,0.0009117292692362094
primary,2025-11,future_high_download_child_count_3m,descendant_quality,lift,AllTime DerivCount,2.1308302276245628,586797,0.0009117292692362094
primary,2025-11,future_high_download_child_count_3m,descendant_quality,lift,Current DerivCount,2.018681268275902,586797,0.0009117292692362094
primary,2025-11,future_high_download_child_count_3m,descendant_quality,lift,Vanilla PageRank,2.1308302276245628,586797,0.0009117292692362094
primary,2025-11,future_high_download_child_count_3m,descendant_quality,lift,Downloads,1.6822343902299182,586797,0.0009117292692362094
primary,2025-11,future_high_download_child_count_3m,descendant_quality,lift,Likes,2.168213214074117,586797,0.0009117292692362094
primary,2025-11,future_high_download_child_count_3m,descendant_quality,lift,MTPR_time_safe_typed,2.2055962005236704,586797,0.0009117292692362094
primary,2025-11,future_high_download_child_count_3m,descendant_quality,lift,Simplified_MTPR_time_safe_typed,2.2242876937484475,586797,0.0009117292692362094
primary,2025-11,future_high_download_child_count_3m,descendant_quality,lift,No-Propagation ModelRank,2.2429791869732245,586797,0.0009117292692362094
primary,2025-11,future_high_download_child_count_3m,descendant_quality,lift,EventValue_time_safe_typed,2.018681268275902,586797,0.0009117292692362094
primary,2025-11,future_high_download_child_count_3m,descendant_quality,lift,No child quality,2.2055962005236704,586797,0.0009117292692362094
primary,2025-11,future_high_download_child_count_3m,descendant_quality,lift,No type weight,2.2055962005236704,586797,0.0009117292692362094
primary,2025-11,future_high_download_child_count_3m,descendant_quality,lift,No parent size,2.2055962005236704,586797,0.0009117292692362094
primary,2025-11,future_high_download_child_count_3m,descendant_quality,lift,No quality teleport,2.0560642547254555,586797,0.0009117292692362094
primary,2025-11,future_high_download_child_count_3m,descendant_quality,lift,No PageRank propagation,2.112138734399786,586797,0.0009117292692362094
primary,2025-11,future_high_download_child_count_3m,descendant_quality,lift,No temporal inheritance,2.2429791869732245,586797,0.0009117292692362094
primary,2025-11,future_high_download_child_count_3m,descendant_quality,lift,No event injection,2.2055962005236704,586797,0.0009117292692362094
primary,2025-11,future_high_download_child_count_3m,descendant_quality,lift,S_D_000,2.2429791869732245,586797,0.0009117292692362094
primary,2025-11,future_high_download_child_count_3m,descendant_quality,lift,S_D_025,2.4485856124457697,586797,0.0009117292692362094
primary,2025-11,future_high_download_child_count_3m,descendant_quality,lift,S_D_050,2.411202625996216,586797,0.0009117292692362094
primary,2025-11,future_high_download_child_count_3m,descendant_quality,lift,S_D_065,2.3551281463218854,586797,0.0009117292692362094
primary,2025-11,future_high_download_child_count_3m,descendant_quality,lift,S_D_075,2.280362173422778,586797,0.0009117292692362094
primary,2025-11,future_high_download_child_count_3m,descendant_quality,lift,S_D_090,2.280362173422778,586797,0.0009117292692362094
primary,2025-11,future_high_download_child_count_3m,descendant_quality,lift,S_D_095,2.280362173422778,586797,0.0009117292692362094
primary,2025-11,future_high_download_child_count_3m,descendant_quality,lift,S_D_099,2.280362173422778,586797,0.0009117292692362094
primary,2025-11,future_high_download_child_count_3m,descendant_quality,lift,S_MEM_01,2.2429791869732245,586797,0.0009117292692362094
primary,2025-11,future_high_download_child_count_3m,descendant_quality,lift,S_MEM_03,2.4485856124457697,586797,0.0009117292692362094
primary,2025-11,future_high_download_child_count_3m,descendant_quality,lift,S_MEM_06,2.5233515853448774,586797,0.0009117292692362094
primary,2025-11,future_high_download_child_count_3m,descendant_quality,lift,S_MEM_12,2.429894119220993,586797,0.0009117292692362094
primary,2025-11,future_high_download_child_count_3m,descendant_quality,lift,S_Q_000,2.112138734399786,586797,0.0009117292692362094
primary,2025-11,future_high_download_child_count_3m,descendant_quality,lift,S_Q_005,2.280362173422778,586797,0.0009117292692362094
primary,2025-11,future_high_download_child_count_3m,descendant_quality,lift,S_Q_015,2.280362173422778,586797,0.0009117292692362094
primary,2025-11,future_high_download_child_count_3m,descendant_quality,lift,S_Q_020,2.280362173422778,586797,0.0009117292692362094
primary,2025-11,future_high_download_child_count_3m,descendant_quality,lift,S_Q_030,2.280362173422778,586797,0.0009117292692362094
primary,2025-11,future_high_download_child_count_3m,descendant_quality,lift,S_Q_040,2.280362173422778,586797,0.0009117292692362094
primary,2025-11,future_high_download_child_count_3m,descendant_quality,lift,S_Q_050,2.280362173422778,586797,0.0009117292692362094
primary,2025-11,future_high_download_child_count_3m,descendant_quality,lift,S_Q_060,2.280362173422778,586797,0.0009117292692362094
primary,2025-11,future_high_download_child_count_3m,descendant_quality,lift,S_Q_070,2.280362173422778,586797,0.0009117292692362094
primary,2025-11,future_high_download_child_count_3m,descendant_quality,lift,S_Q_080,2.280362173422778,586797,0.0009117292692362094
primary,2025-11,future_high_download_child_count_3m,descendant_quality,lift,S_Q_090,2.280362173422778,586797,0.0009117292692362094
primary,2025-11,future_high_download_child_count_3m,descendant_quality,lift,S_Q_100,2.280362173422778,586797,0.0009117292692362094
primary,2025-11,future_high_download_child_count_3m,descendant_quality,lift,S_WD_000,2.4859685988953237,586797,0.0009117292692362094
primary,2025-11,future_high_download_child_count_3m,descendant_quality,lift,S_WD_025,2.429894119220993,586797,0.0009117292692362094
primary,2025-11,future_high_download_child_count_3m,descendant_quality,lift,S_WD_075,2.280362173422778,586797,0.0009117292692362094
primary,2025-11,future_high_download_child_count_3m,descendant_quality,lift,S_WD_100,2.261670680198001,586797,0.0009117292692362094
primary,2025-11,future_high_like_child_count_3m,descendant_quality,lift,S_C3_Q10,5.6030102909789345,586797,0.0017944877018798665
primary,2025-11,future_high_like_child_count_3m,descendant_quality,lift,AllTime DerivCount,5.451064249189676,586797,0.0017944877018798665
primary,2025-11,future_high_like_child_count_3m,descendant_quality,lift,Current DerivCount,3.4662690783174765,586797,0.0017944877018798665
primary,2025-11,future_high_like_child_count_3m,descendant_quality,lift,Vanilla PageRank,5.451064249189676,586797,0.0017944877018798665
primary,2025-11,future_high_like_child_count_3m,descendant_quality,lift,Downloads,3.3997926850346754,586797,0.0017944877018798665
primary,2025-11,future_high_like_child_count_3m,descendant_quality,lift,Likes,5.48905075963699,586797,0.0017944877018798665
primary,2025-11,future_high_like_child_count_3m,descendant_quality,lift,MTPR_time_safe_typed,5.109185655163842,586797,0.0017944877018798665
primary,2025-11,future_high_like_child_count_3m,descendant_quality,lift,Simplified_MTPR_time_safe_typed,4.957239613374583,586797,0.0017944877018798665
primary,2025-11,future_high_like_child_count_3m,descendant_quality,lift,No-Propagation ModelRank,4.957239613374583,586797,0.0017944877018798665
primary,2025-11,future_high_like_child_count_3m,descendant_quality,lift,EventValue_time_safe_typed,3.4662690783174765,586797,0.0017944877018798665
primary,2025-11,future_high_like_child_count_3m,descendant_quality,lift,No child quality,5.109185655163842,586797,0.0017944877018798665
primary,2025-11,future_high_like_child_count_3m,descendant_quality,lift,No type weight,5.109185655163842,586797,0.0017944877018798665
primary,2025-11,future_high_like_child_count_3m,descendant_quality,lift,No parent size,5.109185655163842,586797,0.0017944877018798665
primary,2025-11,future_high_like_child_count_3m,descendant_quality,lift,No quality teleport,5.337104717847731,586797,0.0017944877018798665
primary,2025-11,future_high_like_child_count_3m,descendant_quality,lift,No PageRank propagation,5.033212634269213,586797,0.0017944877018798665
primary,2025-11,future_high_like_child_count_3m,descendant_quality,lift,No temporal inheritance,4.957239613374583,586797,0.0017944877018798665
primary,2025-11,future_high_like_child_count_3m,descendant_quality,lift,No event injection,5.099689027552013,586797,0.0017944877018798665
primary,2025-11,future_high_like_child_count_3m,descendant_quality,lift,S_D_000,4.957239613374583,586797,0.0017944877018798665
primary,2025-11,future_high_like_child_count_3m,descendant_quality,lift,S_D_025,5.574520408143448,586797,0.0017944877018798665
primary,2025-11,future_high_like_child_count_3m,descendant_quality,lift,S_D_050,5.55552715291979,586797,0.0017944877018798665
primary,2025-11,future_high_like_child_count_3m,descendant_quality,lift,S_D_065,5.56502378053162,586797,0.0017944877018798665
primary,2025-11,future_high_like_child_count_3m,descendant_quality,lift,S_D_075,5.593513663367106,586797,0.0017944877018798665
primary,2025-11,future_high_like_child_count_3m,descendant_quality,lift,S_D_090,5.6030102909789345,586797,0.0017944877018798665
primary,2025-11,future_high_like_child_count_3m,descendant_quality,lift,S_D_095,5.6030102909789345,586797,0.0017944877018798665
primary,2025-11,future_high_like_child_count_3m,descendant_quality,lift,S_D_099,5.612506918590763,586797,0.0017944877018798665
primary,2025-11,future_high_like_child_count_3m,descendant_quality,lift,S_MEM_01,4.957239613374583,586797,0.0017944877018798665
primary,2025-11,future_high_like_child_count_3m,descendant_quality,lift,S_MEM_03,5.242138441729444,586797,0.0017944877018798665
primary,2025-11,future_high_like_child_count_3m,descendant_quality,lift,S_MEM_06,5.451064249189676,586797,0.0017944877018798665
primary,2025-11,future_high_like_child_count_3m,descendant_quality,lift,S_MEM_12,5.508044014860648,586797,0.0017944877018798665
primary,2025-11,future_high_like_child_count_3m,descendant_quality,lift,S_Q_000,4.311468935770231,586797,0.0017944877018798665
primary,2025-11,future_high_like_child_count_3m,descendant_quality,lift,S_Q_005,5.6030102909789345,586797,0.0017944877018798665
primary,2025-11,future_high_like_child_count_3m,descendant_quality,lift,S_Q_015,5.6030102909789345,586797,0.0017944877018798665
primary,2025-11,future_high_like_child_count_3m,descendant_quality,lift,S_Q_020,5.6030102909789345,586797,0.0017944877018798665
primary,2025-11,future_high_like_child_count_3m,descendant_quality,lift,S_Q_030,5.6030102909789345,586797,0.0017944877018798665
primary,2025-11,future_high_like_child_count_3m,descendant_quality,lift,S_Q_040,5.6030102909789345,586797,0.0017944877018798665
primary,2025-11,future_high_like_child_count_3m,descendant_quality,lift,S_Q_050,5.6030102909789345,586797,0.0017944877018798665
primary,2025-11,future_high_like_child_count_3m,descendant_quality,lift,S_Q_060,5.6030102909789345,586797,0.0017944877018798665
primary,2025-11,future_high_like_child_count_3m,descendant_quality,lift,S_Q_070,5.6030102909789345,586797,0.0017944877018798665
primary,2025-11,future_high_like_child_count_3m,descendant_quality,lift,S_Q_080,5.6030102909789345,586797,0.0017944877018798665
primary,2025-11,future_high_like_child_count_3m,descendant_quality,lift,S_Q_090,5.6030102909789345,586797,0.0017944877018798665
primary,2025-11,future_high_like_child_count_3m,descendant_quality,lift,S_Q_100,5.584017035755277,586797,0.0017944877018798665
primary,2025-11,future_high_like_child_count_3m,descendant_quality,lift,S_WD_000,5.830929353662824,586797,0.0017944877018798665
primary,2025-11,future_high_like_child_count_3m,descendant_quality,lift,S_WD_025,5.868915864110138,586797,0.0017944877018798665
primary,2025-11,future_high_like_child_count_3m,descendant_quality,lift,S_WD_075,5.508044014860648,586797,0.0017944877018798665
primary,2025-11,future_high_like_child_count_3m,descendant_quality,lift,S_WD_100,5.479554132025161,586797,0.0017944877018798665
primary,2025-11,future_nonzero_like_child_share_3m,descendant_quality,lift,S_C3_Q10,5.996283247551267,586797,0.0008667122470896739
primary,2025-11,future_nonzero_like_child_share_3m,descendant_quality,lift,AllTime DerivCount,5.867338941552774,586797,0.0008667122470896739
primary,2025-11,future_nonzero_like_child_share_3m,descendant_quality,lift,Current DerivCount,3.1299092009637226,586797,0.0008667122470896739
primary,2025-11,future_nonzero_like_child_share_3m,descendant_quality,lift,Vanilla PageRank,5.867338941552774,586797,0.0008667122470896739
primary,2025-11,future_nonzero_like_child_share_3m,descendant_quality,lift,Downloads,3.486142518811913,586797,0.0008667122470896739
primary,2025-11,future_nonzero_like_child_share_3m,descendant_quality,lift,Likes,5.887133913374036,586797,0.0008667122470896739
primary,2025-11,future_nonzero_like_child_share_3m,descendant_quality,lift,MTPR_time_safe_typed,5.349813954969935,586797,0.0008667122470896739
primary,2025-11,future_nonzero_like_child_share_3m,descendant_quality,lift,Simplified_MTPR_time_safe_typed,5.064866232891697,586797,0.0008667122470896739
primary,2025-11,future_nonzero_like_child_share_3m,descendant_quality,lift,No-Propagation ModelRank,5.0648662328916965,586797,0.0008667122470896739
primary,2025-11,future_nonzero_like_child_share_3m,descendant_quality,lift,EventValue_time_safe_typed,3.1299092009637226,586797,0.0008667122470896739
primary,2025-11,future_nonzero_like_child_share_3m,descendant_quality,lift,No child quality,5.349813954969935,586797,0.0008667122470896739
primary,2025-11,future_nonzero_like_child_share_3m,descendant_quality,lift,No type weight,5.349813954969934,586797,0.0008667122470896739
primary,2025-11,future_nonzero_like_child_share_3m,descendant_quality,lift,No parent size,5.349813954969935,586797,0.0008667122470896739
primary,2025-11,future_nonzero_like_child_share_3m,descendant_quality,lift,No quality teleport,5.744002513406395,586797,0.0008667122470896739
primary,2025-11,future_nonzero_like_child_share_3m,descendant_quality,lift,No PageRank propagation,5.250566007959114,586797,0.0008667122470896739
primary,2025-11,future_nonzero_like_child_share_3m,descendant_quality,lift,No temporal inheritance,5.0648662328916965,586797,0.0008667122470896739
primary,2025-11,future_nonzero_like_child_share_3m,descendant_quality,lift,No event injection,5.310489296720365,586797,0.0008667122470896739
primary,2025-11,future_nonzero_like_child_share_3m,descendant_quality,lift,S_D_000,5.0648662328916965,586797,0.0008667122470896739
primary,2025-11,future_nonzero_like_child_share_3m,descendant_quality,lift,S_D_025,5.827280847216803,586797,0.0008667122470896739
primary,2025-11,future_nonzero_like_child_share_3m,descendant_quality,lift,S_D_050,5.920910985906258,586797,0.0008667122470896739
primary,2025-11,future_nonzero_like_child_share_3m,descendant_quality,lift,S_D_065,5.917633931052126,586797,0.0008667122470896739
primary,2025-11,future_nonzero_like_child_share_3m,descendant_quality,lift,S_D_075,5.976620918426482,586797,0.0008667122470896739
primary,2025-11,future_nonzero_like_child_share_3m,descendant_quality,lift,S_D_090,5.9962832475512675,586797,0.0008667122470896739
primary,2025-11,future_nonzero_like_child_share_3m,descendant_quality,lift,S_D_095,6.01594557667605,586797,0.0008667122470896739
primary,2025-11,future_nonzero_like_child_share_3m,descendant_quality,lift,S_D_099,6.015945576676053,586797,0.0008667122470896739
primary,2025-11,future_nonzero_like_child_share_3m,descendant_quality,lift,S_MEM_01,5.0648662328916965,586797,0.0008667122470896739
primary,2025-11,future_nonzero_like_child_share_3m,descendant_quality,lift,S_MEM_03,5.376030393802981,586797,0.0008667122470896739
primary,2025-11,future_nonzero_like_child_share_3m,descendant_quality,lift,S_MEM_06,5.56806580825505,586797,0.0008667122470896739
primary,2025-11,future_nonzero_like_child_share_3m,descendant_quality,lift,S_MEM_12,5.78327468203276,586797,0.0008667122470896739
primary,2025-11,future_nonzero_like_child_share_3m,descendant_quality,lift,S_Q_000,3.8048931266913883,586797,0.0008667122470896739
primary,2025-11,future_nonzero_like_child_share_3m,descendant_quality,lift,S_Q_005,5.996283247551267,586797,0.0008667122470896739
primary,2025-11,future_nonzero_like_child_share_3m,descendant_quality,lift,S_Q_015,5.996283247551267,586797,0.0008667122470896739
primary,2025-11,future_nonzero_like_child_share_3m,descendant_quality,lift,S_Q_020,5.996283247551267,586797,0.0008667122470896739
primary,2025-11,future_nonzero_like_child_share_3m,descendant_quality,lift,S_Q_030,5.996283247551267,586797,0.0008667122470896739
primary,2025-11,future_nonzero_like_child_share_3m,descendant_quality,lift,S_Q_040,5.996283247551267,586797,0.0008667122470896739
primary,2025-11,future_nonzero_like_child_share_3m,descendant_quality,lift,S_Q_050,5.996283247551267,586797,0.0008667122470896739
primary,2025-11,future_nonzero_like_child_share_3m,descendant_quality,lift,S_Q_060,5.996283247551267,586797,0.0008667122470896739
primary,2025-11,future_nonzero_like_child_share_3m,descendant_quality,lift,S_Q_070,5.996283247551265,586797,0.0008667122470896739
primary,2025-11,future_nonzero_like_child_share_3m,descendant_quality,lift,S_Q_080,5.996283247551265,586797,0.0008667122470896739
primary,2025-11,future_nonzero_like_child_share_3m,descendant_quality,lift,S_Q_090,5.996283247551265,586797,0.0008667122470896739
primary,2025-11,future_nonzero_like_child_share_3m,descendant_quality,lift,S_Q_100,5.9569585893016965,586797,0.0008667122470896739
primary,2025-11,future_nonzero_like_child_share_3m,descendant_quality,lift,S_WD_000,6.187756881171199,586797,0.0008667122470896739
primary,2025-11,future_nonzero_like_child_share_3m,descendant_quality,lift,S_WD_025,6.312284965628173,586797,0.0008667122470896739
primary,2025-11,future_nonzero_like_child_share_3m,descendant_quality,lift,S_WD_075,5.859957765619422,586797,0.0008667122470896739
primary,2025-11,future_nonzero_like_child_share_3m,descendant_quality,lift,S_WD_100,5.854339957298056,586797,0.0008667122470896739
primary,2025-11,future_nonzero_download_child_share_3m,descendant_quality,lift,S_C3_Q10,5.2955780564496955,586797,0.00327894133123827
primary,2025-11,future_nonzero_download_child_share_3m,descendant_quality,lift,AllTime DerivCount,5.003470206217495,586797,0.00327894133123827
primary,2025-11,future_nonzero_download_child_share_3m,descendant_quality,lift,Current DerivCount,2.4372556040945588,586797,0.00327894133123827
primary,2025-11,future_nonzero_download_child_share_3m,descendant_quality,lift,Vanilla PageRank,5.003470206217494,586797,0.00327894133123827
primary,2025-11,future_nonzero_download_child_share_3m,descendant_quality,lift,Downloads,3.5878036178743624,586797,0.00327894133123827
primary,2025-11,future_nonzero_download_child_share_3m,descendant_quality,lift,Likes,4.833675492629955,586797,0.00327894133123827
primary,2025-11,future_nonzero_download_child_share_3m,descendant_quality,lift,MTPR_time_safe_typed,4.800804101832244,586797,0.00327894133123827
primary,2025-11,future_nonzero_download_child_share_3m,descendant_quality,lift,Simplified_MTPR_time_safe_typed,4.680124047971682,586797,0.00327894133123827
primary,2025-11,future_nonzero_download_child_share_3m,descendant_quality,lift,No-Propagation ModelRank,4.69744831998229,586797,0.00327894133123827
primary,2025-11,future_nonzero_download_child_share_3m,descendant_quality,lift,EventValue_time_safe_typed,2.4372556040945588,586797,0.00327894133123827
primary,2025-11,future_nonzero_download_child_share_3m,descendant_quality,lift,No child quality,4.837185073054522,586797,0.00327894133123827
primary,2025-11,future_nonzero_download_child_share_3m,descendant_quality,lift,No type weight,4.821593228244975,586797,0.00327894133123827
primary,2025-11,future_nonzero_download_child_share_3m,descendant_quality,lift,No parent size,4.765982315090922,586797,0.00327894133123827
primary,2025-11,future_nonzero_download_child_share_3m,descendant_quality,lift,No quality teleport,4.830896832984548,586797,0.00327894133123827
primary,2025-11,future_nonzero_download_child_share_3m,descendant_quality,lift,No PageRank propagation,4.6864639065622296,586797,0.00327894133123827
primary,2025-11,future_nonzero_download_child_share_3m,descendant_quality,lift,No temporal inheritance,4.692251038379108,586797,0.00327894133123827
primary,2025-11,future_nonzero_download_child_share_3m,descendant_quality,lift,No event injection,4.7659823150909215,586797,0.00327894133123827
primary,2025-11,future_nonzero_download_child_share_3m,descendant_quality,lift,S_D_000,4.69744831998229,586797,0.00327894133123827
primary,2025-11,future_nonzero_download_child_share_3m,descendant_quality,lift,S_D_025,5.237232383213969,586797,0.00327894133123827
primary,2025-11,future_nonzero_download_child_share_3m,descendant_quality,lift,S_D_050,5.303807085654736,586797,0.00327894133123827
primary,2025-11,future_nonzero_download_child_share_3m,descendant_quality,lift,S_D_065,5.281285532040945,586797,0.00327894133123827
primary,2025-11,future_nonzero_download_child_share_3m,descendant_quality,lift,S_D_075,5.276088250437763,586797,0.00327894133123827
primary,2025-11,future_nonzero_download_child_share_3m,descendant_quality,lift,S_D_090,5.285183493243332,586797,0.00327894133123827
primary,2025-11,future_nonzero_download_child_share_3m,descendant_quality,lift,S_D_095,5.295578056449696,586797,0.00327894133123827
primary,2025-11,future_nonzero_download_child_share_3m,descendant_quality,lift,S_D_099,5.290380774846514,586797,0.00327894133123827
primary,2025-11,future_nonzero_download_child_share_3m,descendant_quality,lift,S_MEM_01,4.69744831998229,586797,0.00327894133123827
primary,2025-11,future_nonzero_download_child_share_3m,descendant_quality,lift,S_MEM_03,5.037540278857207,586797,0.00327894133123827
primary,2025-11,future_nonzero_download_child_share_3m,descendant_quality,lift,S_MEM_06,5.205152610559843,586797,0.00327894133123827
primary,2025-11,future_nonzero_download_child_share_3m,descendant_quality,lift,S_MEM_12,5.276521357238027,586797,0.00327894133123827
primary,2025-11,future_nonzero_download_child_share_3m,descendant_quality,lift,S_Q_000,2.6919224026505013,586797,0.00327894133123827
primary,2025-11,future_nonzero_download_child_share_3m,descendant_quality,lift,S_Q_005,5.2955780564496955,586797,0.00327894133123827
primary,2025-11,future_nonzero_download_child_share_3m,descendant_quality,lift,S_Q_015,5.2955780564496955,586797,0.00327894133123827
primary,2025-11,future_nonzero_download_child_share_3m,descendant_quality,lift,S_Q_020,5.2955780564496955,586797,0.00327894133123827
primary,2025-11,future_nonzero_download_child_share_3m,descendant_quality,lift,S_Q_030,5.2955780564496955,586797,0.00327894133123827
primary,2025-11,future_nonzero_download_child_share_3m,descendant_quality,lift,S_Q_040,5.2955780564496955,586797,0.00327894133123827
primary,2025-11,future_nonzero_download_child_share_3m,descendant_quality,lift,S_Q_050,5.2955780564496955,586797,0.00327894133123827
primary,2025-11,future_nonzero_download_child_share_3m,descendant_quality,lift,S_Q_060,5.295578056449696,586797,0.00327894133123827
primary,2025-11,future_nonzero_download_child_share_3m,descendant_quality,lift,S_Q_070,5.2955780564496955,586797,0.00327894133123827
primary,2025-11,future_nonzero_download_child_share_3m,descendant_quality,lift,S_Q_080,5.295578056449696,586797,0.00327894133123827
primary,2025-11,future_nonzero_download_child_share_3m,descendant_quality,lift,S_Q_090,5.2955780564496955,586797,0.00327894133123827
primary,2025-11,future_nonzero_download_child_share_3m,descendant_quality,lift,S_Q_100,5.274788930036967,586797,0.00327894133123827
primary,2025-11,future_nonzero_download_child_share_3m,descendant_quality,lift,S_WD_000,5.233260175131536,586797,0.00327894133123827
primary,2025-11,future_nonzero_download_child_share_3m,descendant_quality,lift,S_WD_025,5.5733232602197695,586797,0.00327894133123827
primary,2025-11,future_nonzero_download_child_share_3m,descendant_quality,lift,S_WD_075,5.114366171218733,586797,0.00327894133123827
primary,2025-11,future_nonzero_download_child_share_3m,descendant_quality,lift,S_WD_100,5.01227671115622,586797,0.00327894133123827
primary,2025-11,future_child_download_quality_mean_3m,descendant_quality,lift,S_C3_Q10,4.819295589062545,586797,0.011678011071621653
primary,2025-11,future_child_download_quality_mean_3m,descendant_quality,lift,AllTime DerivCount,4.50488236569047,586797,0.011678011071621653
primary,2025-11,future_child_download_quality_mean_3m,descendant_quality,lift,Current DerivCount,2.4074131742781266,586797,0.011678011071621653
primary,2025-11,future_child_download_quality_mean_3m,descendant_quality,lift,Vanilla PageRank,4.50488236569047,586797,0.011678011071621653
primary,2025-11,future_child_download_quality_mean_3m,descendant_quality,lift,Downloads,3.345392434431582,586797,0.011678011071621653
primary,2025-11,future_child_download_quality_mean_3m,descendant_quality,lift,Likes,4.515969932628588,586797,0.011678011071621653
primary,2025-11,future_child_download_quality_mean_3m,descendant_quality,lift,MTPR_time_safe_typed,4.481610409264938,586797,0.011678011071621653
primary,2025-11,future_child_download_quality_mean_3m,descendant_quality,lift,Simplified_MTPR_time_safe_typed,4.371791799038364,586797,0.011678011071621653
primary,2025-11,future_child_download_quality_mean_3m,descendant_quality,lift,No-Propagation ModelRank,4.39070714450006,586797,0.011678011071621653
primary,2025-11,future_child_download_quality_mean_3m,descendant_quality,lift,EventValue_time_safe_typed,2.4074131742781266,586797,0.011678011071621653
primary,2025-11,future_child_download_quality_mean_3m,descendant_quality,lift,No child quality,4.492438582182628,586797,0.011678011071621653
primary,2025-11,future_child_download_quality_mean_3m,descendant_quality,lift,No type weight,4.485179814928121,586797,0.011678011071621653
primary,2025-11,future_child_download_quality_mean_3m,descendant_quality,lift,No parent size,4.453560780292972,586797,0.011678011071621653
primary,2025-11,future_child_download_quality_mean_3m,descendant_quality,lift,No quality teleport,4.381444862459977,586797,0.011678011071621653
primary,2025-11,future_child_download_quality_mean_3m,descendant_quality,lift,No PageRank propagation,4.370298066023912,586797,0.011678011071621653
primary,2025-11,future_child_download_quality_mean_3m,descendant_quality,lift,No temporal inheritance,4.386264309431033,586797,0.011678011071621653
primary,2025-11,future_child_download_quality_mean_3m,descendant_quality,lift,No event injection,4.45356078029297,586797,0.011678011071621653
primary,2025-11,future_child_download_quality_mean_3m,descendant_quality,lift,S_D_000,4.39070714450006,586797,0.011678011071621653
primary,2025-11,future_child_download_quality_mean_3m,descendant_quality,lift,S_D_025,4.777729149502605,586797,0.011678011071621653
primary,2025-11,future_child_download_quality_mean_3m,descendant_quality,lift,S_D_050,4.838665588862027,586797,0.011678011071621653
primary,2025-11,future_child_download_quality_mean_3m,descendant_quality,lift,S_D_065,4.818323429806487,586797,0.011678011071621653
primary,2025-11,future_child_download_quality_mean_3m,descendant_quality,lift,S_D_075,4.808253622034239,586797,0.011678011071621653
primary,2025-11,future_child_download_quality_mean_3m,descendant_quality,lift,S_D_090,4.809529727365593,586797,0.011678011071621653
primary,2025-11,future_child_download_quality_mean_3m,descendant_quality,lift,S_D_095,4.814684486413183,586797,0.011678011071621653
primary,2025-11,future_child_download_quality_mean_3m,descendant_quality,lift,S_D_099,4.814135311604473,586797,0.011678011071621653
primary,2025-11,future_child_download_quality_mean_3m,descendant_quality,lift,S_MEM_01,4.39070714450006,586797,0.011678011071621653
primary,2025-11,future_child_download_quality_mean_3m,descendant_quality,lift,S_MEM_03,4.680049700511345,586797,0.011678011071621653
primary,2025-11,future_child_download_quality_mean_3m,descendant_quality,lift,S_MEM_06,4.800612170867866,586797,0.011678011071621653
primary,2025-11,future_child_download_quality_mean_3m,descendant_quality,lift,S_MEM_12,4.832723691003946,586797,0.011678011071621653
primary,2025-11,future_child_download_quality_mean_3m,descendant_quality,lift,S_Q_000,2.6374602249227515,586797,0.011678011071621653
primary,2025-11,future_child_download_quality_mean_3m,descendant_quality,lift,S_Q_005,4.819295589062545,586797,0.011678011071621653
primary,2025-11,future_child_download_quality_mean_3m,descendant_quality,lift,S_Q_015,4.819295589062545,586797,0.011678011071621653
primary,2025-11,future_child_download_quality_mean_3m,descendant_quality,lift,S_Q_020,4.819295589062546,586797,0.011678011071621653
primary,2025-11,future_child_download_quality_mean_3m,descendant_quality,lift,S_Q_030,4.819295589062546,586797,0.011678011071621653
primary,2025-11,future_child_download_quality_mean_3m,descendant_quality,lift,S_Q_040,4.819295589062546,586797,0.011678011071621653
primary,2025-11,future_child_download_quality_mean_3m,descendant_quality,lift,S_Q_050,4.819295589062546,586797,0.011678011071621653
primary,2025-11,future_child_download_quality_mean_3m,descendant_quality,lift,S_Q_060,4.819295589062545,586797,0.011678011071621653
primary,2025-11,future_child_download_quality_mean_3m,descendant_quality,lift,S_Q_070,4.819295589062545,586797,0.011678011071621653
primary,2025-11,future_child_download_quality_mean_3m,descendant_quality,lift,S_Q_080,4.819295589062546,586797,0.011678011071621653
primary,2025-11,future_child_download_quality_mean_3m,descendant_quality,lift,S_Q_090,4.819295589062546,586797,0.011678011071621653
primary,2025-11,future_child_download_quality_mean_3m,descendant_quality,lift,S_Q_100,4.8052517316293955,586797,0.011678011071621653
primary,2025-11,future_child_download_quality_mean_3m,descendant_quality,lift,S_WD_000,4.876672267940257,586797,0.011678011071621653
primary,2025-11,future_child_download_quality_mean_3m,descendant_quality,lift,S_WD_025,5.1302998487484945,586797,0.011678011071621653
primary,2025-11,future_child_download_quality_mean_3m,descendant_quality,lift,S_WD_075,4.651850973544234,586797,0.011678011071621653
primary,2025-11,future_child_download_quality_mean_3m,descendant_quality,lift,S_WD_100,4.562066033136782,586797,0.011678011071621653
primary,2025-11,future_child_download_quality_median_3m,descendant_quality,lift,S_C3_Q10,4.821566159228973,586797,0.011656172446913858
primary,2025-11,future_child_download_quality_median_3m,descendant_quality,lift,AllTime DerivCount,4.502255006417323,586797,0.011656172446913858
primary,2025-11,future_child_download_quality_median_3m,descendant_quality,lift,Current DerivCount,2.404590533666269,586797,0.011656172446913858
primary,2025-11,future_child_download_quality_median_3m,descendant_quality,lift,Vanilla PageRank,4.502255006417323,586797,0.011656172446913858
primary,2025-11,future_child_download_quality_median_3m,descendant_quality,lift,Downloads,3.3475831841534123,586797,0.011656172446913858
primary,2025-11,future_child_download_quality_median_3m,descendant_quality,lift,Likes,4.511720525555769,586797,0.011656172446913858
primary,2025-11,future_child_download_quality_median_3m,descendant_quality,lift,MTPR_time_safe_typed,4.479639199898378,586797,0.011656172446913858
primary,2025-11,future_child_download_quality_median_3m,descendant_quality,lift,Simplified_MTPR_time_safe_typed,4.3701858916829055,586797,0.011656172446913858
primary,2025-11,future_child_download_quality_median_3m,descendant_quality,lift,No-Propagation ModelRank,4.386989102709326,586797,0.011656172446913858
primary,2025-11,future_child_download_quality_median_3m,descendant_quality,lift,EventValue_time_safe_typed,2.404590533666269,586797,0.011656172446913858
primary,2025-11,future_child_download_quality_median_3m,descendant_quality,lift,No child quality,4.490487660127851,586797,0.011656172446913858
primary,2025-11,future_child_download_quality_median_3m,descendant_quality,lift,No type weight,4.48321529308365,586797,0.011656172446913858
primary,2025-11,future_child_download_quality_median_3m,descendant_quality,lift,No parent size,4.451500347267954,586797,0.011656172446913858
primary,2025-11,future_child_download_quality_median_3m,descendant_quality,lift,No quality teleport,4.380617266365148,586797,0.011656172446913858
primary,2025-11,future_child_download_quality_median_3m,descendant_quality,lift,No PageRank propagation,4.371080324321675,586797,0.011656172446913858
primary,2025-11,future_child_download_quality_median_3m,descendant_quality,lift,No temporal inheritance,4.38253794368935,586797,0.011656172446913858
primary,2025-11,future_child_download_quality_median_3m,descendant_quality,lift,No event injection,4.451500347267954,586797,0.011656172446913858
primary,2025-11,future_child_download_quality_median_3m,descendant_quality,lift,S_D_000,4.386989102709326,586797,0.011656172446913858
primary,2025-11,future_child_download_quality_median_3m,descendant_quality,lift,S_D_025,4.776665658871078,586797,0.011656172446913858
primary,2025-11,future_child_download_quality_median_3m,descendant_quality,lift,S_D_050,4.838017500665661,586797,0.011656172446913858
primary,2025-11,future_child_download_quality_median_3m,descendant_quality,lift,S_D_065,4.819841926124655,586797,0.011656172446913858
primary,2025-11,future_child_download_quality_median_3m,descendant_quality,lift,S_D_075,4.8096310660743065,586797,0.011656172446913858
primary,2025-11,future_child_download_quality_median_3m,descendant_quality,lift,S_D_090,4.81178200053191,586797,0.011656172446913858
primary,2025-11,future_child_download_quality_median_3m,descendant_quality,lift,S_D_095,4.816946417368009,586797,0.011656172446913858
primary,2025-11,future_child_download_quality_median_3m,descendant_quality,lift,S_D_099,4.816396213643282,586797,0.011656172446913858
primary,2025-11,future_child_download_quality_median_3m,descendant_quality,lift,S_MEM_01,4.386989102709327,586797,0.011656172446913858
primary,2025-11,future_child_download_quality_median_3m,descendant_quality,lift,S_MEM_03,4.679942445356707,586797,0.011656172446913858
primary,2025-11,future_child_download_quality_median_3m,descendant_quality,lift,S_MEM_06,4.801236874845935,586797,0.011656172446913858
primary,2025-11,future_child_download_quality_median_3m,descendant_quality,lift,S_MEM_12,4.832675220016395,586797,0.011656172446913858
primary,2025-11,future_child_download_quality_median_3m,descendant_quality,lift,S_Q_000,2.6331120074224414,586797,0.011656172446913858
primary,2025-11,future_child_download_quality_median_3m,descendant_quality,lift,S_Q_005,4.821566159228975,586797,0.011656172446913858
primary,2025-11,future_child_download_quality_median_3m,descendant_quality,lift,S_Q_015,4.821566159228973,586797,0.011656172446913858
primary,2025-11,future_child_download_quality_median_3m,descendant_quality,lift,S_Q_020,4.821566159228973,586797,0.011656172446913858
primary,2025-11,future_child_download_quality_median_3m,descendant_quality,lift,S_Q_030,4.821566159228973,586797,0.011656172446913858
primary,2025-11,future_child_download_quality_median_3m,descendant_quality,lift,S_Q_040,4.821566159228973,586797,0.011656172446913858
primary,2025-11,future_child_download_quality_median_3m,descendant_quality,lift,S_Q_050,4.821566159228973,586797,0.011656172446913858
primary,2025-11,future_child_download_quality_median_3m,descendant_quality,lift,S_Q_060,4.821566159228973,586797,0.011656172446913858
primary,2025-11,future_child_download_quality_median_3m,descendant_quality,lift,S_Q_070,4.821566159228973,586797,0.011656172446913858
primary,2025-11,future_child_download_quality_median_3m,descendant_quality,lift,S_Q_080,4.821566159228973,586797,0.011656172446913858
primary,2025-11,future_child_download_quality_median_3m,descendant_quality,lift,S_Q_090,4.821566159228973,586797,0.011656172446913858
primary,2025-11,future_child_download_quality_median_3m,descendant_quality,lift,S_Q_100,4.807495989682365,586797,0.011656172446913858
primary,2025-11,future_child_download_quality_median_3m,descendant_quality,lift,S_WD_000,4.874828484616481,586797,0.011656172446913858
primary,2025-11,future_child_download_quality_median_3m,descendant_quality,lift,S_WD_025,5.1283928289905765,586797,0.011656172446913858
primary,2025-11,future_child_download_quality_median_3m,descendant_quality,lift,S_WD_075,4.654194416536514,586797,0.011656172446913858
primary,2025-11,future_child_download_quality_median_3m,descendant_quality,lift,S_WD_100,4.5646477565430565,586797,0.011656172446913858
primary,2025-11,future_child_like_quality_mean_3m,descendant_quality,lift,S_C3_Q10,6.2687630694099346,586797,0.000907165092117074
primary,2025-11,future_child_like_quality_mean_3m,descendant_quality,lift,AllTime DerivCount,6.12559993288589,586797,0.000907165092117074
primary,2025-11,future_child_like_quality_mean_3m,descendant_quality,lift,Current DerivCount,3.311243829543668,586797,0.000907165092117074
primary,2025-11,future_child_like_quality_mean_3m,descendant_quality,lift,Vanilla PageRank,6.1255999328858906,586797,0.000907165092117074
primary,2025-11,future_child_like_quality_mean_3m,descendant_quality,lift,Downloads,3.681383922671948,586797,0.000907165092117074
primary,2025-11,future_child_like_quality_mean_3m,descendant_quality,lift,Likes,6.139710681996469,586797,0.000907165092117074
primary,2025-11,future_child_like_quality_mean_3m,descendant_quality,lift,MTPR_time_safe_typed,5.628101574084955,586797,0.000907165092117074
primary,2025-11,future_child_like_quality_mean_3m,descendant_quality,lift,Simplified_MTPR_time_safe_typed,5.33590077317909,586797,0.000907165092117074
primary,2025-11,future_child_like_quality_mean_3m,descendant_quality,lift,No-Propagation ModelRank,5.348921913700329,586797,0.000907165092117074
primary,2025-11,future_child_like_quality_mean_3m,descendant_quality,lift,EventValue_time_safe_typed,3.311243829543668,586797,0.000907165092117074
primary,2025-11,future_child_like_quality_mean_3m,descendant_quality,lift,No child quality,5.628101574084955,586797,0.000907165092117074
primary,2025-11,future_child_like_quality_mean_3m,descendant_quality,lift,No type weight,5.628101574084955,586797,0.000907165092117074
primary,2025-11,future_child_like_quality_mean_3m,descendant_quality,lift,No parent size,5.628101574084955,586797,0.000907165092117074
primary,2025-11,future_child_like_quality_mean_3m,descendant_quality,lift,No quality teleport,5.987201940173495,586797,0.000907165092117074
primary,2025-11,future_child_like_quality_mean_3m,descendant_quality,lift,No PageRank propagation,5.514885391344657,586797,0.000907165092117074
primary,2025-11,future_child_like_quality_mean_3m,descendant_quality,lift,No temporal inheritance,5.348921913700329,586797,0.000907165092117074
primary,2025-11,future_child_like_quality_mean_3m,descendant_quality,lift,No event injection,5.594442414120924,586797,0.000907165092117074
primary,2025-11,future_child_like_quality_mean_3m,descendant_quality,lift,S_D_000,5.348921913700329,586797,0.000907165092117074
primary,2025-11,future_child_like_quality_mean_3m,descendant_quality,lift,S_D_025,6.065336599878805,586797,0.000907165092117074
primary,2025-11,future_child_like_quality_mean_3m,descendant_quality,lift,S_D_050,6.1944559904125445,586797,0.000907165092117074
primary,2025-11,future_child_like_quality_mean_3m,descendant_quality,lift,S_D_065,6.216678507324968,586797,0.000907165092117074
primary,2025-11,future_child_like_quality_mean_3m,descendant_quality,lift,S_D_075,6.2557419288886935,586797,0.000907165092117074
primary,2025-11,future_child_like_quality_mean_3m,descendant_quality,lift,S_D_090,6.2687630694099346,586797,0.000907165092117074
primary,2025-11,future_child_like_quality_mean_3m,descendant_quality,lift,S_D_095,6.2817842099311765,586797,0.000907165092117074
primary,2025-11,future_child_like_quality_mean_3m,descendant_quality,lift,S_D_099,6.268763069409934,586797,0.000907165092117074
primary,2025-11,future_child_like_quality_mean_3m,descendant_quality,lift,S_MEM_01,5.348921913700329,586797,0.000907165092117074
primary,2025-11,future_child_like_quality_mean_3m,descendant_quality,lift,S_MEM_03,5.647023315091949,586797,0.000907165092117074
primary,2025-11,future_child_like_quality_mean_3m,descendant_quality,lift,S_MEM_06,5.880512780716011,586797,0.000907165092117074
primary,2025-11,future_child_like_quality_mean_3m,descendant_quality,lift,S_MEM_12,6.101601343538837,586797,0.000907165092117074
primary,2025-11,future_child_like_quality_mean_3m,descendant_quality,lift,S_Q_000,4.086520889125613,586797,0.000907165092117074
primary,2025-11,future_child_like_quality_mean_3m,descendant_quality,lift,S_Q_005,6.2687630694099346,586797,0.000907165092117074
primary,2025-11,future_child_like_quality_mean_3m,descendant_quality,lift,S_Q_015,6.2687630694099346,586797,0.000907165092117074
primary,2025-11,future_child_like_quality_mean_3m,descendant_quality,lift,S_Q_020,6.2687630694099346,586797,0.000907165092117074
primary,2025-11,future_child_like_quality_mean_3m,descendant_quality,lift,S_Q_030,6.2687630694099346,586797,0.000907165092117074
primary,2025-11,future_child_like_quality_mean_3m,descendant_quality,lift,S_Q_040,6.2687630694099346,586797,0.000907165092117074
primary,2025-11,future_child_like_quality_mean_3m,descendant_quality,lift,S_Q_050,6.2687630694099346,586797,0.000907165092117074
primary,2025-11,future_child_like_quality_mean_3m,descendant_quality,lift,S_Q_060,6.2687630694099346,586797,0.000907165092117074
primary,2025-11,future_child_like_quality_mean_3m,descendant_quality,lift,S_Q_070,6.2687630694099346,586797,0.000907165092117074
primary,2025-11,future_child_like_quality_mean_3m,descendant_quality,lift,S_Q_080,6.2687630694099346,586797,0.000907165092117074
primary,2025-11,future_child_like_quality_mean_3m,descendant_quality,lift,S_Q_090,6.268763069409935,586797,0.000907165092117074
primary,2025-11,future_child_like_quality_mean_3m,descendant_quality,lift,S_Q_100,6.235103909445904,586797,0.000907165092117074
primary,2025-11,future_child_like_quality_mean_3m,descendant_quality,lift,S_WD_000,6.444014091103384,586797,0.000907165092117074
primary,2025-11,future_child_like_quality_mean_3m,descendant_quality,lift,S_WD_025,6.520753145116566,586797,0.000907165092117074
primary,2025-11,future_child_like_quality_mean_3m,descendant_quality,lift,S_WD_075,6.124258428743784,586797,0.000907165092117074
primary,2025-11,future_child_like_quality_mean_3m,descendant_quality,lift,S_WD_100,6.116904376348676,586797,0.000907165092117074
primary,2025-11,future_child_like_quality_median_3m,descendant_quality,lift,S_C3_Q10,6.4066406287335305,586797,0.0008703690337297854
primary,2025-11,future_child_like_quality_median_3m,descendant_quality,lift,AllTime DerivCount,6.261832383280539,586797,0.0008703690337297854
primary,2025-11,future_child_like_quality_median_3m,descendant_quality,lift,Current DerivCount,3.3324781240118284,586797,0.0008703690337297854
primary,2025-11,future_child_like_quality_median_3m,descendant_quality,lift,Vanilla PageRank,6.261832383280539,586797,0.0008703690337297854
primary,2025-11,future_child_like_quality_median_3m,descendant_quality,lift,Downloads,3.757523719165886,586797,0.0008703690337297854
primary,2025-11,future_child_like_quality_median_3m,descendant_quality,lift,Likes,6.261940712082821,586797,0.0008703690337297854
primary,2025-11,future_child_like_quality_median_3m,descendant_quality,lift,MTPR_time_safe_typed,5.726389916656027,586797,0.0008703690337297854
primary,2025-11,future_child_like_quality_median_3m,descendant_quality,lift,Simplified_MTPR_time_safe_typed,5.4254946713117915,586797,0.0008703690337297854
primary,2025-11,future_child_like_quality_median_3m,descendant_quality,lift,No-Propagation ModelRank,5.439066298613147,586797,0.0008703690337297854
primary,2025-11,future_child_like_quality_median_3m,descendant_quality,lift,EventValue_time_safe_typed,3.3324781240118284,586797,0.0008703690337297854
primary,2025-11,future_child_like_quality_median_3m,descendant_quality,lift,No child quality,5.726389916656027,586797,0.0008703690337297854
primary,2025-11,future_child_like_quality_median_3m,descendant_quality,lift,No type weight,5.726389916656028,586797,0.0008703690337297854
primary,2025-11,future_child_like_quality_median_3m,descendant_quality,lift,No parent size,5.726389916656024,586797,0.0008703690337297854
primary,2025-11,future_child_like_quality_median_3m,descendant_quality,lift,No quality teleport,6.137381578779581,586797,0.0008703690337297854
primary,2025-11,future_child_like_quality_median_3m,descendant_quality,lift,No PageRank propagation,5.603367980482639,586797,0.0008703690337297854
primary,2025-11,future_child_like_quality_median_3m,descendant_quality,lift,No temporal inheritance,5.439066298613149,586797,0.0008703690337297854
primary,2025-11,future_child_like_quality_median_3m,descendant_quality,lift,No event injection,5.691307769008257,586797,0.0008703690337297854
primary,2025-11,future_child_like_quality_median_3m,descendant_quality,lift,S_D_000,5.439066298613147,586797,0.0008703690337297854
primary,2025-11,future_child_like_quality_median_3m,descendant_quality,lift,S_D_025,6.1986048389886355,586797,0.0008703690337297854
primary,2025-11,future_child_like_quality_median_3m,descendant_quality,lift,S_D_050,6.328659055120873,586797,0.0008703690337297854
primary,2025-11,future_child_like_quality_median_3m,descendant_quality,lift,S_D_065,6.352354119528108,586797,0.0008703690337297854
primary,2025-11,future_child_like_quality_median_3m,descendant_quality,lift,S_D_075,6.393069001432177,586797,0.0008703690337297854
primary,2025-11,future_child_like_quality_median_3m,descendant_quality,lift,S_D_090,6.4066406287335305,586797,0.0008703690337297854
primary,2025-11,future_child_like_quality_median_3m,descendant_quality,lift,S_D_095,6.420212256034885,586797,0.0008703690337297854
primary,2025-11,future_child_like_quality_median_3m,descendant_quality,lift,S_D_099,6.40664062873353,586797,0.0008703690337297854
primary,2025-11,future_child_like_quality_median_3m,descendant_quality,lift,S_MEM_01,5.439066298613147,586797,0.0008703690337297854
primary,2025-11,future_child_like_quality_median_3m,descendant_quality,lift,S_MEM_03,5.756427545649839,586797,0.0008703690337297854
primary,2025-11,future_child_like_quality_median_3m,descendant_quality,lift,S_MEM_06,6.011332207882149,586797,0.0008703690337297854
primary,2025-11,future_child_like_quality_median_3m,descendant_quality,lift,S_MEM_12,6.2342894870787084,586797,0.0008703690337297854
primary,2025-11,future_child_like_quality_median_3m,descendant_quality,lift,S_Q_000,4.150876960878214,586797,0.0008703690337297854
primary,2025-11,future_child_like_quality_median_3m,descendant_quality,lift,S_Q_005,6.4066406287335305,586797,0.0008703690337297854
primary,2025-11,future_child_like_quality_median_3m,descendant_quality,lift,S_Q_015,6.4066406287335305,586797,0.0008703690337297854
primary,2025-11,future_child_like_quality_median_3m,descendant_quality,lift,S_Q_020,6.4066406287335305,586797,0.0008703690337297854
primary,2025-11,future_child_like_quality_median_3m,descendant_quality,lift,S_Q_030,6.4066406287335305,586797,0.0008703690337297854
primary,2025-11,future_child_like_quality_median_3m,descendant_quality,lift,S_Q_040,6.4066406287335305,586797,0.0008703690337297854
primary,2025-11,future_child_like_quality_median_3m,descendant_quality,lift,S_Q_050,6.4066406287335305,586797,0.0008703690337297854
primary,2025-11,future_child_like_quality_median_3m,descendant_quality,lift,S_Q_060,6.4066406287335305,586797,0.0008703690337297854
primary,2025-11,future_child_like_quality_median_3m,descendant_quality,lift,S_Q_070,6.4066406287335305,586797,0.0008703690337297854
primary,2025-11,future_child_like_quality_median_3m,descendant_quality,lift,S_Q_080,6.4066406287335305,586797,0.0008703690337297854
primary,2025-11,future_child_like_quality_median_3m,descendant_quality,lift,S_Q_090,6.4066406287335305,586797,0.0008703690337297854
primary,2025-11,future_child_like_quality_median_3m,descendant_quality,lift,S_Q_100,6.371558481085763,586797,0.0008703690337297854
primary,2025-11,future_child_like_quality_median_3m,descendant_quality,lift,S_WD_000,6.592285370818524,586797,0.0008703690337297854
primary,2025-11,future_child_like_quality_median_3m,descendant_quality,lift,S_WD_025,6.663991339119894,586797,0.0008703690337297854
primary,2025-11,future_child_like_quality_median_3m,descendant_quality,lift,S_WD_075,6.256709857363632,586797,0.0008703690337297854
primary,2025-11,future_child_like_quality_median_3m,descendant_quality,lift,S_WD_100,6.256709857363632,586797,0.0008703690337297854
primary,2025-11,future_child_owner_breadth_3m,adoption_breadth,lift,S_C3_Q10,4.6557341475410565,586797,0.005519796454310434
primary,2025-11,future_child_owner_breadth_3m,adoption_breadth,lift,AllTime DerivCount,4.353173175088123,586797,0.005519796454310434
primary,2025-11,future_child_owner_breadth_3m,adoption_breadth,lift,Current DerivCount,2.2815567208440584,586797,0.005519796454310434
primary,2025-11,future_child_owner_breadth_3m,adoption_breadth,lift,Vanilla PageRank,4.353173175088123,586797,0.005519796454310434
primary,2025-11,future_child_owner_breadth_3m,adoption_breadth,lift,Downloads,3.170715497032271,586797,0.005519796454310434
primary,2025-11,future_child_owner_breadth_3m,adoption_breadth,lift,Likes,4.346998461364594,586797,0.005519796454310434
primary,2025-11,future_child_owner_breadth_3m,adoption_breadth,lift,MTPR_time_safe_typed,4.405658241738122,586797,0.005519796454310434
primary,2025-11,future_child_owner_breadth_3m,adoption_breadth,lift,Simplified_MTPR_time_safe_typed,4.282163967267537,586797,0.005519796454310434
primary,2025-11,future_child_owner_breadth_3m,adoption_breadth,lift,No-Propagation ModelRank,4.300688108438124,586797,0.005519796454310434
primary,2025-11,future_child_owner_breadth_3m,adoption_breadth,lift,EventValue_time_safe_typed,2.2815567208440584,586797,0.005519796454310434
primary,2025-11,future_child_owner_breadth_3m,adoption_breadth,lift,No child quality,4.433444453494003,586797,0.005519796454310434
primary,2025-11,future_child_owner_breadth_3m,adoption_breadth,lift,No type weight,4.424182382908709,586797,0.005519796454310434
primary,2025-11,future_child_owner_breadth_3m,adoption_breadth,lift,No parent size,4.371697316258711,586797,0.005519796454310434
primary,2025-11,future_child_owner_breadth_3m,adoption_breadth,lift,No quality teleport,4.186455904552833,586797,0.005519796454310434
primary,2025-11,future_child_owner_breadth_3m,adoption_breadth,lift,No PageRank propagation,4.319212249608713,586797,0.005519796454310434
primary,2025-11,future_child_owner_breadth_3m,adoption_breadth,lift,No temporal inheritance,4.2945133947145955,586797,0.005519796454310434
primary,2025-11,future_child_owner_breadth_3m,adoption_breadth,lift,No event injection,4.365522602535181,586797,0.005519796454310434
primary,2025-11,future_child_owner_breadth_3m,adoption_breadth,lift,S_D_000,4.300688108438124,586797,0.005519796454310434
primary,2025-11,future_child_owner_breadth_3m,adoption_breadth,lift,S_D_025,4.720568641638113,586797,0.005519796454310434
primary,2025-11,future_child_owner_breadth_3m,adoption_breadth,lift,S_D_050,4.726743355361643,586797,0.005519796454310434
primary,2025-11,future_child_owner_breadth_3m,adoption_breadth,lift,S_D_065,4.70513185732929,586797,0.005519796454310434
primary,2025-11,future_child_owner_breadth_3m,adoption_breadth,lift,S_D_075,4.692782429882231,586797,0.005519796454310434
primary,2025-11,future_child_owner_breadth_3m,adoption_breadth,lift,S_D_090,4.649559433817527,586797,0.005519796454310434
primary,2025-11,future_child_owner_breadth_3m,adoption_breadth,lift,S_D_095,4.6588215044028205,586797,0.005519796454310434
primary,2025-11,future_child_owner_breadth_3m,adoption_breadth,lift,S_D_099,4.6588215044028205,586797,0.005519796454310434
primary,2025-11,future_child_owner_breadth_3m,adoption_breadth,lift,S_MEM_01,4.300688108438124,586797,0.005519796454310434
primary,2025-11,future_child_owner_breadth_3m,adoption_breadth,lift,S_MEM_03,4.572375512273411,586797,0.005519796454310434
primary,2025-11,future_child_owner_breadth_3m,adoption_breadth,lift,S_MEM_06,4.698957143605761,586797,0.005519796454310434
primary,2025-11,future_child_owner_breadth_3m,adoption_breadth,lift,S_MEM_12,4.720568641638113,586797,0.005519796454310434
primary,2025-11,future_child_owner_breadth_3m,adoption_breadth,lift,S_Q_000,2.534719983508758,586797,0.005519796454310434
primary,2025-11,future_child_owner_breadth_3m,adoption_breadth,lift,S_Q_005,4.6557341475410565,586797,0.005519796454310434
primary,2025-11,future_child_owner_breadth_3m,adoption_breadth,lift,S_Q_015,4.6557341475410565,586797,0.005519796454310434
primary,2025-11,future_child_owner_breadth_3m,adoption_breadth,lift,S_Q_020,4.6557341475410565,586797,0.005519796454310434
primary,2025-11,future_child_owner_breadth_3m,adoption_breadth,lift,S_Q_030,4.6557341475410565,586797,0.005519796454310434
primary,2025-11,future_child_owner_breadth_3m,adoption_breadth,lift,S_Q_040,4.6557341475410565,586797,0.005519796454310434
primary,2025-11,future_child_owner_breadth_3m,adoption_breadth,lift,S_Q_050,4.6557341475410565,586797,0.005519796454310434
primary,2025-11,future_child_owner_breadth_3m,adoption_breadth,lift,S_Q_060,4.6557341475410565,586797,0.005519796454310434
primary,2025-11,future_child_owner_breadth_3m,adoption_breadth,lift,S_Q_070,4.6557341475410565,586797,0.005519796454310434
primary,2025-11,future_child_owner_breadth_3m,adoption_breadth,lift,S_Q_080,4.6557341475410565,586797,0.005519796454310434
primary,2025-11,future_child_owner_breadth_3m,adoption_breadth,lift,S_Q_090,4.6557341475410565,586797,0.005519796454310434
primary,2025-11,future_child_owner_breadth_3m,adoption_breadth,lift,S_Q_100,4.631035292646939,586797,0.005519796454310434
primary,2025-11,future_child_owner_breadth_3m,adoption_breadth,lift,S_WD_000,4.680433002435174,586797,0.005519796454310434
primary,2025-11,future_child_owner_breadth_3m,adoption_breadth,lift,S_WD_025,4.945945692546931,586797,0.005519796454310434
primary,2025-11,future_child_owner_breadth_3m,adoption_breadth,lift,S_WD_075,4.535327229932236,586797,0.005519796454310434
primary,2025-11,future_child_owner_breadth_3m,adoption_breadth,lift,S_WD_100,4.4149203123234155,586797,0.005519796454310434
primary,2025-11,future_high_download_child_owner_breadth_3m,adoption_breadth,lift,S_C3_Q10,2.596387754243748,586797,0.0006629209079119355
primary,2025-11,future_high_download_child_owner_breadth_3m,adoption_breadth,lift,AllTime DerivCount,2.4935605164519163,586797,0.0006629209079119355
primary,2025-11,future_high_download_child_owner_breadth_3m,adoption_breadth,lift,Current DerivCount,2.262199231420295,586797,0.0006629209079119355
primary,2025-11,future_high_download_child_owner_breadth_3m,adoption_breadth,lift,Vanilla PageRank,2.4935605164519163,586797,0.0006629209079119355
primary,2025-11,future_high_download_child_owner_breadth_3m,adoption_breadth,lift,Downloads,1.7480630424611372,586797,0.0006629209079119355
primary,2025-11,future_high_download_child_owner_breadth_3m,adoption_breadth,lift,Likes,2.4421468975560003,586797,0.0006629209079119355
primary,2025-11,future_high_download_child_owner_breadth_3m,adoption_breadth,lift,MTPR_time_safe_typed,2.365026469212127,586797,0.0006629209079119355
primary,2025-11,future_high_download_child_owner_breadth_3m,adoption_breadth,lift,Simplified_MTPR_time_safe_typed,2.3136128503162112,586797,0.0006629209079119355
primary,2025-11,future_high_download_child_owner_breadth_3m,adoption_breadth,lift,No-Propagation ModelRank,2.339319659764169,586797,0.0006629209079119355
primary,2025-11,future_high_download_child_owner_breadth_3m,adoption_breadth,lift,EventValue_time_safe_typed,2.262199231420295,586797,0.0006629209079119355
primary,2025-11,future_high_download_child_owner_breadth_3m,adoption_breadth,lift,No child quality,2.365026469212127,586797,0.0006629209079119355
primary,2025-11,future_high_download_child_owner_breadth_3m,adoption_breadth,lift,No type weight,2.365026469212127,586797,0.0006629209079119355
primary,2025-11,future_high_download_child_owner_breadth_3m,adoption_breadth,lift,No parent size,2.365026469212127,586797,0.0006629209079119355
primary,2025-11,future_high_download_child_owner_breadth_3m,adoption_breadth,lift,No quality teleport,2.416440088108043,586797,0.0006629209079119355
primary,2025-11,future_high_download_child_owner_breadth_3m,adoption_breadth,lift,No PageRank propagation,2.262199231420295,586797,0.0006629209079119355
primary,2025-11,future_high_download_child_owner_breadth_3m,adoption_breadth,lift,No temporal inheritance,2.339319659764169,586797,0.0006629209079119355
primary,2025-11,future_high_download_child_owner_breadth_3m,adoption_breadth,lift,No event injection,2.365026469212127,586797,0.0006629209079119355
primary,2025-11,future_high_download_child_owner_breadth_3m,adoption_breadth,lift,S_D_000,2.339319659764169,586797,0.0006629209079119355
primary,2025-11,future_high_download_child_owner_breadth_3m,adoption_breadth,lift,S_D_025,2.544974135347832,586797,0.0006629209079119355
primary,2025-11,future_high_download_child_owner_breadth_3m,adoption_breadth,lift,S_D_050,2.57068094479579,586797,0.0006629209079119355
primary,2025-11,future_high_download_child_owner_breadth_3m,adoption_breadth,lift,S_D_065,2.596387754243748,586797,0.0006629209079119355
primary,2025-11,future_high_download_child_owner_breadth_3m,adoption_breadth,lift,S_D_075,2.596387754243748,586797,0.0006629209079119355
primary,2025-11,future_high_download_child_owner_breadth_3m,adoption_breadth,lift,S_D_090,2.596387754243748,586797,0.0006629209079119355
primary,2025-11,future_high_download_child_owner_breadth_3m,adoption_breadth,lift,S_D_095,2.596387754243748,586797,0.0006629209079119355
primary,2025-11,future_high_download_child_owner_breadth_3m,adoption_breadth,lift,S_D_099,2.596387754243748,586797,0.0006629209079119355
primary,2025-11,future_high_download_child_owner_breadth_3m,adoption_breadth,lift,S_MEM_01,2.339319659764169,586797,0.0006629209079119355
primary,2025-11,future_high_download_child_owner_breadth_3m,adoption_breadth,lift,S_MEM_03,2.57068094479579,586797,0.0006629209079119355
primary,2025-11,future_high_download_child_owner_breadth_3m,adoption_breadth,lift,S_MEM_06,2.6735081825876215,586797,0.0006629209079119355
primary,2025-11,future_high_download_child_owner_breadth_3m,adoption_breadth,lift,S_MEM_12,2.596387754243748,586797,0.0006629209079119355
primary,2025-11,future_high_download_child_owner_breadth_3m,adoption_breadth,lift,S_Q_000,2.365026469212127,586797,0.0006629209079119355
primary,2025-11,future_high_download_child_owner_breadth_3m,adoption_breadth,lift,S_Q_005,2.596387754243748,586797,0.0006629209079119355
primary,2025-11,future_high_download_child_owner_breadth_3m,adoption_breadth,lift,S_Q_015,2.596387754243748,586797,0.0006629209079119355
primary,2025-11,future_high_download_child_owner_breadth_3m,adoption_breadth,lift,S_Q_020,2.596387754243748,586797,0.0006629209079119355
primary,2025-11,future_high_download_child_owner_breadth_3m,adoption_breadth,lift,S_Q_030,2.596387754243748,586797,0.0006629209079119355
primary,2025-11,future_high_download_child_owner_breadth_3m,adoption_breadth,lift,S_Q_040,2.596387754243748,586797,0.0006629209079119355
primary,2025-11,future_high_download_child_owner_breadth_3m,adoption_breadth,lift,S_Q_050,2.596387754243748,586797,0.0006629209079119355
primary,2025-11,future_high_download_child_owner_breadth_3m,adoption_breadth,lift,S_Q_060,2.596387754243748,586797,0.0006629209079119355
primary,2025-11,future_high_download_child_owner_breadth_3m,adoption_breadth,lift,S_Q_070,2.596387754243748,586797,0.0006629209079119355
primary,2025-11,future_high_download_child_owner_breadth_3m,adoption_breadth,lift,S_Q_080,2.596387754243748,586797,0.0006629209079119355
primary,2025-11,future_high_download_child_owner_breadth_3m,adoption_breadth,lift,S_Q_090,2.596387754243748,586797,0.0006629209079119355
primary,2025-11,future_high_download_child_owner_breadth_3m,adoption_breadth,lift,S_Q_100,2.596387754243748,586797,0.0006629209079119355
primary,2025-11,future_high_download_child_owner_breadth_3m,adoption_breadth,lift,S_WD_000,2.7249218014835375,586797,0.0006629209079119355
primary,2025-11,future_high_download_child_owner_breadth_3m,adoption_breadth,lift,S_WD_025,2.6992149920355795,586797,0.0006629209079119355
primary,2025-11,future_high_download_child_owner_breadth_3m,adoption_breadth,lift,S_WD_075,2.5192673258998743,586797,0.0006629209079119355
primary,2025-11,future_high_download_child_owner_breadth_3m,adoption_breadth,lift,S_WD_100,2.4935605164519163,586797,0.0006629209079119355
primary,2025-11,future_high_like_child_owner_breadth_3m,adoption_breadth,lift,S_C3_Q10,5.583195571243638,586797,0.0013002793129480894
primary,2025-11,future_high_like_child_owner_breadth_3m,adoption_breadth,lift,AllTime DerivCount,5.439028549450962,586797,0.0013002793129480894
primary,2025-11,future_high_like_child_owner_breadth_3m,adoption_breadth,lift,Current DerivCount,3.1454622936583876,586797,0.0013002793129480894
primary,2025-11,future_high_like_child_owner_breadth_3m,adoption_breadth,lift,Vanilla PageRank,5.439028549450962,586797,0.0013002793129480894
primary,2025-11,future_high_like_child_owner_breadth_3m,adoption_breadth,lift,Downloads,3.3158415012315503,586797,0.0013002793129480894
primary,2025-11,future_high_like_child_owner_breadth_3m,adoption_breadth,lift,Likes,5.491452921011935,586797,0.0013002793129480894
primary,2025-11,future_high_like_child_owner_breadth_3m,adoption_breadth,lift,MTPR_time_safe_typed,5.07205794852415,586797,0.0013002793129480894
primary,2025-11,future_high_like_child_owner_breadth_3m,adoption_breadth,lift,Simplified_MTPR_time_safe_typed,4.862360462280257,586797,0.0013002793129480894
primary,2025-11,future_high_like_child_owner_breadth_3m,adoption_breadth,lift,No-Propagation ModelRank,4.862360462280257,586797,0.0013002793129480894
primary,2025-11,future_high_like_child_owner_breadth_3m,adoption_breadth,lift,EventValue_time_safe_typed,3.1454622936583876,586797,0.0013002793129480894
primary,2025-11,future_high_like_child_owner_breadth_3m,adoption_breadth,lift,No child quality,5.07205794852415,586797,0.0013002793129480894
primary,2025-11,future_high_like_child_owner_breadth_3m,adoption_breadth,lift,No type weight,5.07205794852415,586797,0.0013002793129480894
primary,2025-11,future_high_like_child_owner_breadth_3m,adoption_breadth,lift,No parent size,5.07205794852415,586797,0.0013002793129480894
primary,2025-11,future_high_like_child_owner_breadth_3m,adoption_breadth,lift,No quality teleport,5.281755434768042,586797,0.0013002793129480894
primary,2025-11,future_high_like_child_owner_breadth_3m,adoption_breadth,lift,No PageRank propagation,4.99342139118269,586797,0.0013002793129480894
primary,2025-11,future_high_like_child_owner_breadth_3m,adoption_breadth,lift,No temporal inheritance,4.862360462280257,586797,0.0013002793129480894
primary,2025-11,future_high_like_child_owner_breadth_3m,adoption_breadth,lift,No event injection,5.058951855633906,586797,0.0013002793129480894
primary,2025-11,future_high_like_child_owner_breadth_3m,adoption_breadth,lift,S_D_000,4.862360462280257,586797,0.0013002793129480894
primary,2025-11,future_high_like_child_owner_breadth_3m,adoption_breadth,lift,S_D_025,5.504559013902178,586797,0.0013002793129480894
primary,2025-11,future_high_like_child_owner_breadth_3m,adoption_breadth,lift,S_D_050,5.530771199682665,586797,0.0013002793129480894
primary,2025-11,future_high_like_child_owner_breadth_3m,adoption_breadth,lift,S_D_065,5.543877292572907,586797,0.0013002793129480894
primary,2025-11,future_high_like_child_owner_breadth_3m,adoption_breadth,lift,S_D_075,5.5700894783533945,586797,0.0013002793129480894
primary,2025-11,future_high_like_child_owner_breadth_3m,adoption_breadth,lift,S_D_090,5.583195571243638,586797,0.0013002793129480894
primary,2025-11,future_high_like_child_owner_breadth_3m,adoption_breadth,lift,S_D_095,5.583195571243638,586797,0.0013002793129480894
primary,2025-11,future_high_like_child_owner_breadth_3m,adoption_breadth,lift,S_D_099,5.596301664133881,586797,0.0013002793129480894
primary,2025-11,future_high_like_child_owner_breadth_3m,adoption_breadth,lift,S_MEM_01,4.862360462280257,586797,0.0013002793129480894
primary,2025-11,future_high_like_child_owner_breadth_3m,adoption_breadth,lift,S_MEM_03,5.1506945058656095,586797,0.0013002793129480894
primary,2025-11,future_high_like_child_owner_breadth_3m,adoption_breadth,lift,S_MEM_06,5.321073713438772,586797,0.0013002793129480894
primary,2025-11,future_high_like_child_owner_breadth_3m,adoption_breadth,lift,S_MEM_12,5.465240735231448,586797,0.0013002793129480894
primary,2025-11,future_high_like_child_owner_breadth_3m,adoption_breadth,lift,S_Q_000,3.905615681292498,586797,0.0013002793129480894
primary,2025-11,future_high_like_child_owner_breadth_3m,adoption_breadth,lift,S_Q_005,5.583195571243638,586797,0.0013002793129480894
primary,2025-11,future_high_like_child_owner_breadth_3m,adoption_breadth,lift,S_Q_015,5.583195571243638,586797,0.0013002793129480894
primary,2025-11,future_high_like_child_owner_breadth_3m,adoption_breadth,lift,S_Q_020,5.583195571243638,586797,0.0013002793129480894
primary,2025-11,future_high_like_child_owner_breadth_3m,adoption_breadth,lift,S_Q_030,5.583195571243638,586797,0.0013002793129480894
primary,2025-11,future_high_like_child_owner_breadth_3m,adoption_breadth,lift,S_Q_040,5.583195571243638,586797,0.0013002793129480894
primary,2025-11,future_high_like_child_owner_breadth_3m,adoption_breadth,lift,S_Q_050,5.583195571243638,586797,0.0013002793129480894
primary,2025-11,future_high_like_child_owner_breadth_3m,adoption_breadth,lift,S_Q_060,5.583195571243638,586797,0.0013002793129480894
primary,2025-11,future_high_like_child_owner_breadth_3m,adoption_breadth,lift,S_Q_070,5.583195571243638,586797,0.0013002793129480894
primary,2025-11,future_high_like_child_owner_breadth_3m,adoption_breadth,lift,S_Q_080,5.583195571243638,586797,0.0013002793129480894
primary,2025-11,future_high_like_child_owner_breadth_3m,adoption_breadth,lift,S_Q_090,5.583195571243638,586797,0.0013002793129480894
primary,2025-11,future_high_like_child_owner_breadth_3m,adoption_breadth,lift,S_Q_100,5.556983385463151,586797,0.0013002793129480894
primary,2025-11,future_high_like_child_owner_breadth_3m,adoption_breadth,lift,S_WD_000,5.7666808717070435,586797,0.0013002793129480894
primary,2025-11,future_high_like_child_owner_breadth_3m,adoption_breadth,lift,S_WD_025,5.83221133615826,586797,0.0013002793129480894
primary,2025-11,future_high_like_child_owner_breadth_3m,adoption_breadth,lift,S_WD_075,5.478346828121691,586797,0.0013002793129480894
primary,2025-11,future_high_like_child_owner_breadth_3m,adoption_breadth,lift,S_WD_100,5.452134642341205,586797,0.0013002793129480894
primary,2025-11,future_cross_owner_reuse_share_3m,adoption_breadth,lift,S_C3_Q10,5.5662034710579595,586797,0.0030647826821142044
primary,2025-11,future_cross_owner_reuse_share_3m,adoption_breadth,lift,AllTime DerivCount,5.1120997720951085,586797,0.0030647826821142044
primary,2025-11,future_cross_owner_reuse_share_3m,adoption_breadth,lift,Current DerivCount,2.2906478814699622,586797,0.0030647826821142044
primary,2025-11,future_cross_owner_reuse_share_3m,adoption_breadth,lift,Vanilla PageRank,5.112099772095109,586797,0.0030647826821142044
primary,2025-11,future_cross_owner_reuse_share_3m,adoption_breadth,lift,Downloads,3.6895594561359246,586797,0.0030647826821142044
primary,2025-11,future_cross_owner_reuse_share_3m,adoption_breadth,lift,Likes,5.32352939519822,586797,0.0030647826821142044
primary,2025-11,future_cross_owner_reuse_share_3m,adoption_breadth,lift,MTPR_time_safe_typed,5.168763440653738,586797,0.0030647826821142044
primary,2025-11,future_cross_owner_reuse_share_3m,adoption_breadth,lift,Simplified_MTPR_time_safe_typed,5.0072455069118496,586797,0.0030647826821142044
primary,2025-11,future_cross_owner_reuse_share_3m,adoption_breadth,lift,No-Propagation ModelRank,5.023926867281913,586797,0.0030647826821142044
primary,2025-11,future_cross_owner_reuse_share_3m,adoption_breadth,lift,EventValue_time_safe_typed,2.2906478814699622,586797,0.0030647826821142044
primary,2025-11,future_cross_owner_reuse_share_3m,adoption_breadth,lift,No child quality,5.196565707937179,586797,0.0030647826821142044
primary,2025-11,future_cross_owner_reuse_share_3m,adoption_breadth,lift,No type weight,5.1910052544804905,586797,0.0030647826821142044
primary,2025-11,future_cross_owner_reuse_share_3m,adoption_breadth,lift,No parent size,5.1409611733702985,586797,0.0030647826821142044
primary,2025-11,future_cross_owner_reuse_share_3m,adoption_breadth,lift,No quality teleport,4.945791664163259,586797,0.0030647826821142044
primary,2025-11,future_cross_owner_reuse_share_3m,adoption_breadth,lift,No PageRank propagation,5.083503154317856,586797,0.0030647826821142044
primary,2025-11,future_cross_owner_reuse_share_3m,adoption_breadth,lift,No temporal inheritance,5.018366413825225,586797,0.0030647826821142044
primary,2025-11,future_cross_owner_reuse_share_3m,adoption_breadth,lift,No event injection,5.13540071991361,586797,0.0030647826821142044
primary,2025-11,future_cross_owner_reuse_share_3m,adoption_breadth,lift,S_D_000,5.023926867281913,586797,0.0030647826821142044
primary,2025-11,future_cross_owner_reuse_share_3m,adoption_breadth,lift,S_D_025,5.55984866710746,586797,0.0030647826821142044
primary,2025-11,future_cross_owner_reuse_share_3m,adoption_breadth,lift,S_D_050,5.596785965069744,586797,0.0030647826821142044
primary,2025-11,future_cross_owner_reuse_share_3m,adoption_breadth,lift,S_D_065,5.5662034710579595,586797,0.0030647826821142044
primary,2025-11,future_cross_owner_reuse_share_3m,adoption_breadth,lift,S_D_075,5.543961657231208,586797,0.0030647826821142044
primary,2025-11,future_cross_owner_reuse_share_3m,adoption_breadth,lift,S_D_090,5.555082564144584,586797,0.0030647826821142044
primary,2025-11,future_cross_owner_reuse_share_3m,adoption_breadth,lift,S_D_095,5.5662034710579595,586797,0.0030647826821142044
primary,2025-11,future_cross_owner_reuse_share_3m,adoption_breadth,lift,S_D_099,5.560643017601271,586797,0.0030647826821142044
primary,2025-11,future_cross_owner_reuse_share_3m,adoption_breadth,lift,S_MEM_01,5.023926867281913,586797,0.0030647826821142044
primary,2025-11,future_cross_owner_reuse_share_3m,adoption_breadth,lift,S_MEM_03,5.355502002574176,586797,0.0030647826821142044
primary,2025-11,future_cross_owner_reuse_share_3m,adoption_breadth,lift,S_MEM_06,5.522315606274816,586797,0.0030647826821142044
primary,2025-11,future_cross_owner_reuse_share_3m,adoption_breadth,lift,S_MEM_12,5.55230233741624,586797,0.0030647826821142044
primary,2025-11,future_cross_owner_reuse_share_3m,adoption_breadth,lift,S_Q_000,2.5037985973096686,586797,0.0030647826821142044
primary,2025-11,future_cross_owner_reuse_share_3m,adoption_breadth,lift,S_Q_005,5.5662034710579595,586797,0.0030647826821142044
primary,2025-11,future_cross_owner_reuse_share_3m,adoption_breadth,lift,S_Q_015,5.5662034710579595,586797,0.0030647826821142044
primary,2025-11,future_cross_owner_reuse_share_3m,adoption_breadth,lift,S_Q_020,5.5662034710579595,586797,0.0030647826821142044
primary,2025-11,future_cross_owner_reuse_share_3m,adoption_breadth,lift,S_Q_030,5.5662034710579595,586797,0.0030647826821142044
primary,2025-11,future_cross_owner_reuse_share_3m,adoption_breadth,lift,S_Q_040,5.5662034710579595,586797,0.0030647826821142044
primary,2025-11,future_cross_owner_reuse_share_3m,adoption_breadth,lift,S_Q_050,5.5662034710579595,586797,0.0030647826821142044
primary,2025-11,future_cross_owner_reuse_share_3m,adoption_breadth,lift,S_Q_060,5.5662034710579595,586797,0.0030647826821142044
primary,2025-11,future_cross_owner_reuse_share_3m,adoption_breadth,lift,S_Q_070,5.5662034710579595,586797,0.0030647826821142044
primary,2025-11,future_cross_owner_reuse_share_3m,adoption_breadth,lift,S_Q_080,5.5662034710579595,586797,0.0030647826821142044
primary,2025-11,future_cross_owner_reuse_share_3m,adoption_breadth,lift,S_Q_090,5.5662034710579595,586797,0.0030647826821142044
primary,2025-11,future_cross_owner_reuse_share_3m,adoption_breadth,lift,S_Q_100,5.549522110687896,586797,0.0030647826821142044
primary,2025-11,future_cross_owner_reuse_share_3m,adoption_breadth,lift,S_WD_000,5.662717056056187,586797,0.0030647826821142044
primary,2025-11,future_cross_owner_reuse_share_3m,adoption_breadth,lift,S_WD_025,5.996344263457466,586797,0.0030647826821142044
primary,2025-11,future_cross_owner_reuse_share_3m,adoption_breadth,lift,S_WD_075,5.331737683634284,586797,0.0030647826821142044
primary,2025-11,future_cross_owner_reuse_share_3m,adoption_breadth,lift,S_WD_100,5.170484533390333,586797,0.0030647826821142044
